2026-07-06 23:20:50,502 [INFO] Starting MagicBricks scrape run
2026-07-06 23:20:56,719 [INFO] Bootstrapping session via Playwright: https://www.magicbricks.com/property-for-rent/residential-real-estate?bedroom=&proptype=Multistorey-Apartment,Builder-Floor-Apartment,Penthouse,Studio-Apartment&cityName=Noida&page=1
2026-07-06 23:21:02,337 [INFO] Page 1: 30 listings parsed so far
2026-07-06 23:21:10,943 [INFO] HTTP Request: GET https://www.magicbricks.com/property-for-rent/residential-real-estate?bedroom=&proptype=Multistorey-Apartment,Builder-Floor-Apartment,Penthouse,Studio-Apartment&cityName=Noida&page=2 "HTTP/1.1 200 OK"
2026-07-06 23:21:11,346 [INFO] Page 2: +30 listings (running total: 60)
2026-07-06 23:21:11,348 [INFO] Scraped 60 total, 0 within 1000m of Skymark One
2026-07-06 23:21:11,353 [INFO] Wrote 0 listings to scraped_listings.jsonl
2026-07-06 23:23:03,352 [INFO] Starting MagicBricks scrape run
2026-07-06 23:23:03,809 [INFO] Bootstrapping session via Playwright: https://www.magicbricks.com/property-for-rent/residential-real-estate?bedroom=&proptype=Multistorey-Apartment,Builder-Floor-Apartment,Penthouse,Studio-Apartment&cityName=Noida&page=1
2026-07-06 23:25:24,820 [INFO] Starting MagicBricks scrape run
2026-07-06 23:25:25,203 [INFO] Bootstrapping session via Playwright: https://www.magicbricks.com/property-for-rent/residential-real-estate?bedroom=&proptype=Multistorey-Apartment,Builder-Floor-Apartment,Penthouse,Studio-Apartment&cityName=Noida&page=1
2026-07-06 23:25:30,192 [INFO] Page 1: 30 listings parsed so far
2026-07-06 23:25:36,912 [INFO] HTTP Request: GET https://www.magicbricks.com/property-for-rent/residential-real-estate?bedroom=&proptype=Multistorey-Apartment,Builder-Floor-Apartment,Penthouse,Studio-Apartment&cityName=Noida&page=2 "HTTP/1.1 200 OK"
2026-07-06 23:25:37,115 [INFO] Page 2: +30 listings (running total: 60)
2026-07-06 23:25:41,669 [INFO] HTTP Request: GET https://www.magicbricks.com/property-for-rent/residential-real-estate?bedroom=&proptype=Multistorey-Apartment,Builder-Floor-Apartment,Penthouse,Studio-Apartment&cityName=Noida&page=3 "HTTP/1.1 200 OK"
2026-07-06 23:25:41,879 [INFO] Page 3: +30 listings (running total: 90)
2026-07-06 23:25:46,177 [INFO] HTTP Request: GET https://www.magicbricks.com/property-for-rent/residential-real-estate?bedroom=&proptype=Multistorey-Apartment,Builder-Floor-Apartment,Penthouse,Studio-Apartment&cityName=Noida&page=4 "HTTP/1.1 200 OK"
2026-07-06 23:25:46,328 [INFO] Page 4: +30 listings (running total: 120)
2026-07-06 23:25:50,199 [INFO] HTTP Request: GET https://www.magicbricks.com/property-for-rent/residential-real-estate?bedroom=&proptype=Multistorey-Apartment,Builder-Floor-Apartment,Penthouse,Studio-Apartment&cityName=Noida&page=5 "HTTP/1.1 200 OK"
2026-07-06 23:25:51,322 [INFO] Page 5: +30 listings (running total: 150)
2026-07-06 23:25:55,516 [INFO] HTTP Request: GET https://www.magicbricks.com/property-for-rent/residential-real-estate?bedroom=&proptype=Multistorey-Apartment,Builder-Floor-Apartment,Penthouse,Studio-Apartment&cityName=Noida&page=6 "HTTP/1.1 200 OK"
2026-07-06 23:25:55,654 [INFO] Page 6: +30 listings (running total: 180)
2026-07-06 23:26:00,714 [INFO] HTTP Request: GET https://www.magicbricks.com/property-for-rent/residential-real-estate?bedroom=&proptype=Multistorey-Apartment,Builder-Floor-Apartment,Penthouse,Studio-Apartment&cityName=Noida&page=7 "HTTP/1.1 200 OK"
2026-07-06 23:26:01,060 [INFO] Page 7: +30 listings (running total: 210)
2026-07-06 23:26:04,621 [INFO] HTTP Request: GET https://www.magicbricks.com/property-for-rent/residential-real-estate?bedroom=&proptype=Multistorey-Apartment,Builder-Floor-Apartment,Penthouse,Studio-Apartment&cityName=Noida&page=8 "HTTP/1.1 200 OK"
2026-07-06 23:26:04,741 [INFO] Page 8: +30 listings (running total: 240)
2026-07-06 23:26:10,850 [INFO] HTTP Request: GET https://www.magicbricks.com/property-for-rent/residential-real-estate?bedroom=&proptype=Multistorey-Apartment,Builder-Floor-Apartment,Penthouse,Studio-Apartment&cityName=Noida&page=9 "HTTP/1.1 200 OK"
2026-07-06 23:26:10,998 [INFO] Page 9: +30 listings (running total: 270)
2026-07-06 23:26:15,284 [INFO] HTTP Request: GET https://www.magicbricks.com/property-for-rent/residential-real-estate?bedroom=&proptype=Multistorey-Apartment,Builder-Floor-Apartment,Penthouse,Studio-Apartment&cityName=Noida&page=10 "HTTP/1.1 200 OK"
2026-07-06 23:26:15,386 [INFO] Page 10: +30 listings (running total: 300)
2026-07-06 23:26:19,184 [INFO] HTTP Request: GET https://www.magicbricks.com/property-for-rent/residential-real-estate?bedroom=&proptype=Multistorey-Apartment,Builder-Floor-Apartment,Penthouse,Studio-Apartment&cityName=Noida&page=11 "HTTP/1.1 200 OK"
2026-07-06 23:26:19,276 [INFO] Page 11: +30 listings (running total: 330)
2026-07-06 23:26:26,511 [INFO] HTTP Request: GET https://www.magicbricks.com/property-for-rent/residential-real-estate?bedroom=&proptype=Multistorey-Apartment,Builder-Floor-Apartment,Penthouse,Studio-Apartment&cityName=Noida&page=12 "HTTP/1.1 200 OK"
2026-07-06 23:26:26,666 [INFO] Page 12: +30 listings (running total: 360)
2026-07-06 23:26:32,595 [INFO] HTTP Request: GET https://www.magicbricks.com/property-for-rent/residential-real-estate?bedroom=&proptype=Multistorey-Apartment,Builder-Floor-Apartment,Penthouse,Studio-Apartment&cityName=Noida&page=13 "HTTP/1.1 200 OK"
2026-07-06 23:26:32,782 [INFO] Page 13: +30 listings (running total: 390)
2026-07-06 23:26:37,315 [INFO] HTTP Request: GET https://www.magicbricks.com/property-for-rent/residential-real-estate?bedroom=&proptype=Multistorey-Apartment,Builder-Floor-Apartment,Penthouse,Studio-Apartment&cityName=Noida&page=14 "HTTP/1.1 200 OK"
2026-07-06 23:26:37,434 [INFO] Page 14: +30 listings (running total: 420)
2026-07-06 23:26:42,366 [INFO] Refreshing session via Playwright (periodic re-validation)...
2026-07-06 23:26:42,804 [INFO] Bootstrapping session via Playwright: https://www.magicbricks.com/property-for-rent/residential-real-estate?bedroom=&proptype=Multistorey-Apartment,Builder-Floor-Apartment,Penthouse,Studio-Apartment&cityName=Noida&page=1
2026-07-06 23:27:00,640 [INFO] HTTP Request: GET https://www.magicbricks.com/property-for-rent/residential-real-estate?bedroom=&proptype=Multistorey-Apartment,Builder-Floor-Apartment,Penthouse,Studio-Apartment&cityName=Noida&page=15 "HTTP/1.1 200 OK"
2026-07-06 23:27:00,767 [INFO] Page 15: +30 listings (running total: 450)
2026-07-06 23:27:06,963 [INFO] HTTP Request: GET https://www.magicbricks.com/property-for-rent/residential-real-estate?bedroom=&proptype=Multistorey-Apartment,Builder-Floor-Apartment,Penthouse,Studio-Apartment&cityName=Noida&page=16 "HTTP/1.1 200 OK"
2026-07-06 23:27:07,086 [INFO] Page 16: +30 listings (running total: 480)
2026-07-06 23:27:11,695 [INFO] HTTP Request: GET https://www.magicbricks.com/property-for-rent/residential-real-estate?bedroom=&proptype=Multistorey-Apartment,Builder-Floor-Apartment,Penthouse,Studio-Apartment&cityName=Noida&page=17 "HTTP/1.1 200 OK"
2026-07-06 23:27:11,789 [INFO] Page 17: +30 listings (running total: 510)
2026-07-06 23:27:17,700 [INFO] HTTP Request: GET https://www.magicbricks.com/property-for-rent/residential-real-estate?bedroom=&proptype=Multistorey-Apartment,Builder-Floor-Apartment,Penthouse,Studio-Apartment&cityName=Noida&page=18 "HTTP/1.1 200 OK"
2026-07-06 23:27:17,811 [INFO] Page 18: +30 listings (running total: 540)
2026-07-06 23:27:23,218 [INFO] HTTP Request: GET https://www.magicbricks.com/property-for-rent/residential-real-estate?bedroom=&proptype=Multistorey-Apartment,Builder-Floor-Apartment,Penthouse,Studio-Apartment&cityName=Noida&page=19 "HTTP/1.1 200 OK"
2026-07-06 23:27:23,543 [INFO] Page 19: +30 listings (running total: 570)
2026-07-06 23:27:27,974 [INFO] HTTP Request: GET https://www.magicbricks.com/property-for-rent/residential-real-estate?bedroom=&proptype=Multistorey-Apartment,Builder-Floor-Apartment,Penthouse,Studio-Apartment&cityName=Noida&page=20 "HTTP/1.1 200 OK"
2026-07-06 23:27:28,055 [INFO] Page 20: +30 listings (running total: 600)
2026-07-06 23:27:31,661 [INFO] HTTP Request: GET https://www.magicbricks.com/property-for-rent/residential-real-estate?bedroom=&proptype=Multistorey-Apartment,Builder-Floor-Apartment,Penthouse,Studio-Apartment&cityName=Noida&page=21 "HTTP/1.1 200 OK"
2026-07-06 23:27:31,758 [INFO] Page 21: +30 listings (running total: 630)
2026-07-06 23:27:35,358 [INFO] HTTP Request: GET https://www.magicbricks.com/property-for-rent/residential-real-estate?bedroom=&proptype=Multistorey-Apartment,Builder-Floor-Apartment,Penthouse,Studio-Apartment&cityName=Noida&page=22 "HTTP/1.1 200 OK"
2026-07-06 23:27:35,445 [INFO] Page 22: +30 listings (running total: 660)
2026-07-06 23:27:38,993 [INFO] HTTP Request: GET https://www.magicbricks.com/property-for-rent/residential-real-estate?bedroom=&proptype=Multistorey-Apartment,Builder-Floor-Apartment,Penthouse,Studio-Apartment&cityName=Noida&page=23 "HTTP/1.1 200 OK"
2026-07-06 23:27:39,106 [INFO] Page 23: +30 listings (running total: 690)
2026-07-06 23:27:44,728 [INFO] HTTP Request: GET https://www.magicbricks.com/property-for-rent/residential-real-estate?bedroom=&proptype=Multistorey-Apartment,Builder-Floor-Apartment,Penthouse,Studio-Apartment&cityName=Noida&page=24 "HTTP/1.1 200 OK"
2026-07-06 23:27:44,820 [INFO] Page 24: +30 listings (running total: 720)
2026-07-06 23:27:48,925 [INFO] HTTP Request: GET https://www.magicbricks.com/property-for-rent/residential-real-estate?bedroom=&proptype=Multistorey-Apartment,Builder-Floor-Apartment,Penthouse,Studio-Apartment&cityName=Noida&page=25 "HTTP/1.1 200 OK"
2026-07-06 23:27:49,071 [INFO] Page 25: +30 listings (running total: 750)
2026-07-06 23:27:55,037 [INFO] HTTP Request: GET https://www.magicbricks.com/property-for-rent/residential-real-estate?bedroom=&proptype=Multistorey-Apartment,Builder-Floor-Apartment,Penthouse,Studio-Apartment&cityName=Noida&page=26 "HTTP/1.1 200 OK"
2026-07-06 23:27:55,140 [INFO] Page 26: +30 listings (running total: 780)
2026-07-06 23:28:00,246 [INFO] HTTP Request: GET https://www.magicbricks.com/property-for-rent/residential-real-estate?bedroom=&proptype=Multistorey-Apartment,Builder-Floor-Apartment,Penthouse,Studio-Apartment&cityName=Noida&page=27 "HTTP/1.1 200 OK"
2026-07-06 23:28:00,324 [INFO] Page 27: +30 listings (running total: 810)
2026-07-06 23:28:04,213 [INFO] HTTP Request: GET https://www.magicbricks.com/property-for-rent/residential-real-estate?bedroom=&proptype=Multistorey-Apartment,Builder-Floor-Apartment,Penthouse,Studio-Apartment&cityName=Noida&page=28 "HTTP/1.1 200 OK"
2026-07-06 23:28:04,297 [INFO] Page 28: +30 listings (running total: 840)
2026-07-06 23:28:07,736 [INFO] HTTP Request: GET https://www.magicbricks.com/property-for-rent/residential-real-estate?bedroom=&proptype=Multistorey-Apartment,Builder-Floor-Apartment,Penthouse,Studio-Apartment&cityName=Noida&page=29 "HTTP/1.1 200 OK"
2026-07-06 23:28:07,833 [INFO] Page 29: +30 listings (running total: 870)
2026-07-06 23:28:10,706 [INFO] Refreshing session via Playwright (periodic re-validation)...
2026-07-06 23:28:11,104 [INFO] Bootstrapping session via Playwright: https://www.magicbricks.com/property-for-rent/residential-real-estate?bedroom=&proptype=Multistorey-Apartment,Builder-Floor-Apartment,Penthouse,Studio-Apartment&cityName=Noida&page=1
2026-07-06 23:28:16,736 [INFO] HTTP Request: GET https://www.magicbricks.com/property-for-rent/residential-real-estate?bedroom=&proptype=Multistorey-Apartment,Builder-Floor-Apartment,Penthouse,Studio-Apartment&cityName=Noida&page=30 "HTTP/1.1 200 OK"
2026-07-06 23:28:16,886 [INFO] Page 30: +30 listings (running total: 900)
2026-07-06 23:28:21,526 [INFO] HTTP Request: GET https://www.magicbricks.com/property-for-rent/residential-real-estate?bedroom=&proptype=Multistorey-Apartment,Builder-Floor-Apartment,Penthouse,Studio-Apartment&cityName=Noida&page=31 "HTTP/1.1 200 OK"
2026-07-06 23:28:21,633 [INFO] Page 31: +30 listings (running total: 930)
2026-07-06 23:28:28,036 [INFO] HTTP Request: GET https://www.magicbricks.com/property-for-rent/residential-real-estate?bedroom=&proptype=Multistorey-Apartment,Builder-Floor-Apartment,Penthouse,Studio-Apartment&cityName=Noida&page=32 "HTTP/1.1 200 OK"
2026-07-06 23:28:28,142 [INFO] Page 32: +30 listings (running total: 960)
2026-07-06 23:28:33,413 [INFO] HTTP Request: GET https://www.magicbricks.com/property-for-rent/residential-real-estate?bedroom=&proptype=Multistorey-Apartment,Builder-Floor-Apartment,Penthouse,Studio-Apartment&cityName=Noida&page=33 "HTTP/1.1 200 OK"
2026-07-06 23:28:33,509 [INFO] Page 33: +30 listings (running total: 990)
2026-07-06 23:28:38,250 [INFO] HTTP Request: GET https://www.magicbricks.com/property-for-rent/residential-real-estate?bedroom=&proptype=Multistorey-Apartment,Builder-Floor-Apartment,Penthouse,Studio-Apartment&cityName=Noida&page=34 "HTTP/1.1 200 OK"
2026-07-06 23:28:38,404 [INFO] Page 34: +30 listings (running total: 1020)
2026-07-06 23:28:42,509 [INFO] HTTP Request: GET https://www.magicbricks.com/property-for-rent/residential-real-estate?bedroom=&proptype=Multistorey-Apartment,Builder-Floor-Apartment,Penthouse,Studio-Apartment&cityName=Noida&page=35 "HTTP/1.1 200 OK"
2026-07-06 23:28:42,674 [INFO] Page 35: +30 listings (running total: 1050)
2026-07-06 23:28:48,555 [INFO] HTTP Request: GET https://www.magicbricks.com/property-for-rent/residential-real-estate?bedroom=&proptype=Multistorey-Apartment,Builder-Floor-Apartment,Penthouse,Studio-Apartment&cityName=Noida&page=36 "HTTP/1.1 200 OK"
2026-07-06 23:28:48,669 [INFO] Page 36: +30 listings (running total: 1080)
2026-07-06 23:28:55,454 [INFO] HTTP Request: GET https://www.magicbricks.com/property-for-rent/residential-real-estate?bedroom=&proptype=Multistorey-Apartment,Builder-Floor-Apartment,Penthouse,Studio-Apartment&cityName=Noida&page=37 "HTTP/1.1 200 OK"
2026-07-06 23:28:55,580 [INFO] Page 37: +30 listings (running total: 1110)
2026-07-06 23:29:01,268 [INFO] HTTP Request: GET https://www.magicbricks.com/property-for-rent/residential-real-estate?bedroom=&proptype=Multistorey-Apartment,Builder-Floor-Apartment,Penthouse,Studio-Apartment&cityName=Noida&page=38 "HTTP/1.1 200 OK"
2026-07-06 23:29:01,515 [INFO] Page 38: +30 listings (running total: 1140)
2026-07-06 23:29:05,960 [INFO] HTTP Request: GET https://www.magicbricks.com/property-for-rent/residential-real-estate?bedroom=&proptype=Multistorey-Apartment,Builder-Floor-Apartment,Penthouse,Studio-Apartment&cityName=Noida&page=39 "HTTP/1.1 200 OK"
2026-07-06 23:29:06,082 [INFO] Page 39: +30 listings (running total: 1170)
2026-07-06 23:29:10,960 [INFO] HTTP Request: GET https://www.magicbricks.com/property-for-rent/residential-real-estate?bedroom=&proptype=Multistorey-Apartment,Builder-Floor-Apartment,Penthouse,Studio-Apartment&cityName=Noida&page=40 "HTTP/1.1 200 OK"
2026-07-06 23:29:11,933 [INFO] Page 40: +30 listings (running total: 1200)
2026-07-06 23:29:18,676 [INFO] HTTP Request: GET https://www.magicbricks.com/property-for-rent/residential-real-estate?bedroom=&proptype=Multistorey-Apartment,Builder-Floor-Apartment,Penthouse,Studio-Apartment&cityName=Noida&page=41 "HTTP/1.1 200 OK"
2026-07-06 23:29:18,764 [INFO] Page 41: +30 listings (running total: 1230)
2026-07-06 23:29:23,651 [INFO] HTTP Request: GET https://www.magicbricks.com/property-for-rent/residential-real-estate?bedroom=&proptype=Multistorey-Apartment,Builder-Floor-Apartment,Penthouse,Studio-Apartment&cityName=Noida&page=42 "HTTP/1.1 200 OK"
2026-07-06 23:29:23,736 [INFO] Page 42: +30 listings (running total: 1260)
2026-07-06 23:29:26,869 [INFO] HTTP Request: GET https://www.magicbricks.com/property-for-rent/residential-real-estate?bedroom=&proptype=Multistorey-Apartment,Builder-Floor-Apartment,Penthouse,Studio-Apartment&cityName=Noida&page=43 "HTTP/1.1 200 OK"
2026-07-06 23:29:27,016 [INFO] Page 43: +30 listings (running total: 1290)
2026-07-06 23:29:31,062 [INFO] HTTP Request: GET https://www.magicbricks.com/property-for-rent/residential-real-estate?bedroom=&proptype=Multistorey-Apartment,Builder-Floor-Apartment,Penthouse,Studio-Apartment&cityName=Noida&page=44 "HTTP/1.1 200 OK"
2026-07-06 23:29:31,180 [INFO] Page 44: +30 listings (running total: 1320)
2026-07-06 23:29:35,854 [INFO] Refreshing session via Playwright (periodic re-validation)...
2026-07-06 23:29:36,230 [INFO] Bootstrapping session via Playwright: https://www.magicbricks.com/property-for-rent/residential-real-estate?bedroom=&proptype=Multistorey-Apartment,Builder-Floor-Apartment,Penthouse,Studio-Apartment&cityName=Noida&page=1
2026-07-06 23:29:42,120 [INFO] HTTP Request: GET https://www.magicbricks.com/property-for-rent/residential-real-estate?bedroom=&proptype=Multistorey-Apartment,Builder-Floor-Apartment,Penthouse,Studio-Apartment&cityName=Noida&page=45 "HTTP/1.1 200 OK"
2026-07-06 23:29:42,209 [INFO] Page 45: +30 listings (running total: 1350)
2026-07-06 23:29:45,714 [INFO] HTTP Request: GET https://www.magicbricks.com/property-for-rent/residential-real-estate?bedroom=&proptype=Multistorey-Apartment,Builder-Floor-Apartment,Penthouse,Studio-Apartment&cityName=Noida&page=46 "HTTP/1.1 200 OK"
2026-07-06 23:29:45,902 [INFO] Page 46: +30 listings (running total: 1380)
2026-07-06 23:29:52,141 [INFO] HTTP Request: GET https://www.magicbricks.com/property-for-rent/residential-real-estate?bedroom=&proptype=Multistorey-Apartment,Builder-Floor-Apartment,Penthouse,Studio-Apartment&cityName=Noida&page=47 "HTTP/1.1 200 OK"
2026-07-06 23:29:52,260 [INFO] Page 47: +30 listings (running total: 1410)
2026-07-06 23:29:57,248 [INFO] HTTP Request: GET https://www.magicbricks.com/property-for-rent/residential-real-estate?bedroom=&proptype=Multistorey-Apartment,Builder-Floor-Apartment,Penthouse,Studio-Apartment&cityName=Noida&page=48 "HTTP/1.1 200 OK"
2026-07-06 23:29:57,361 [INFO] Page 48: +30 listings (running total: 1440)
2026-07-06 23:30:03,394 [INFO] HTTP Request: GET https://www.magicbricks.com/property-for-rent/residential-real-estate?bedroom=&proptype=Multistorey-Apartment,Builder-Floor-Apartment,Penthouse,Studio-Apartment&cityName=Noida&page=49 "HTTP/1.1 200 OK"
2026-07-06 23:30:03,521 [INFO] Page 49: +30 listings (running total: 1470)
2026-07-06 23:30:07,658 [INFO] HTTP Request: GET https://www.magicbricks.com/property-for-rent/residential-real-estate?bedroom=&proptype=Multistorey-Apartment,Builder-Floor-Apartment,Penthouse,Studio-Apartment&cityName=Noida&page=50 "HTTP/1.1 200 OK"
2026-07-06 23:30:07,765 [INFO] Page 50: +30 listings (running total: 1500)
2026-07-06 23:30:07,766 [INFO] Scraped 1500 total listings
2026-07-06 23:30:07,784 [INFO] Wrote 1500 listings to scraped_listings.jsonl
2026-07-06 23:52:47,529 [INFO] Starting MagicBricks scrape run
2026-07-06 23:52:47,922 [INFO] Bootstrapping session via Playwright: https://www.magicbricks.com/property-for-rent/residential-real-estate?bedroom=1,2,3,4,5&proptype=Multistorey-Apartment,Builder-Floor-Apartment,Penthouse,Studio-Apartment,Service-Apartment,Residential-House,Villa&Locality=Sector-98&cityName=Noida&page=1
2026-07-06 23:52:54,671 [INFO] Page 1: 30 listings parsed so far
2026-07-06 23:53:00,941 [INFO] HTTP Request: GET https://www.magicbricks.com/property-for-rent/residential-real-estate?bedroom=1,2,3,4,5&proptype=Multistorey-Apartment,Builder-Floor-Apartment,Penthouse,Studio-Apartment,Service-Apartment,Residential-House,Villa&Locality=Sector-98&cityName=Noida&page=2 "HTTP/1.1 200 OK"
2026-07-06 23:53:01,106 [ERROR] Zero listing containers found (neither div.mb-srp__list[id^=cardid] nor div.mb-srp__card). Either the page didn't render fully (bot-check interstitial?) or MagicBricks changed the markup — check bootstrap_debug.png.
2026-07-06 23:53:01,107 [INFO] DOM parse returned nothing, trying JSON blob fallback...
2026-07-06 23:53:01,110 [INFO] Page 2 returned 0 listings — assuming end of results, stopping.
2026-07-06 23:53:01,111 [INFO] Scraped 30 total listings
2026-07-06 23:53:01,116 [INFO] Wrote 30 listings to scraped_listings.jsonl
2026-07-07 10:24:39,413 [INFO] Starting MagicBricks scrape run
2026-07-07 10:24:46,436 [INFO] Bootstrapping session via Playwright: https://www.magicbricks.com/property-for-rent/residential-real-estate?bedroom=1,2,3,4,5&proptype=Multistorey-Apartment,Builder-Floor-Apartment,Penthouse,Studio-Apartment,Service-Apartment,Residential-House,Villa&Locality=Sector-98&cityName=Noida&page=1
2026-07-07 10:24:53,132 [INFO] Page 1: 30 listings parsed so far
2026-07-07 10:25:01,355 [INFO] HTTP Request: GET https://www.magicbricks.com/property-for-rent/residential-real-estate?bedroom=1,2,3,4,5&proptype=Multistorey-Apartment,Builder-Floor-Apartment,Penthouse,Studio-Apartment,Service-Apartment,Residential-House,Villa&Locality=Sector-98&cityName=Noida&page=2 "HTTP/1.1 200 OK"
2026-07-07 10:25:01,413 [ERROR] Zero listing containers found (neither div.mb-srp__list[id^=cardid] nor div.mb-srp__card). Either the page didn't render fully (bot-check interstitial?) or MagicBricks changed the markup — check bootstrap_debug.png.
2026-07-07 10:25:01,415 [INFO] DOM parse returned nothing, trying JSON blob fallback...
2026-07-07 10:25:01,418 [INFO] Page 2 returned 0 listings — assuming end of results, stopping.
2026-07-07 10:25:01,418 [INFO] Scraped 30 total listings
2026-07-07 10:25:01,422 [INFO] Wrote 30 listings to scraped_listings.jsonl
2026-07-07 10:27:39,150 [INFO] Starting MagicBricks scrape run
2026-07-07 10:27:39,730 [INFO] Bootstrapping session via Playwright: https://www.magicbricks.com/property-for-rent/residential-real-estate?bedroom=1,2,3,4,5&proptype=Multistorey-Apartment,Builder-Floor-Apartment,Penthouse,Studio-Apartment,Service-Apartment,Residential-House,Villa&Locality=Sector-98&cityName=Noida&page=1
2026-07-07 10:27:41,027 [INFO] Page 1: 30 listings parsed so far
2026-07-07 10:27:45,305 [INFO] HTTP Request: GET https://www.magicbricks.com/property-for-rent/residential-real-estate?bedroom=1,2,3,4,5&proptype=Multistorey-Apartment,Builder-Floor-Apartment,Penthouse,Studio-Apartment,Service-Apartment,Residential-House,Villa&Locality=Sector-98&cityName=Noida&page=2 "HTTP/1.1 200 OK"
2026-07-07 10:27:45,335 [ERROR] Zero listing containers found (neither div.mb-srp__list[id^=cardid] nor div.mb-srp__card). Either the page didn't render fully (bot-check interstitial?) or MagicBricks changed the markup — check bootstrap_debug.png.
2026-07-07 10:27:45,335 [INFO] DOM parse returned nothing, trying JSON blob fallback...
2026-07-07 10:27:45,338 [INFO] Page 2 returned 0 listings — assuming end of results, stopping.
2026-07-07 10:27:45,338 [INFO] Starting detail-page coordinate enrichment for 30 listings...
2026-07-07 10:27:49,705 [INFO] HTTP Request: GET https://www.magicbricks.com/lotus-boulevard-sector-100-block-a-noida-pdpid-4d4235343132353535 "HTTP/1.1 200 OK"
2026-07-07 10:27:54,621 [INFO] HTTP Request: GET https://www.magicbricks.com/lotus-boulevard-sector-100-block-a-noida-pdpid-4d4235343132353535 "HTTP/1.1 200 OK"
2026-07-07 10:27:58,797 [INFO] HTTP Request: GET https://www.magicbricks.com/lotus-boulevard-sector-100-block-a-noida-pdpid-4d4235343132353535 "HTTP/1.1 200 OK"
2026-07-07 10:28:04,039 [INFO] HTTP Request: GET https://www.magicbricks.com/lotus-boulevard-sector-100-block-a-noida-pdpid-4d4235343132353535 "HTTP/1.1 200 OK"
2026-07-07 10:28:09,057 [INFO] HTTP Request: GET https://www.magicbricks.com/lotus-boulevard-sector-100-block-a-noida-pdpid-4d4235343132353535 "HTTP/1.1 200 OK"
2026-07-07 10:28:12,863 [INFO] HTTP Request: GET https://www.magicbricks.com/lotus-boulevard-sector-100-block-a-noida-pdpid-4d4235343132353535 "HTTP/1.1 200 OK"
2026-07-07 10:28:16,322 [INFO] HTTP Request: GET https://www.magicbricks.com/lotus-boulevard-sector-100-block-a-noida-pdpid-4d4235343132353535 "HTTP/1.1 200 OK"
2026-07-07 10:28:20,833 [INFO] HTTP Request: GET https://www.magicbricks.com/lotus-boulevard-sector-100-block-a-noida-pdpid-4d4235343132353535 "HTTP/1.1 200 OK"
2026-07-07 10:28:25,142 [INFO] HTTP Request: GET https://www.magicbricks.com/lotus-boulevard-sector-100-block-a-noida-pdpid-4d4235343132353535 "HTTP/1.1 200 OK"
2026-07-07 10:28:29,658 [INFO] HTTP Request: GET https://www.magicbricks.com/lotus-boulevard-sector-100-block-a-noida-pdpid-4d4235343132353535 "HTTP/1.1 200 OK"
2026-07-07 10:28:29,721 [INFO] Detail-page enrichment: 10/30 processed, 10 coordinates found so far
2026-07-07 10:28:33,319 [INFO] HTTP Request: GET https://www.magicbricks.com/lotus-boulevard-sector-100-block-a-noida-pdpid-4d4235343132353535 "HTTP/1.1 200 OK"
2026-07-07 10:28:39,763 [INFO] HTTP Request: GET https://www.magicbricks.com/propertyDetails/3-BHK-200-Sq-m-Residential-House-FOR-Rent-Sector-105-Block-D-in-Noida&id=4d423832393239313239 "HTTP/1.1 200 OK"
2026-07-07 10:28:44,693 [INFO] HTTP Request: GET https://www.magicbricks.com/lotus-boulevard-sector-100-block-a-noida-pdpid-4d4235343132353535 "HTTP/1.1 200 OK"
2026-07-07 10:28:49,201 [INFO] HTTP Request: GET https://www.magicbricks.com/lotus-boulevard-sector-100-block-a-noida-pdpid-4d4235343132353535 "HTTP/1.1 200 OK"
2026-07-07 10:28:56,061 [INFO] HTTP Request: GET https://www.magicbricks.com/county-107-sector-107-noida-pdpid-4d4235313234373439 "HTTP/1.1 200 OK"
2026-07-07 10:29:01,893 [INFO] HTTP Request: GET https://www.magicbricks.com/county-107-sector-107-noida-pdpid-4d4235313234373439 "HTTP/1.1 200 OK"
2026-07-07 10:29:07,114 [INFO] HTTP Request: GET https://www.magicbricks.com/county-107-sector-107-noida-pdpid-4d4235313234373439 "HTTP/1.1 200 OK"
2026-07-07 10:29:11,984 [INFO] HTTP Request: GET https://www.magicbricks.com/county-107-sector-107-noida-pdpid-4d4235313234373439 "HTTP/1.1 200 OK"
2026-07-07 10:29:15,562 [INFO] HTTP Request: GET https://www.magicbricks.com/county-107-sector-107-noida-pdpid-4d4235313234373439 "HTTP/1.1 200 OK"
2026-07-07 10:29:21,142 [INFO] HTTP Request: GET https://www.magicbricks.com/county-107-sector-107-noida-pdpid-4d4235313234373439 "HTTP/1.1 200 OK"
2026-07-07 10:29:21,297 [INFO] Detail-page enrichment: 20/30 processed, 20 coordinates found so far
2026-07-07 10:29:26,886 [INFO] HTTP Request: GET https://www.magicbricks.com/prateek-stylome-sector-45-noida-pdpid-4d4235303139353130 "HTTP/1.1 200 OK"
2026-07-07 10:29:33,106 [INFO] HTTP Request: GET https://www.magicbricks.com/parx-laureate-sector-108-noida-pdpid-4d4235303137303534 "HTTP/1.1 200 OK"
2026-07-07 10:29:36,445 [INFO] HTTP Request: GET https://www.magicbricks.com/parx-laureate-sector-108-noida-pdpid-4d4235303137303534 "HTTP/1.1 200 OK"
2026-07-07 10:29:42,578 [INFO] HTTP Request: GET https://www.magicbricks.com/prateek-edifice-sector-107-noida-pdpid-4d4235303030353137 "HTTP/1.1 200 OK"
2026-07-07 10:29:47,459 [INFO] HTTP Request: GET https://www.magicbricks.com/parx-laureate-sector-108-noida-pdpid-4d4235303137303534 "HTTP/1.1 200 OK"
2026-07-07 10:29:53,312 [INFO] HTTP Request: GET https://www.magicbricks.com/prateek-edifice-sector-107-noida-pdpid-4d4235303030353137 "HTTP/1.1 200 OK"
2026-07-07 10:29:58,621 [INFO] HTTP Request: GET https://www.magicbricks.com/propertyDetails/5-BHK-6570-Sq-ft-Multistorey-Apartment-FOR-Rent-Sector-107-in-Noida&id=4d423831323630303231 "HTTP/1.1 200 OK"
2026-07-07 10:30:03,542 [INFO] HTTP Request: GET https://www.magicbricks.com/prateek-edifice-sector-107-noida-pdpid-4d4235303030353137 "HTTP/1.1 200 OK"
2026-07-07 10:30:06,846 [INFO] HTTP Request: GET https://www.magicbricks.com/county-107-sector-107-noida-pdpid-4d4235313234373439 "HTTP/1.1 200 OK"
2026-07-07 10:30:12,521 [INFO] HTTP Request: GET https://www.magicbricks.com/jaypee-greens-imperial-court-sector-128-noida-pdpid-4d4235303235313135 "HTTP/1.1 200 OK"
2026-07-07 10:30:12,634 [INFO] Detail-page enrichment: 30/30 processed, 30 coordinates found so far
2026-07-07 10:30:12,634 [INFO] Detail-page enrichment complete: 30/30 listings got real coordinates
2026-07-07 10:30:12,635 [INFO] Scraped 30 total listings
2026-07-07 10:30:12,636 [INFO] Wrote 30 listings to scraped_listings.jsonl
2026-07-07 10:35:26,472 [INFO] Starting MagicBricks scrape run
2026-07-07 10:35:27,135 [INFO] Bootstrapping session via Playwright: https://www.magicbricks.com/property-for-rent/residential-real-estate?bedroom=1,2,3,4,5&proptype=Multistorey-Apartment,Builder-Floor-Apartment,Penthouse,Studio-Apartment,Service-Apartment,Residential-House,Villa&Locality=Sector-98&cityName=Noida&page=1
2026-07-07 10:35:28,999 [INFO] Page 1: 30 listings parsed so far
2026-07-07 10:35:35,023 [INFO] HTTP Request: GET https://www.magicbricks.com/property-for-rent/residential-real-estate?bedroom=1,2,3,4,5&proptype=Multistorey-Apartment,Builder-Floor-Apartment,Penthouse,Studio-Apartment,Service-Apartment,Residential-House,Villa&Locality=Sector-98&cityName=Noida&page=2 "HTTP/1.1 200 OK"
2026-07-07 10:35:35,128 [ERROR] Zero listing containers found (neither div.mb-srp__list[id^=cardid] nor div.mb-srp__card). Either the page didn't render fully (bot-check interstitial?) or MagicBricks changed the markup — check bootstrap_debug.png.
2026-07-07 10:35:35,129 [INFO] DOM parse returned nothing, trying JSON blob fallback...
2026-07-07 10:35:35,131 [INFO] Page 2 returned 0 listings — assuming end of results, stopping.
2026-07-07 10:35:35,132 [INFO] Starting detail-page coordinate enrichment for 30 listings...
2026-07-07 10:35:40,339 [INFO] HTTP Request: GET https://www.magicbricks.com/lotus-boulevard-sector-100-block-a-noida-pdpid-4d4235343132353535 "HTTP/1.1 200 OK"
2026-07-07 10:35:45,248 [INFO] HTTP Request: GET https://www.magicbricks.com/lotus-boulevard-sector-100-block-a-noida-pdpid-4d4235343132353535 "HTTP/1.1 200 OK"
2026-07-07 10:35:49,357 [INFO] HTTP Request: GET https://www.magicbricks.com/lotus-boulevard-sector-100-block-a-noida-pdpid-4d4235343132353535 "HTTP/1.1 200 OK"
2026-07-07 10:35:53,756 [INFO] HTTP Request: GET https://www.magicbricks.com/lotus-boulevard-sector-100-block-a-noida-pdpid-4d4235343132353535 "HTTP/1.1 200 OK"
2026-07-07 10:35:56,612 [INFO] HTTP Request: GET https://www.magicbricks.com/lotus-boulevard-sector-100-block-a-noida-pdpid-4d4235343132353535 "HTTP/1.1 200 OK"
2026-07-07 10:36:00,107 [INFO] HTTP Request: GET https://www.magicbricks.com/lotus-boulevard-sector-100-block-a-noida-pdpid-4d4235343132353535 "HTTP/1.1 200 OK"
2026-07-07 10:36:04,087 [INFO] HTTP Request: GET https://www.magicbricks.com/lotus-boulevard-sector-100-block-a-noida-pdpid-4d4235343132353535 "HTTP/1.1 200 OK"
2026-07-07 10:36:08,741 [INFO] HTTP Request: GET https://www.magicbricks.com/lotus-boulevard-sector-100-block-a-noida-pdpid-4d4235343132353535 "HTTP/1.1 200 OK"
2026-07-07 10:36:14,526 [INFO] HTTP Request: GET https://www.magicbricks.com/lotus-boulevard-sector-100-block-a-noida-pdpid-4d4235343132353535 "HTTP/1.1 200 OK"
2026-07-07 10:36:18,639 [INFO] HTTP Request: GET https://www.magicbricks.com/lotus-boulevard-sector-100-block-a-noida-pdpid-4d4235343132353535 "HTTP/1.1 200 OK"
2026-07-07 10:36:18,702 [INFO] Detail-page enrichment: 10/30 processed, 10 coordinates found so far
2026-07-07 10:36:22,945 [INFO] HTTP Request: GET https://www.magicbricks.com/lotus-boulevard-sector-100-block-a-noida-pdpid-4d4235343132353535 "HTTP/1.1 200 OK"
2026-07-07 10:36:26,830 [INFO] HTTP Request: GET https://www.magicbricks.com/propertyDetails/3-BHK-200-Sq-m-Residential-House-FOR-Rent-Sector-105-Block-D-in-Noida&id=4d423832393239313239 "HTTP/1.1 200 OK"
2026-07-07 10:36:29,892 [INFO] HTTP Request: GET https://www.magicbricks.com/lotus-boulevard-sector-100-block-a-noida-pdpid-4d4235343132353535 "HTTP/1.1 200 OK"
2026-07-07 10:36:33,683 [INFO] HTTP Request: GET https://www.magicbricks.com/lotus-boulevard-sector-100-block-a-noida-pdpid-4d4235343132353535 "HTTP/1.1 200 OK"
2026-07-07 10:36:36,863 [INFO] HTTP Request: GET https://www.magicbricks.com/county-107-sector-107-noida-pdpid-4d4235313234373439 "HTTP/1.1 200 OK"
2026-07-07 10:36:42,699 [INFO] HTTP Request: GET https://www.magicbricks.com/county-107-sector-107-noida-pdpid-4d4235313234373439 "HTTP/1.1 200 OK"
2026-07-07 10:36:47,411 [INFO] HTTP Request: GET https://www.magicbricks.com/county-107-sector-107-noida-pdpid-4d4235313234373439 "HTTP/1.1 200 OK"
2026-07-07 10:36:52,426 [INFO] HTTP Request: GET https://www.magicbricks.com/county-107-sector-107-noida-pdpid-4d4235313234373439 "HTTP/1.1 200 OK"
2026-07-07 10:36:57,852 [INFO] HTTP Request: GET https://www.magicbricks.com/county-107-sector-107-noida-pdpid-4d4235313234373439 "HTTP/1.1 200 OK"
2026-07-07 10:37:01,231 [INFO] HTTP Request: GET https://www.magicbricks.com/county-107-sector-107-noida-pdpid-4d4235313234373439 "HTTP/1.1 200 OK"
2026-07-07 10:37:01,348 [INFO] Detail-page enrichment: 20/30 processed, 20 coordinates found so far
2026-07-07 10:37:04,201 [INFO] HTTP Request: GET https://www.magicbricks.com/prateek-stylome-sector-45-noida-pdpid-4d4235303139353130 "HTTP/1.1 200 OK"
2026-07-07 10:37:08,195 [INFO] HTTP Request: GET https://www.magicbricks.com/parx-laureate-sector-108-noida-pdpid-4d4235303137303534 "HTTP/1.1 200 OK"
2026-07-07 10:37:12,745 [INFO] HTTP Request: GET https://www.magicbricks.com/parx-laureate-sector-108-noida-pdpid-4d4235303137303534 "HTTP/1.1 200 OK"
2026-07-07 10:37:16,697 [INFO] HTTP Request: GET https://www.magicbricks.com/prateek-edifice-sector-107-noida-pdpid-4d4235303030353137 "HTTP/1.1 200 OK"
2026-07-07 10:37:20,689 [INFO] HTTP Request: GET https://www.magicbricks.com/parx-laureate-sector-108-noida-pdpid-4d4235303137303534 "HTTP/1.1 200 OK"
2026-07-07 10:37:24,992 [INFO] HTTP Request: GET https://www.magicbricks.com/prateek-edifice-sector-107-noida-pdpid-4d4235303030353137 "HTTP/1.1 200 OK"
2026-07-07 10:37:31,433 [INFO] HTTP Request: GET https://www.magicbricks.com/propertyDetails/5-BHK-6570-Sq-ft-Multistorey-Apartment-FOR-Rent-Sector-107-in-Noida&id=4d423831323630303231 "HTTP/1.1 200 OK"
2026-07-07 10:37:35,640 [INFO] HTTP Request: GET https://www.magicbricks.com/prateek-edifice-sector-107-noida-pdpid-4d4235303030353137 "HTTP/1.1 200 OK"
2026-07-07 10:37:38,709 [INFO] HTTP Request: GET https://www.magicbricks.com/county-107-sector-107-noida-pdpid-4d4235313234373439 "HTTP/1.1 200 OK"
2026-07-07 10:37:41,987 [INFO] HTTP Request: GET https://www.magicbricks.com/jaypee-greens-imperial-court-sector-128-noida-pdpid-4d4235303235313135 "HTTP/1.1 200 OK"
2026-07-07 10:37:42,102 [INFO] Detail-page enrichment: 30/30 processed, 30 coordinates found so far
2026-07-07 10:37:42,102 [INFO] Detail-page enrichment complete: 30/30 listings got real coordinates
2026-07-07 10:37:42,103 [INFO] Scraped 30 total listings
2026-07-07 10:37:42,105 [INFO] Wrote 30 listings to scraped_listings.jsonl
2026-07-07 10:42:43,732 [INFO] Starting MagicBricks scrape run
2026-07-07 10:42:44,401 [INFO] Bootstrapping session via Playwright: https://www.magicbricks.com/property-for-rent/residential-real-estate?bedroom=1,2,3,4,5&proptype=Multistorey-Apartment,Builder-Floor-Apartment,Penthouse,Studio-Apartment,Service-Apartment,Residential-House,Villa&Locality=Sector-98&cityName=Noida&page=1
2026-07-07 10:42:46,418 [INFO] Page 1: 30 listings parsed so far
2026-07-07 10:42:51,025 [INFO] HTTP Request: GET https://www.magicbricks.com/property-for-rent/residential-real-estate?bedroom=1,2,3,4,5&proptype=Multistorey-Apartment,Builder-Floor-Apartment,Penthouse,Studio-Apartment,Service-Apartment,Residential-House,Villa&Locality=Sector-98&cityName=Noida&page=2 "HTTP/1.1 200 OK"
2026-07-07 10:42:51,528 [ERROR] Zero listing containers found (neither div.mb-srp__list[id^=cardid] nor div.mb-srp__card). Either the page didn't render fully (bot-check interstitial?) or MagicBricks changed the markup — check bootstrap_debug.png.
2026-07-07 10:42:51,528 [INFO] DOM parse returned nothing, trying JSON blob fallback...
2026-07-07 10:42:51,530 [INFO] Page 2 returned 0 listings — assuming end of results, stopping.
2026-07-07 10:42:51,530 [INFO] Starting detail-page coordinate enrichment for 30 listings...
2026-07-07 10:42:55,972 [INFO] HTTP Request: GET https://www.magicbricks.com/lotus-boulevard-sector-100-block-a-noida-pdpid-4d4235343132353535#cardid-85363645 "HTTP/1.1 200 OK"
2026-07-07 10:43:01,272 [INFO] HTTP Request: GET https://www.magicbricks.com/lotus-boulevard-sector-100-block-a-noida-pdpid-4d4235343132353535#cardid-84980917 "HTTP/1.1 200 OK"
2026-07-07 10:43:05,070 [INFO] HTTP Request: GET https://www.magicbricks.com/lotus-boulevard-sector-100-block-a-noida-pdpid-4d4235343132353535#cardid-85188929 "HTTP/1.1 200 OK"
2026-07-07 10:43:07,853 [INFO] HTTP Request: GET https://www.magicbricks.com/lotus-boulevard-sector-100-block-a-noida-pdpid-4d4235343132353535#cardid-85188895 "HTTP/1.1 200 OK"
2026-07-07 10:43:13,467 [INFO] HTTP Request: GET https://www.magicbricks.com/lotus-boulevard-sector-100-block-a-noida-pdpid-4d4235343132353535#cardid-85192329 "HTTP/1.1 200 OK"
2026-07-07 10:43:16,642 [INFO] HTTP Request: GET https://www.magicbricks.com/lotus-boulevard-sector-100-block-a-noida-pdpid-4d4235343132353535#cardid-82267071 "HTTP/1.1 200 OK"
2026-07-07 10:43:20,732 [INFO] HTTP Request: GET https://www.magicbricks.com/lotus-boulevard-sector-100-block-a-noida-pdpid-4d4235343132353535#cardid-81392985 "HTTP/1.1 200 OK"
2026-07-07 10:43:23,910 [INFO] HTTP Request: GET https://www.magicbricks.com/lotus-boulevard-sector-100-block-a-noida-pdpid-4d4235343132353535#cardid-83796623 "HTTP/1.1 200 OK"
2026-07-07 10:43:28,510 [INFO] HTTP Request: GET https://www.magicbricks.com/lotus-boulevard-sector-100-block-a-noida-pdpid-4d4235343132353535#cardid-82873449 "HTTP/1.1 200 OK"
2026-07-07 10:43:34,237 [INFO] HTTP Request: GET https://www.magicbricks.com/lotus-boulevard-sector-100-block-a-noida-pdpid-4d4235343132353535#cardid-82873297 "HTTP/1.1 200 OK"
2026-07-07 10:43:34,311 [INFO] Detail-page enrichment: 10/30 processed, 10 coordinates found so far
2026-07-07 10:43:37,724 [INFO] HTTP Request: GET https://www.magicbricks.com/lotus-boulevard-sector-100-block-a-noida-pdpid-4d4235343132353535#cardid-81468125 "HTTP/1.1 200 OK"
2026-07-07 10:43:42,280 [INFO] HTTP Request: GET https://www.magicbricks.com/propertyDetails/3-BHK-200-Sq-m-Residential-House-FOR-Rent-Sector-105-Block-D-in-Noida&id=4d423832393239313239#cardid-82929129 "HTTP/1.1 200 OK"
2026-07-07 10:43:45,415 [INFO] HTTP Request: GET https://www.magicbricks.com/lotus-boulevard-sector-100-block-a-noida-pdpid-4d4235343132353535#cardid-83584455 "HTTP/1.1 200 OK"
2026-07-07 10:43:49,201 [INFO] HTTP Request: GET https://www.magicbricks.com/lotus-boulevard-sector-100-block-a-noida-pdpid-4d4235343132353535#cardid-82669621 "HTTP/1.1 200 OK"
2026-07-07 10:43:52,282 [INFO] HTTP Request: GET https://www.magicbricks.com/county-107-sector-107-noida-pdpid-4d4235313234373439#cardid-83302939 "HTTP/1.1 200 OK"
2026-07-07 10:43:57,896 [INFO] HTTP Request: GET https://www.magicbricks.com/county-107-sector-107-noida-pdpid-4d4235313234373439#cardid-81854495 "HTTP/1.1 200 OK"
2026-07-07 10:44:03,522 [INFO] HTTP Request: GET https://www.magicbricks.com/county-107-sector-107-noida-pdpid-4d4235313234373439#cardid-82532113 "HTTP/1.1 200 OK"
2026-07-07 10:44:07,015 [INFO] HTTP Request: GET https://www.magicbricks.com/county-107-sector-107-noida-pdpid-4d4235313234373439#cardid-81853717 "HTTP/1.1 200 OK"
2026-07-07 10:44:10,422 [INFO] HTTP Request: GET https://www.magicbricks.com/county-107-sector-107-noida-pdpid-4d4235313234373439#cardid-81259865 "HTTP/1.1 200 OK"
2026-07-07 10:44:14,387 [INFO] HTTP Request: GET https://www.magicbricks.com/county-107-sector-107-noida-pdpid-4d4235313234373439#cardid-81259933 "HTTP/1.1 200 OK"
2026-07-07 10:44:14,504 [INFO] Detail-page enrichment: 20/30 processed, 20 coordinates found so far
2026-07-07 10:44:20,024 [INFO] HTTP Request: GET https://www.magicbricks.com/prateek-stylome-sector-45-noida-pdpid-4d4235303139353130#cardid-80680265 "HTTP/1.1 200 OK"
2026-07-07 10:44:23,004 [INFO] HTTP Request: GET https://www.magicbricks.com/parx-laureate-sector-108-noida-pdpid-4d4235303137303534#cardid-81332501 "HTTP/1.1 200 OK"
2026-07-07 10:44:26,573 [INFO] HTTP Request: GET https://www.magicbricks.com/parx-laureate-sector-108-noida-pdpid-4d4235303137303534#cardid-81339685 "HTTP/1.1 200 OK"
2026-07-07 10:44:30,265 [INFO] HTTP Request: GET https://www.magicbricks.com/prateek-edifice-sector-107-noida-pdpid-4d4235303030353137#cardid-81079731 "HTTP/1.1 200 OK"
2026-07-07 10:44:35,079 [INFO] HTTP Request: GET https://www.magicbricks.com/parx-laureate-sector-108-noida-pdpid-4d4235303137303534#cardid-81140789 "HTTP/1.1 200 OK"
2026-07-07 10:44:38,561 [INFO] HTTP Request: GET https://www.magicbricks.com/prateek-edifice-sector-107-noida-pdpid-4d4235303030353137#cardid-80914083 "HTTP/1.1 200 OK"
2026-07-07 10:44:42,436 [INFO] HTTP Request: GET https://www.magicbricks.com/propertyDetails/5-BHK-6570-Sq-ft-Multistorey-Apartment-FOR-Rent-Sector-107-in-Noida&id=4d423831323630303231#cardid-81260021 "HTTP/1.1 200 OK"
2026-07-07 10:44:47,364 [INFO] HTTP Request: GET https://www.magicbricks.com/prateek-edifice-sector-107-noida-pdpid-4d4235303030353137#cardid-81292825 "HTTP/1.1 200 OK"
2026-07-07 10:44:52,785 [INFO] HTTP Request: GET https://www.magicbricks.com/county-107-sector-107-noida-pdpid-4d4235313234373439#cardid-81357795 "HTTP/1.1 200 OK"
2026-07-07 10:44:57,010 [INFO] HTTP Request: GET https://www.magicbricks.com/jaypee-greens-imperial-court-sector-128-noida-pdpid-4d4235303235313135#cardid-84344239 "HTTP/1.1 200 OK"
2026-07-07 10:44:57,108 [INFO] Detail-page enrichment: 30/30 processed, 30 coordinates found so far
2026-07-07 10:44:57,108 [INFO] Detail-page enrichment complete: 30/30 listings got real coordinates
2026-07-07 10:44:57,109 [INFO] Scraped 30 total listings
2026-07-07 10:44:57,110 [INFO] Wrote 30 listings to scraped_listings.jsonl
2026-07-07 11:09:26,454 [INFO] Starting MagicBricks scrape run
2026-07-07 11:09:27,116 [INFO] Bootstrapping session via Playwright: https://www.magicbricks.com/property-for-rent/residential-real-estate?bedroom=1,2,3,4,5&proptype=Multistorey-Apartment,Builder-Floor-Apartment,Penthouse,Studio-Apartment,Service-Apartment,Residential-House,Villa&Locality=Sector-98&cityName=Noida&page=1
2026-07-07 11:09:31,589 [WARNING] Rejecting implausible monthly_rent=33000000.0 for cardid=81259933 (source text: 33000000) — outside the 1,000-1,000,000 sanity range.
2026-07-07 11:09:31,597 [WARNING] Rejecting implausible monthly_rent=39000000.0 for cardid=81260021 (source text: 39000000) — outside the 1,000-1,000,000 sanity range.
2026-07-07 11:09:31,602 [INFO] Page 1: 30 listings parsed so far
2026-07-07 11:09:37,398 [INFO] HTTP Request: GET https://www.magicbricks.com/property-for-rent/residential-real-estate?bedroom=1,2,3,4,5&proptype=Multistorey-Apartment,Builder-Floor-Apartment,Penthouse,Studio-Apartment,Service-Apartment,Residential-House,Villa&Locality=Sector-98&cityName=Noida&page=2 "HTTP/1.1 200 OK"
2026-07-07 11:09:37,441 [ERROR] Zero listing containers found (neither div.mb-srp__list[id^=cardid] nor div.mb-srp__card). Either the page didn't render fully (bot-check interstitial?) or MagicBricks changed the markup — check bootstrap_debug.png.
2026-07-07 11:09:37,441 [INFO] DOM parse returned nothing, trying JSON blob fallback...
2026-07-07 11:09:37,443 [INFO] Page 2 returned 0 listings — assuming end of results, stopping.
2026-07-07 11:09:37,444 [INFO] Starting detail-page coordinate enrichment for 30 listings...
2026-07-07 11:09:42,741 [INFO] HTTP Request: GET https://www.magicbricks.com/lotus-boulevard-sector-100-block-a-noida-pdpid-4d4235343132353535#cardid-85363645 "HTTP/1.1 200 OK"
2026-07-07 11:09:48,157 [INFO] HTTP Request: GET https://www.magicbricks.com/lotus-boulevard-sector-100-block-a-noida-pdpid-4d4235343132353535#cardid-84980917 "HTTP/1.1 200 OK"
2026-07-07 11:09:52,040 [INFO] HTTP Request: GET https://www.magicbricks.com/lotus-boulevard-sector-100-block-a-noida-pdpid-4d4235343132353535#cardid-85188929 "HTTP/1.1 200 OK"
2026-07-07 11:09:57,208 [INFO] HTTP Request: GET https://www.magicbricks.com/lotus-boulevard-sector-100-block-a-noida-pdpid-4d4235343132353535#cardid-85188895 "HTTP/1.1 200 OK"
2026-07-07 11:10:02,915 [INFO] HTTP Request: GET https://www.magicbricks.com/lotus-boulevard-sector-100-block-a-noida-pdpid-4d4235343132353535#cardid-85192329 "HTTP/1.1 200 OK"
2026-07-07 11:10:07,314 [INFO] HTTP Request: GET https://www.magicbricks.com/lotus-boulevard-sector-100-block-a-noida-pdpid-4d4235343132353535#cardid-82267071 "HTTP/1.1 200 OK"
2026-07-07 11:10:10,577 [INFO] HTTP Request: GET https://www.magicbricks.com/lotus-boulevard-sector-100-block-a-noida-pdpid-4d4235343132353535#cardid-81392985 "HTTP/1.1 200 OK"
2026-07-07 11:10:15,294 [INFO] HTTP Request: GET https://www.magicbricks.com/lotus-boulevard-sector-100-block-a-noida-pdpid-4d4235343132353535#cardid-83796623 "HTTP/1.1 200 OK"
2026-07-07 11:10:20,921 [INFO] HTTP Request: GET https://www.magicbricks.com/lotus-boulevard-sector-100-block-a-noida-pdpid-4d4235343132353535#cardid-82873449 "HTTP/1.1 200 OK"
2026-07-07 11:10:25,526 [INFO] HTTP Request: GET https://www.magicbricks.com/lotus-boulevard-sector-100-block-a-noida-pdpid-4d4235343132353535#cardid-82873297 "HTTP/1.1 200 OK"
2026-07-07 11:10:25,907 [INFO] Detail-page enrichment: 10/30 processed, 10 coordinates found so far
2026-07-07 11:10:29,231 [INFO] HTTP Request: GET https://www.magicbricks.com/lotus-boulevard-sector-100-block-a-noida-pdpid-4d4235343132353535#cardid-81468125 "HTTP/1.1 200 OK"
2026-07-07 11:10:35,061 [INFO] HTTP Request: GET https://www.magicbricks.com/propertyDetails/3-BHK-200-Sq-m-Residential-House-FOR-Rent-Sector-105-Block-D-in-Noida&id=4d423832393239313239#cardid-82929129 "HTTP/1.1 200 OK"
2026-07-07 11:10:40,603 [INFO] HTTP Request: GET https://www.magicbricks.com/lotus-boulevard-sector-100-block-a-noida-pdpid-4d4235343132353535#cardid-83584455 "HTTP/1.1 200 OK"
2026-07-07 11:10:44,687 [INFO] HTTP Request: GET https://www.magicbricks.com/lotus-boulevard-sector-100-block-a-noida-pdpid-4d4235343132353535#cardid-82669621 "HTTP/1.1 200 OK"
2026-07-07 11:10:53,176 [INFO] HTTP Request: GET https://www.magicbricks.com/county-107-sector-107-noida-pdpid-4d4235313234373439#cardid-83302939 "HTTP/1.1 200 OK"
2026-07-07 11:10:56,262 [INFO] HTTP Request: GET https://www.magicbricks.com/county-107-sector-107-noida-pdpid-4d4235313234373439#cardid-81854495 "HTTP/1.1 200 OK"
2026-07-07 11:11:01,066 [INFO] HTTP Request: GET https://www.magicbricks.com/county-107-sector-107-noida-pdpid-4d4235313234373439#cardid-82532113 "HTTP/1.1 200 OK"
2026-07-07 11:11:06,879 [INFO] HTTP Request: GET https://www.magicbricks.com/county-107-sector-107-noida-pdpid-4d4235313234373439#cardid-81853717 "HTTP/1.1 200 OK"
2026-07-07 11:11:09,969 [INFO] HTTP Request: GET https://www.magicbricks.com/county-107-sector-107-noida-pdpid-4d4235313234373439#cardid-81259865 "HTTP/1.1 200 OK"
2026-07-07 11:11:15,458 [INFO] HTTP Request: GET https://www.magicbricks.com/county-107-sector-107-noida-pdpid-4d4235313234373439#cardid-81259933 "HTTP/1.1 200 OK"
2026-07-07 11:11:15,700 [INFO] Detail-page enrichment: 20/30 processed, 20 coordinates found so far
2026-07-07 11:11:21,241 [INFO] HTTP Request: GET https://www.magicbricks.com/prateek-stylome-sector-45-noida-pdpid-4d4235303139353130#cardid-80680265 "HTTP/1.1 200 OK"
2026-07-07 11:11:26,663 [INFO] HTTP Request: GET https://www.magicbricks.com/parx-laureate-sector-108-noida-pdpid-4d4235303137303534#cardid-81332501 "HTTP/1.1 200 OK"
2026-07-07 11:11:31,683 [INFO] HTTP Request: GET https://www.magicbricks.com/parx-laureate-sector-108-noida-pdpid-4d4235303137303534#cardid-81339685 "HTTP/1.1 200 OK"
2026-07-07 11:11:37,115 [INFO] HTTP Request: GET https://www.magicbricks.com/prateek-edifice-sector-107-noida-pdpid-4d4235303030353137#cardid-81079731 "HTTP/1.1 200 OK"
2026-07-07 11:11:40,491 [INFO] HTTP Request: GET https://www.magicbricks.com/parx-laureate-sector-108-noida-pdpid-4d4235303137303534#cardid-81140789 "HTTP/1.1 200 OK"
2026-07-07 11:11:44,170 [INFO] HTTP Request: GET https://www.magicbricks.com/prateek-edifice-sector-107-noida-pdpid-4d4235303030353137#cardid-80914083 "HTTP/1.1 200 OK"
2026-07-07 11:11:48,974 [INFO] HTTP Request: GET https://www.magicbricks.com/propertyDetails/5-BHK-6570-Sq-ft-Multistorey-Apartment-FOR-Rent-Sector-107-in-Noida&id=4d423831323630303231#cardid-81260021 "HTTP/1.1 200 OK"
2026-07-07 11:11:52,568 [INFO] HTTP Request: GET https://www.magicbricks.com/prateek-edifice-sector-107-noida-pdpid-4d4235303030353137#cardid-81292825 "HTTP/1.1 200 OK"
2026-07-07 11:11:57,898 [INFO] HTTP Request: GET https://www.magicbricks.com/county-107-sector-107-noida-pdpid-4d4235313234373439#cardid-81357795 "HTTP/1.1 200 OK"
2026-07-07 11:12:04,250 [INFO] HTTP Request: GET https://www.magicbricks.com/jaypee-greens-imperial-court-sector-128-noida-pdpid-4d4235303235313135#cardid-84344239 "HTTP/1.1 200 OK"
2026-07-07 11:12:04,346 [INFO] Detail-page enrichment: 30/30 processed, 30 coordinates found so far
2026-07-07 11:12:04,347 [INFO] Detail-page enrichment complete: 30/30 listings got real coordinates
2026-07-07 11:12:04,347 [INFO] Scraped 30 total listings
2026-07-07 11:12:04,349 [INFO] Wrote 30 listings to scraped_listings.jsonl
2026-07-07 15:37:44,662 [INFO] No city name in config — reverse-geocoding (19.1136, 72.8697)...
2026-07-07 15:37:45,665 [INFO] Resolved city: Mumbai, state: Maharashtra
2026-07-07 15:37:45,667 [INFO] Saved resolved values back to C:\Users\riddh\OneDrive\Desktop\skymark-grid-project\config.json
2026-07-07 15:37:45,673 [INFO] Starting MagicBricks scrape run
2026-07-07 15:37:51,181 [INFO] Bootstrapping session via Playwright: https://www.magicbricks.com/property-for-rent/residential-real-estate?bedroom=1,2,3,4,5&proptype=Multistorey-Apartment,Builder-Floor-Apartment,Penthouse,Studio-Apartment,Service-Apartment,Residential-House,Villa&cityName=Mumbai&page=1
2026-07-07 15:37:56,437 [INFO] Page 1: 30 listings parsed so far
2026-07-07 15:38:05,220 [INFO] HTTP Request: GET https://www.magicbricks.com/property-for-rent/residential-real-estate?bedroom=1,2,3,4,5&proptype=Multistorey-Apartment,Builder-Floor-Apartment,Penthouse,Studio-Apartment,Service-Apartment,Residential-House,Villa&cityName=Mumbai&page=2 "HTTP/1.1 200 OK"
2026-07-07 15:38:05,362 [INFO] Page 2: +30 listings (running total: 60)
2026-07-07 15:38:05,363 [INFO] Starting detail-page coordinate enrichment for 60 listings...
2026-07-07 15:38:11,234 [INFO] HTTP Request: GET https://www.magicbricks.com/raheja-vista-powai-mumbai-pdpid-4d4235303030383235#cardid-83069399 "HTTP/1.1 200 OK"
2026-07-07 15:38:16,472 [INFO] HTTP Request: GET https://www.magicbricks.com/propertyDetails/4-BHK-3150-Sq-ft-Multistorey-Apartment-FOR-Rent-Juhu-in-Mumbai&id=4d423736313331393937#cardid-76131997 "HTTP/1.1 200 OK"
2026-07-07 15:38:24,345 [INFO] HTTP Request: GET https://www.magicbricks.com/lodha-bellissimo-mahalakshmi-mumbai-pdpid-4d4235303239353138#cardid-71771847 "HTTP/1.1 200 OK"
2026-07-07 15:38:30,803 [INFO] HTTP Request: GET https://www.magicbricks.com/mount-everest-building-wadala-east-mumbai-pdpid-4d4235323038343139#cardid-83293027 "HTTP/1.1 200 OK"
2026-07-07 15:38:39,099 [INFO] HTTP Request: GET https://www.magicbricks.com/lodha-the-world-towers-lower-parel-mumbai-pdpid-4d4235303432303030#cardid-84420085 "HTTP/1.1 200 OK"
2026-07-07 15:38:46,057 [INFO] HTTP Request: GET https://www.magicbricks.com/rivali-park-borivali-east-mumbai-pdpid-4d4235303232333030#cardid-85361899 "HTTP/1.1 200 OK"
2026-07-07 15:38:49,839 [INFO] HTTP Request: GET https://www.magicbricks.com/lodha-the-world-towers-lower-parel-mumbai-pdpid-4d4235303432303030#cardid-55311683 "HTTP/1.1 200 OK"
2026-07-07 15:38:54,667 [INFO] HTTP Request: GET https://www.magicbricks.com/lokhandwala-imperial-heights-bandra-west-mumbai-pdpid-4d4235303435343530#cardid-84113003 "HTTP/1.1 200 OK"
2026-07-07 15:38:59,985 [INFO] HTTP Request: GET https://www.magicbricks.com/lodha-aura-wadala-mumbai-pdpid-4d4235333239353839#cardid-85329357 "HTTP/1.1 200 OK"
2026-07-07 15:39:05,184 [INFO] HTTP Request: GET https://www.magicbricks.com/lodha-adrina-upper-worli-mumbai-pdpid-4d4235343033313539#cardid-84447215 "HTTP/1.1 301 Moved Permanently"
2026-07-07 15:39:06,322 [INFO] HTTP Request: GET https://www.magicbricks.com/lodha-adrina-worli-mumbai-pdpid-4d4235343033313539#cardid-84447215 "HTTP/1.1 200 OK"
2026-07-07 15:39:06,435 [INFO] Detail-page enrichment: 10/60 processed, 10 coordinates found so far
2026-07-07 15:39:10,527 [INFO] HTTP Request: GET https://www.magicbricks.com/propertyDetails/3-BHK-1250-Sq-ft-Multistorey-Apartment-FOR-Rent-Mulund-West-in-Mumbai&id=4d423536353637343135#cardid-56567415 "HTTP/1.1 200 OK"
2026-07-07 15:39:16,053 [INFO] HTTP Request: GET https://www.magicbricks.com/samarth-aangan-andheri-west-mumbai-pdpid-4d4235303031333235#cardid-84116561 "HTTP/1.1 200 OK"
2026-07-07 15:39:20,691 [INFO] HTTP Request: GET https://www.magicbricks.com/rustomjee-erika-bandra-east-mumbai-pdpid-4d4235333236393433#cardid-80732187 "HTTP/1.1 200 OK"
2026-07-07 15:39:25,476 [INFO] HTTP Request: GET https://www.magicbricks.com/propertyDetails/5-BHK-2100-Sq-ft-Multistorey-Apartment-FOR-Rent-Bandra-East-in-Mumbai&id=4d423833343534383237#cardid-83454827 "HTTP/1.1 200 OK"
2026-07-07 15:39:31,406 [INFO] HTTP Request: GET https://www.magicbricks.com/lodha-fiorenza-goregaon-east-mumbai-pdpid-4d4235303030373537#cardid-80444189 "HTTP/1.1 200 OK"
2026-07-07 15:39:37,358 [INFO] HTTP Request: GET https://www.magicbricks.com/wadhwa-the-address-ghatkopar-west-mumbai-pdpid-4d4235303136363236#cardid-82991457 "HTTP/1.1 200 OK"
2026-07-07 15:39:43,603 [INFO] HTTP Request: GET https://www.magicbricks.com/kanakia-silicon-valley-powai-mumbai-pdpid-4d4235313336343131#cardid-84162427 "HTTP/1.1 200 OK"
2026-07-07 15:39:47,791 [INFO] HTTP Request: GET https://www.magicbricks.com/ir-horizon-tower-andheri-east-mumbai-pdpid-4d4235343431343739#cardid-84293195 "HTTP/1.1 200 OK"
2026-07-07 15:39:52,404 [INFO] HTTP Request: GET https://www.magicbricks.com/propertyDetails/3-BHK-1020-Sq-ft-Multistorey-Apartment-FOR-Rent-Vile-Parle-East-in-Mumbai&id=4d423834303232373239#cardid-84022729 "HTTP/1.1 200 OK"
2026-07-07 15:39:57,045 [INFO] HTTP Request: GET https://www.magicbricks.com/l&t-elixir-reserve-powai-mumbai-pdpid-4d4235333236323137#cardid-83871053 "HTTP/1.1 200 OK"
2026-07-07 15:39:57,158 [INFO] Detail-page enrichment: 20/60 processed, 20 coordinates found so far
2026-07-07 15:40:01,530 [INFO] HTTP Request: GET https://www.magicbricks.com/piramal-mahalaxmi-mahalakshmi-mumbai-pdpid-4d4235313134393335#cardid-80329451 "HTTP/1.1 200 OK"
2026-07-07 15:40:07,723 [INFO] HTTP Request: GET https://www.magicbricks.com/lodha-park-worli-mumbai-pdpid-4d4235303230393331#cardid-84578001 "HTTP/1.1 200 OK"
2026-07-07 15:40:15,245 [INFO] HTTP Request: GET https://www.magicbricks.com/oberoi-esquire-goregaon-east-mumbai-pdpid-4d4235303230303039#cardid-84657985 "HTTP/1.1 200 OK"
2026-07-07 15:40:19,864 [INFO] HTTP Request: GET https://www.magicbricks.com/prestige-siesta-mulund-west-mumbai-pdpid-4d4235303430393634#cardid-83084853 "HTTP/1.1 200 OK"
2026-07-07 15:40:25,177 [INFO] HTTP Request: GET https://www.magicbricks.com/hiranandani-heritage-powai-mumbai-pdpid-4d4235303837363830#cardid-85015097 "HTTP/1.1 200 OK"
2026-07-07 15:40:31,209 [INFO] HTTP Request: GET https://www.magicbricks.com/propertyDetails/3-BHK-1872-Sq-ft-Multistorey-Apartment-FOR-Rent-Vile-Parle-East-in-Mumbai&id=4d423835343135393537#cardid-85415957 "HTTP/1.1 200 OK"
2026-07-07 15:40:34,700 [INFO] HTTP Request: GET https://www.magicbricks.com/propertyDetails/4-BHK-2900-Sq-ft-Multistorey-Apartment-FOR-Rent-Juhu-in-Mumbai&id=4d423738343539373631#cardid-78459761 "HTTP/1.1 200 OK"
2026-07-07 15:40:39,722 [INFO] HTTP Request: GET https://www.magicbricks.com/trump-tower-worli-mumbai-pdpid-4d4235303730383739#cardid-82068239 "HTTP/1.1 200 OK"
2026-07-07 15:40:44,135 [INFO] HTTP Request: GET https://www.magicbricks.com/kalpataru-magnus-bandra-east-mumbai-pdpid-4d4235313135343639#cardid-82695413 "HTTP/1.1 200 OK"
2026-07-07 15:41:16,880 [INFO] Starting MagicBricks scrape run
2026-07-07 15:41:17,436 [INFO] Bootstrapping session via Playwright: https://www.magicbricks.com/property-for-rent/residential-real-estate?bedroom=1,2,3,4,5&proptype=Multistorey-Apartment,Builder-Floor-Apartment,Penthouse,Studio-Apartment,Service-Apartment,Residential-House,Villa&cityName=Mumbai&page=1
2026-07-07 15:41:19,308 [INFO] Page 1: 30 listings parsed so far
2026-07-07 15:41:19,769 [INFO] Starting detail-page coordinate enrichment for 30 listings...
2026-07-07 15:41:24,978 [INFO] HTTP Request: GET https://www.magicbricks.com/raheja-vista-powai-mumbai-pdpid-4d4235303030383235#cardid-83069399 "HTTP/1.1 200 OK"
2026-07-07 15:41:29,469 [INFO] HTTP Request: GET https://www.magicbricks.com/propertyDetails/4-BHK-3150-Sq-ft-Multistorey-Apartment-FOR-Rent-Juhu-in-Mumbai&id=4d423736313331393937#cardid-76131997 "HTTP/1.1 200 OK"
2026-07-07 15:41:32,361 [INFO] HTTP Request: GET https://www.magicbricks.com/lodha-bellissimo-mahalakshmi-mumbai-pdpid-4d4235303239353138#cardid-71771847 "HTTP/1.1 200 OK"
2026-07-07 15:41:37,623 [INFO] HTTP Request: GET https://www.magicbricks.com/mount-everest-building-wadala-east-mumbai-pdpid-4d4235323038343139#cardid-83293027 "HTTP/1.1 200 OK"
2026-07-07 15:41:42,983 [INFO] HTTP Request: GET https://www.magicbricks.com/lodha-the-world-towers-lower-parel-mumbai-pdpid-4d4235303432303030#cardid-84420085 "HTTP/1.1 200 OK"
2026-07-07 15:41:47,441 [INFO] HTTP Request: GET https://www.magicbricks.com/rivali-park-borivali-east-mumbai-pdpid-4d4235303232333030#cardid-85361899 "HTTP/1.1 200 OK"
2026-07-07 15:41:51,493 [INFO] HTTP Request: GET https://www.magicbricks.com/lodha-the-world-towers-lower-parel-mumbai-pdpid-4d4235303432303030#cardid-55311683 "HTTP/1.1 200 OK"
2026-07-07 15:41:55,903 [INFO] HTTP Request: GET https://www.magicbricks.com/lokhandwala-imperial-heights-bandra-west-mumbai-pdpid-4d4235303435343530#cardid-84113003 "HTTP/1.1 200 OK"
2026-07-07 15:41:58,992 [INFO] HTTP Request: GET https://www.magicbricks.com/lodha-aura-wadala-mumbai-pdpid-4d4235333239353839#cardid-85329357 "HTTP/1.1 200 OK"
2026-07-07 15:42:05,208 [INFO] HTTP Request: GET https://www.magicbricks.com/lodha-adrina-upper-worli-mumbai-pdpid-4d4235343033313539#cardid-84447215 "HTTP/1.1 301 Moved Permanently"
2026-07-07 15:42:05,324 [INFO] HTTP Request: GET https://www.magicbricks.com/lodha-adrina-worli-mumbai-pdpid-4d4235343033313539#cardid-84447215 "HTTP/1.1 200 OK"
2026-07-07 15:42:05,637 [INFO] Detail-page enrichment: 10/30 processed, 10 coordinates found so far
2026-07-07 15:42:13,197 [INFO] HTTP Request: GET https://www.magicbricks.com/propertyDetails/3-BHK-1250-Sq-ft-Multistorey-Apartment-FOR-Rent-Mulund-West-in-Mumbai&id=4d423536353637343135#cardid-56567415 "HTTP/1.1 200 OK"
2026-07-07 15:42:18,021 [INFO] HTTP Request: GET https://www.magicbricks.com/samarth-aangan-andheri-west-mumbai-pdpid-4d4235303031333235#cardid-84116561 "HTTP/1.1 200 OK"
2026-07-07 15:42:23,651 [INFO] HTTP Request: GET https://www.magicbricks.com/rustomjee-erika-bandra-east-mumbai-pdpid-4d4235333236393433#cardid-80732187 "HTTP/1.1 200 OK"
2026-07-07 15:42:27,760 [INFO] HTTP Request: GET https://www.magicbricks.com/propertyDetails/5-BHK-2100-Sq-ft-Multistorey-Apartment-FOR-Rent-Bandra-East-in-Mumbai&id=4d423833343534383237#cardid-83454827 "HTTP/1.1 200 OK"
2026-07-07 15:42:31,036 [INFO] HTTP Request: GET https://www.magicbricks.com/lodha-fiorenza-goregaon-east-mumbai-pdpid-4d4235303030373537#cardid-80444189 "HTTP/1.1 200 OK"
2026-07-07 15:42:36,446 [INFO] HTTP Request: GET https://www.magicbricks.com/wadhwa-the-address-ghatkopar-west-mumbai-pdpid-4d4235303136363236#cardid-82991457 "HTTP/1.1 200 OK"
2026-07-07 15:42:39,422 [INFO] HTTP Request: GET https://www.magicbricks.com/kanakia-silicon-valley-powai-mumbai-pdpid-4d4235313336343131#cardid-84162427 "HTTP/1.1 200 OK"
2026-07-07 15:42:43,916 [INFO] HTTP Request: GET https://www.magicbricks.com/ir-horizon-tower-andheri-east-mumbai-pdpid-4d4235343431343739#cardid-84293195 "HTTP/1.1 200 OK"
2026-07-07 15:42:49,380 [INFO] HTTP Request: GET https://www.magicbricks.com/propertyDetails/3-BHK-1020-Sq-ft-Multistorey-Apartment-FOR-Rent-Vile-Parle-East-in-Mumbai&id=4d423834303232373239#cardid-84022729 "HTTP/1.1 200 OK"
2026-07-07 15:42:55,089 [INFO] HTTP Request: GET https://www.magicbricks.com/l&t-elixir-reserve-powai-mumbai-pdpid-4d4235333236323137#cardid-83871053 "HTTP/1.1 200 OK"
2026-07-07 15:42:55,200 [INFO] Detail-page enrichment: 20/30 processed, 20 coordinates found so far
2026-07-07 15:43:00,024 [INFO] HTTP Request: GET https://www.magicbricks.com/piramal-mahalaxmi-mahalakshmi-mumbai-pdpid-4d4235313134393335#cardid-80329451 "HTTP/1.1 200 OK"
2026-07-07 15:43:05,045 [INFO] HTTP Request: GET https://www.magicbricks.com/lodha-park-worli-mumbai-pdpid-4d4235303230393331#cardid-84578001 "HTTP/1.1 200 OK"
2026-07-07 15:43:09,223 [INFO] HTTP Request: GET https://www.magicbricks.com/oberoi-esquire-goregaon-east-mumbai-pdpid-4d4235303230303039#cardid-84657985 "HTTP/1.1 200 OK"
2026-07-07 15:43:14,139 [INFO] HTTP Request: GET https://www.magicbricks.com/prestige-siesta-mulund-west-mumbai-pdpid-4d4235303430393634#cardid-83084853 "HTTP/1.1 200 OK"
2026-07-07 15:43:18,748 [INFO] HTTP Request: GET https://www.magicbricks.com/hiranandani-heritage-powai-mumbai-pdpid-4d4235303837363830#cardid-85015097 "HTTP/1.1 200 OK"
2026-07-07 15:43:23,836 [INFO] HTTP Request: GET https://www.magicbricks.com/propertyDetails/3-BHK-1872-Sq-ft-Multistorey-Apartment-FOR-Rent-Vile-Parle-East-in-Mumbai&id=4d423835343135393537#cardid-85415957 "HTTP/1.1 200 OK"
2026-07-07 15:43:29,311 [INFO] HTTP Request: GET https://www.magicbricks.com/propertyDetails/4-BHK-2900-Sq-ft-Multistorey-Apartment-FOR-Rent-Juhu-in-Mumbai&id=4d423738343539373631#cardid-78459761 "HTTP/1.1 200 OK"
2026-07-07 15:43:35,120 [INFO] HTTP Request: GET https://www.magicbricks.com/trump-tower-worli-mumbai-pdpid-4d4235303730383739#cardid-82068239 "HTTP/1.1 200 OK"
2026-07-07 15:43:38,201 [INFO] HTTP Request: GET https://www.magicbricks.com/kalpataru-magnus-bandra-east-mumbai-pdpid-4d4235313135343639#cardid-82695413 "HTTP/1.1 200 OK"
2026-07-07 15:43:42,398 [INFO] HTTP Request: GET https://www.magicbricks.com/zee-ashtavinayak-andheri-west-mumbai-pdpid-4d4235343138303337#cardid-83444319 "HTTP/1.1 200 OK"
2026-07-07 15:43:42,487 [INFO] Detail-page enrichment: 30/30 processed, 30 coordinates found so far
2026-07-07 15:43:42,488 [INFO] Detail-page enrichment complete: 30/30 listings got real coordinates
2026-07-07 15:43:42,489 [INFO] Scraped 30 total listings
2026-07-07 15:43:42,491 [INFO] Wrote 30 listings to scraped_listings.jsonl
2026-07-07 23:06:06,974 [INFO] No city name in config — reverse-geocoding (28.5074, 77.3912)...
2026-07-07 23:06:08,052 [INFO] Resolved city: Noida, state: Uttar Pradesh
2026-07-07 23:06:08,055 [INFO] Saved resolved values back to C:\Users\riddh\OneDrive\Desktop\skymark-grid-project\config.json
2026-07-07 23:06:08,073 [INFO] Starting MagicBricks scrape run
2026-07-07 23:06:13,652 [INFO] Bootstrapping session via Playwright: https://www.magicbricks.com/property-for-rent/residential-real-estate?bedroom=1,2,3,4,5&proptype=Multistorey-Apartment,Builder-Floor-Apartment,Penthouse,Studio-Apartment,Service-Apartment,Residential-House,Villa&cityName=Noida&page=1
2026-07-07 23:06:18,208 [INFO] Page 1: 30 listings parsed so far
2026-07-07 23:06:20,328 [INFO] Starting detail-page coordinate enrichment for 30 listings...
2026-07-07 23:06:26,301 [INFO] HTTP Request: GET https://www.magicbricks.com/aba-cleo-county-sector-121-noida-pdpid-4d4235303139303230#cardid-82273429 "HTTP/1.1 200 OK"
2026-07-07 23:06:33,790 [INFO] HTTP Request: GET https://www.magicbricks.com/ajnara-homes-noida-extension-noida-pdpid-4d4235303030393235#cardid-41287745 "HTTP/1.1 200 OK"
2026-07-07 23:06:37,910 [INFO] HTTP Request: GET https://www.magicbricks.com/jaypee-kosmos-sector-134-noida-pdpid-4d4235303030383436#cardid-84256721 "HTTP/1.1 200 OK"
2026-07-07 23:06:42,274 [INFO] HTTP Request: GET https://www.magicbricks.com/gaur-city-14th-avenue-noida-extension-noida-pdpid-4d4235323234343431#cardid-85412461 "HTTP/1.1 200 OK"
2026-07-07 23:06:47,505 [INFO] HTTP Request: GET https://www.magicbricks.com/amrapali-princely-estate-sector-76-noida-pdpid-4d4235303030383638#cardid-84553355 "HTTP/1.1 200 OK"
2026-07-07 23:06:52,821 [INFO] HTTP Request: GET https://www.magicbricks.com/aba-cleo-county-sector-121-noida-pdpid-4d4235303139303230#cardid-82980771 "HTTP/1.1 200 OK"
2026-07-07 23:06:56,056 [INFO] HTTP Request: GET https://www.magicbricks.com/aba-cleo-county-sector-121-noida-pdpid-4d4235303139303230#cardid-84082387 "HTTP/1.1 200 OK"
2026-07-07 23:07:02,079 [INFO] HTTP Request: GET https://www.magicbricks.com/mahagun-moderne-sector-78-noida-pdpid-4d4235303230373436#cardid-85332683 "HTTP/1.1 200 OK"
2026-07-07 23:07:07,079 [INFO] HTTP Request: GET https://www.magicbricks.com/pearls-gateway-towers-sector-44-noida-pdpid-4d4235303130333138#cardid-84164867 "HTTP/1.1 200 OK"
2026-07-07 23:07:10,460 [INFO] HTTP Request: GET https://www.magicbricks.com/kalpataru-vista-sultanpur-noida-pdpid-4d4235313135383335#cardid-85223913 "HTTP/1.1 301 Moved Permanently"
2026-07-07 23:07:10,866 [INFO] HTTP Request: GET https://www.magicbricks.com/kalpataru-vista-sector-128-noida-pdpid-4d4235313135383335#cardid-85223913 "HTTP/1.1 200 OK"
2026-07-07 23:07:11,031 [INFO] Detail-page enrichment: 10/30 processed, 10 coordinates found so far
2026-07-07 23:07:15,431 [INFO] HTTP Request: GET https://www.magicbricks.com/ats-one-hamlet-hazipur-noida-pdpid-4d4235303235353436#cardid-49055509 "HTTP/1.1 301 Moved Permanently"
2026-07-07 23:07:15,568 [INFO] HTTP Request: GET https://www.magicbricks.com/ats-one-hamlet-sector-104-noida-pdpid-4d4235303235353436#cardid-49055509 "HTTP/1.1 200 OK"
2026-07-07 23:07:24,552 [INFO] HTTP Request: GET https://www.magicbricks.com/amrapali-centurian-park-terrace-homes-noida-extension-noida-pdpid-4d4235303031323133#cardid-85410977 "HTTP/1.1 200 OK"
2026-07-07 23:07:30,045 [INFO] HTTP Request: GET https://www.magicbricks.com/jaypee-wish-town-klassic-sector-129-noida-pdpid-4d4235303130313439#cardid-84647849 "HTTP/1.1 200 OK"
2026-07-07 23:07:34,335 [INFO] HTTP Request: GET https://www.magicbricks.com/prateek-stylome-sector-45-noida-pdpid-4d4235303139353130#cardid-80680265 "HTTP/1.1 200 OK"
2026-07-07 23:07:39,048 [INFO] HTTP Request: GET https://www.magicbricks.com/kalpataru-vista-sector-128-noida-pdpid-4d4235313135383335#cardid-85244201 "HTTP/1.1 200 OK"
2026-07-07 23:07:44,043 [INFO] HTTP Request: GET https://www.magicbricks.com/amrapali-heart-beat-city-sector-107-noida-pdpid-4d4235303233383635#cardid-84155739 "HTTP/1.1 200 OK"
2026-07-07 23:07:49,527 [INFO] HTTP Request: GET https://www.magicbricks.com/grand-ajnara-heritage-sector-74-noida-pdpid-4d4235303233393931#cardid-82467133 "HTTP/1.1 200 OK"
2026-07-07 23:07:55,234 [INFO] HTTP Request: GET https://www.magicbricks.com/eldeco-live-by-the-greens-sector-150-noida-pdpid-4d4235313139363239#cardid-85195455 "HTTP/1.1 200 OK"
2026-07-07 23:08:02,438 [INFO] HTTP Request: GET https://www.magicbricks.com/propertyDetails/3-BHK-2510-Sq-ft-Multistorey-Apartment-FOR-Rent-Sector-75-in-Noida&id=4d423834383236343533#cardid-84826453 "HTTP/1.1 200 OK"
2026-07-07 23:08:09,219 [INFO] HTTP Request: GET https://www.magicbricks.com/kalpataru-vista-sector-128-noida-pdpid-4d4235313135383335#cardid-85166909 "HTTP/1.1 200 OK"
2026-07-07 23:08:09,704 [INFO] Detail-page enrichment: 20/30 processed, 20 coordinates found so far
2026-07-07 23:08:16,110 [INFO] HTTP Request: GET https://www.magicbricks.com/propertyDetails/3-BHK-1550-Sq-ft-Residential-House-FOR-Rent-Sector-75-in-Noida&id=4d423834353730333833#cardid-84570383 "HTTP/1.1 200 OK"
2026-07-07 23:08:22,315 [INFO] HTTP Request: GET https://www.magicbricks.com/panchsheel-pratishtha-sector-75-noida-pdpid-4d4235303139383038#cardid-82774183 "HTTP/1.1 200 OK"
2026-07-07 23:08:27,069 [INFO] HTTP Request: GET https://www.magicbricks.com/aba-cleo-county-sector-121-noida-pdpid-4d4235303139303230#cardid-84266103 "HTTP/1.1 200 OK"
2026-07-07 23:08:31,862 [INFO] HTTP Request: GET https://www.magicbricks.com/samridhi-luxuriya-avenue-sector-150-noida-pdpid-4d4235303833353733#cardid-82000853 "HTTP/1.1 200 OK"
2026-07-07 23:08:36,857 [INFO] HTTP Request: GET https://www.magicbricks.com/jaypee-greens-imperial-court-sector-128-noida-pdpid-4d4235303235313135#cardid-84344239 "HTTP/1.1 200 OK"
2026-07-07 23:08:43,909 [INFO] HTTP Request: GET https://www.magicbricks.com/civitech-stadia-sector-79-noida-pdpid-4d4235303232393932#cardid-83539221 "HTTP/1.1 200 OK"
2026-07-07 23:08:49,976 [INFO] HTTP Request: GET https://www.magicbricks.com/gulshan-dynasty-sector-144-noida-pdpid-4d4235313330393031#cardid-79645625 "HTTP/1.1 200 OK"
2026-07-07 23:08:56,417 [INFO] HTTP Request: GET https://www.magicbricks.com/ivy-county-sector-75-noida-pdpid-4d4235313236393639#cardid-84414117 "HTTP/1.1 200 OK"
2026-07-07 23:08:59,787 [INFO] HTTP Request: GET https://www.magicbricks.com/mahagun-moderne-sector-78-noida-pdpid-4d4235303230373436#cardid-64545405 "HTTP/1.1 200 OK"
2026-07-07 23:09:06,271 [INFO] HTTP Request: GET https://www.magicbricks.com/propertyDetails/3-BHK-1695-Sq-ft-Multistorey-Apartment-FOR-Rent-Sector-143-in-Noida&id=4d423832313930363435#cardid-82190645 "HTTP/1.1 200 OK"
2026-07-07 23:09:06,363 [INFO] Detail-page enrichment: 30/30 processed, 30 coordinates found so far
2026-07-07 23:09:06,364 [INFO] Detail-page enrichment complete: 30/30 listings got real coordinates
2026-07-07 23:09:06,364 [INFO] Scraped 30 total listings
2026-07-07 23:09:06,366 [INFO] Wrote 30 listings to scraped_listings.jsonl
2026-07-07 23:09:08,974 [INFO] No city name in config — reverse-geocoding (19.1136, 72.8697)...
2026-07-07 23:09:09,493 [INFO] Resolved city: Mumbai, state: Maharashtra
2026-07-07 23:09:09,495 [INFO] Saved resolved values back to C:\Users\riddh\OneDrive\Desktop\skymark-grid-project\config.json
2026-07-07 23:09:09,501 [INFO] Starting MagicBricks scrape run
2026-07-07 23:09:10,113 [INFO] Bootstrapping session via Playwright: https://www.magicbricks.com/property-for-rent/residential-real-estate?bedroom=1,2,3,4,5&proptype=Multistorey-Apartment,Builder-Floor-Apartment,Penthouse,Studio-Apartment,Service-Apartment,Residential-House,Villa&cityName=Mumbai&page=1
2026-07-07 23:09:12,626 [INFO] Page 1: 30 listings parsed so far
2026-07-07 23:09:13,161 [INFO] Starting detail-page coordinate enrichment for 30 listings...
2026-07-07 23:09:21,322 [INFO] HTTP Request: GET https://www.magicbricks.com/raheja-vista-powai-mumbai-pdpid-4d4235303030383235#cardid-83069399 "HTTP/1.1 200 OK"
2026-07-07 23:09:26,704 [INFO] HTTP Request: GET https://www.magicbricks.com/propertyDetails/4-BHK-3150-Sq-ft-Multistorey-Apartment-FOR-Rent-Juhu-in-Mumbai&id=4d423736313331393937#cardid-76131997 "HTTP/1.1 200 OK"
2026-07-07 23:09:30,933 [INFO] HTTP Request: GET https://www.magicbricks.com/lodha-bellissimo-mahalakshmi-mumbai-pdpid-4d4235303239353138#cardid-71771847 "HTTP/1.1 200 OK"
2026-07-07 23:09:35,236 [INFO] HTTP Request: GET https://www.magicbricks.com/mount-everest-building-wadala-east-mumbai-pdpid-4d4235323038343139#cardid-83293027 "HTTP/1.1 200 OK"
2026-07-07 23:09:48,213 [INFO] HTTP Request: GET https://www.magicbricks.com/lodha-the-world-towers-lower-parel-mumbai-pdpid-4d4235303432303030#cardid-84420085 "HTTP/1.1 200 OK"
2026-07-07 23:09:52,803 [INFO] HTTP Request: GET https://www.magicbricks.com/rivali-park-borivali-east-mumbai-pdpid-4d4235303232333030#cardid-85361899 "HTTP/1.1 200 OK"
2026-07-07 23:09:57,429 [INFO] HTTP Request: GET https://www.magicbricks.com/lodha-the-world-towers-lower-parel-mumbai-pdpid-4d4235303432303030#cardid-55311683 "HTTP/1.1 200 OK"
2026-07-07 23:10:04,055 [INFO] HTTP Request: GET https://www.magicbricks.com/lokhandwala-imperial-heights-bandra-west-mumbai-pdpid-4d4235303435343530#cardid-84113003 "HTTP/1.1 200 OK"
2026-07-07 23:10:10,072 [INFO] HTTP Request: GET https://www.magicbricks.com/lodha-aura-wadala-mumbai-pdpid-4d4235333239353839#cardid-85329357 "HTTP/1.1 200 OK"
2026-07-07 23:10:13,126 [INFO] HTTP Request: GET https://www.magicbricks.com/lodha-adrina-upper-worli-mumbai-pdpid-4d4235343033313539#cardid-84447215 "HTTP/1.1 301 Moved Permanently"
2026-07-07 23:10:14,040 [INFO] HTTP Request: GET https://www.magicbricks.com/lodha-adrina-worli-mumbai-pdpid-4d4235343033313539#cardid-84447215 "HTTP/1.1 200 OK"
2026-07-07 23:10:14,161 [INFO] Detail-page enrichment: 10/30 processed, 10 coordinates found so far
2026-07-07 23:10:18,749 [INFO] HTTP Request: GET https://www.magicbricks.com/propertyDetails/3-BHK-1250-Sq-ft-Multistorey-Apartment-FOR-Rent-Mulund-West-in-Mumbai&id=4d423536353637343135#cardid-56567415 "HTTP/1.1 200 OK"
2026-07-07 23:10:25,510 [INFO] HTTP Request: GET https://www.magicbricks.com/samarth-aangan-andheri-west-mumbai-pdpid-4d4235303031333235#cardid-84116561 "HTTP/1.1 200 OK"
2026-07-07 23:10:31,345 [INFO] HTTP Request: GET https://www.magicbricks.com/rustomjee-erika-bandra-east-mumbai-pdpid-4d4235333236393433#cardid-80732187 "HTTP/1.1 200 OK"
2026-07-07 23:10:36,273 [INFO] HTTP Request: GET https://www.magicbricks.com/propertyDetails/5-BHK-2100-Sq-ft-Multistorey-Apartment-FOR-Rent-Bandra-East-in-Mumbai&id=4d423833343534383237#cardid-83454827 "HTTP/1.1 200 OK"
2026-07-07 23:10:43,115 [INFO] HTTP Request: GET https://www.magicbricks.com/lodha-fiorenza-goregaon-east-mumbai-pdpid-4d4235303030373537#cardid-80444189 "HTTP/1.1 200 OK"
2026-07-07 23:10:51,108 [INFO] HTTP Request: GET https://www.magicbricks.com/wadhwa-the-address-ghatkopar-west-mumbai-pdpid-4d4235303136363236#cardid-82991457 "HTTP/1.1 200 OK"
2026-07-07 23:10:56,450 [INFO] HTTP Request: GET https://www.magicbricks.com/kanakia-silicon-valley-powai-mumbai-pdpid-4d4235313336343131#cardid-84162427 "HTTP/1.1 200 OK"
2026-07-07 23:11:02,720 [INFO] HTTP Request: GET https://www.magicbricks.com/ir-horizon-tower-andheri-east-mumbai-pdpid-4d4235343431343739#cardid-84293195 "HTTP/1.1 200 OK"
2026-07-07 23:11:08,526 [INFO] HTTP Request: GET https://www.magicbricks.com/propertyDetails/3-BHK-1020-Sq-ft-Multistorey-Apartment-FOR-Rent-Vile-Parle-East-in-Mumbai&id=4d423834303232373239#cardid-84022729 "HTTP/1.1 200 OK"
2026-07-07 23:11:15,385 [INFO] HTTP Request: GET https://www.magicbricks.com/l&t-elixir-reserve-powai-mumbai-pdpid-4d4235333236323137#cardid-83871053 "HTTP/1.1 200 OK"
2026-07-07 23:11:16,175 [INFO] Detail-page enrichment: 20/30 processed, 20 coordinates found so far
2026-07-07 23:11:20,206 [INFO] HTTP Request: GET https://www.magicbricks.com/piramal-mahalaxmi-mahalakshmi-mumbai-pdpid-4d4235313134393335#cardid-80329451 "HTTP/1.1 200 OK"
2026-07-07 23:11:26,267 [INFO] HTTP Request: GET https://www.magicbricks.com/lodha-park-worli-mumbai-pdpid-4d4235303230393331#cardid-84578001 "HTTP/1.1 200 OK"
2026-07-07 23:11:32,497 [INFO] HTTP Request: GET https://www.magicbricks.com/oberoi-esquire-goregaon-east-mumbai-pdpid-4d4235303230303039#cardid-84657985 "HTTP/1.1 200 OK"
2026-07-07 23:11:40,064 [INFO] HTTP Request: GET https://www.magicbricks.com/prestige-siesta-mulund-west-mumbai-pdpid-4d4235303430393634#cardid-83084853 "HTTP/1.1 200 OK"
2026-07-07 23:11:46,618 [INFO] HTTP Request: GET https://www.magicbricks.com/hiranandani-heritage-powai-mumbai-pdpid-4d4235303837363830#cardid-85015097 "HTTP/1.1 200 OK"
2026-07-07 23:11:52,448 [INFO] HTTP Request: GET https://www.magicbricks.com/propertyDetails/3-BHK-1872-Sq-ft-Multistorey-Apartment-FOR-Rent-Vile-Parle-East-in-Mumbai&id=4d423835343135393537#cardid-85415957 "HTTP/1.1 200 OK"
2026-07-07 23:11:58,083 [INFO] HTTP Request: GET https://www.magicbricks.com/propertyDetails/4-BHK-2900-Sq-ft-Multistorey-Apartment-FOR-Rent-Juhu-in-Mumbai&id=4d423738343539373631#cardid-78459761 "HTTP/1.1 200 OK"
2026-07-07 23:12:03,017 [INFO] HTTP Request: GET https://www.magicbricks.com/trump-tower-worli-mumbai-pdpid-4d4235303730383739#cardid-82068239 "HTTP/1.1 200 OK"
2026-07-07 23:12:08,534 [INFO] HTTP Request: GET https://www.magicbricks.com/kalpataru-magnus-bandra-east-mumbai-pdpid-4d4235313135343639#cardid-82695413 "HTTP/1.1 200 OK"
2026-07-07 23:12:14,514 [INFO] HTTP Request: GET https://www.magicbricks.com/zee-ashtavinayak-andheri-west-mumbai-pdpid-4d4235343138303337#cardid-83444319 "HTTP/1.1 200 OK"
2026-07-07 23:12:14,749 [INFO] Detail-page enrichment: 30/30 processed, 30 coordinates found so far
2026-07-07 23:12:14,749 [INFO] Detail-page enrichment complete: 30/30 listings got real coordinates
2026-07-07 23:12:14,749 [INFO] Scraped 30 total listings
2026-07-07 23:12:14,751 [INFO] Wrote 30 listings to scraped_listings.jsonl
2026-07-07 23:12:17,289 [INFO] No city name in config — reverse-geocoding (18.5195, 73.8553)...
2026-07-07 23:12:18,007 [INFO] Resolved city: Pune, state: Maharashtra
2026-07-07 23:12:18,008 [INFO] Saved resolved values back to C:\Users\riddh\OneDrive\Desktop\skymark-grid-project\config.json
2026-07-07 23:12:18,014 [INFO] Starting MagicBricks scrape run
2026-07-07 23:12:18,656 [INFO] Bootstrapping session via Playwright: https://www.magicbricks.com/property-for-rent/residential-real-estate?bedroom=1,2,3,4,5&proptype=Multistorey-Apartment,Builder-Floor-Apartment,Penthouse,Studio-Apartment,Service-Apartment,Residential-House,Villa&cityName=Pune&page=1
2026-07-07 23:12:23,615 [INFO] Page 1: 30 listings parsed so far
2026-07-07 23:12:24,129 [INFO] Starting detail-page coordinate enrichment for 30 listings...
2026-07-07 23:12:31,344 [INFO] HTTP Request: GET https://www.magicbricks.com/panchshil-towers-kharadi-pune-pdpid-4d4235303139383033#cardid-79316601 "HTTP/1.1 200 OK"
2026-07-07 23:12:34,942 [INFO] HTTP Request: GET https://www.magicbricks.com/brahma-aangan-wanowrie-pune-pdpid-4d4235333635333035#cardid-85205141 "HTTP/1.1 200 OK"
2026-07-07 23:12:39,620 [INFO] HTTP Request: GET https://www.magicbricks.com/kolte-patil-life-republic-hinjewadi-pune-pdpid-4d4235303231313837#cardid-77735361 "HTTP/1.1 200 OK"
2026-07-07 23:12:45,344 [INFO] HTTP Request: GET https://www.magicbricks.com/k-raheja-vistas-nibm-road-pune-pdpid-4d4235303033363837#cardid-83502957 "HTTP/1.1 200 OK"
2026-07-07 23:12:49,307 [INFO] HTTP Request: GET https://www.magicbricks.com/sky-belvedere-viman-nagar-pune-pdpid-4d4235303033343136#cardid-85152463 "HTTP/1.1 200 OK"
2026-07-07 23:12:53,297 [INFO] HTTP Request: GET https://www.magicbricks.com/propertyDetails/1-BHK-750-Sq-ft-Multistorey-Apartment-FOR-Rent-Hinjewadi-in-Pune&id=4d423834363734393533#cardid-84674953 "HTTP/1.1 200 OK"
2026-07-07 23:12:57,083 [INFO] HTTP Request: GET https://www.magicbricks.com/kolte-patil-life-republic-hinjewadi-pune-pdpid-4d4235303231313837#cardid-81290539 "HTTP/1.1 200 OK"
2026-07-07 23:13:03,219 [INFO] HTTP Request: GET https://www.magicbricks.com/propertyDetails/2-BHK-950-Sq-ft-Multistorey-Apartment-FOR-Rent-Sinhgad-Road-in-Pune&id=4d423835323735373333#cardid-85275733 "HTTP/1.1 200 OK"
2026-07-07 23:13:07,138 [INFO] HTTP Request: GET https://www.magicbricks.com/212-riverwalk-kalyani-nagar-pune-pdpid-4d4235313130363733#cardid-85365757 "HTTP/1.1 200 OK"
2026-07-07 23:13:12,533 [INFO] HTTP Request: GET https://www.magicbricks.com/panchshil-eon-waterfront-kharadi-pune-pdpid-4d4235303139383031#cardid-84108795 "HTTP/1.1 200 OK"
2026-07-07 23:13:12,675 [INFO] Detail-page enrichment: 10/30 processed, 10 coordinates found so far
2026-07-07 23:13:19,083 [INFO] HTTP Request: GET https://www.magicbricks.com/propertyDetails/1-BHK-700-Sq-ft-Multistorey-Apartment-FOR-Rent-Kalyani-Nagar-in-Pune&id=4d423834393332343537#cardid-84932457 "HTTP/1.1 200 OK"
2026-07-07 23:13:23,663 [INFO] HTTP Request: GET https://www.magicbricks.com/clover-pinnacle-ridge-nibm-road-pune-pdpid-4d4235303034303138#cardid-84924083 "HTTP/1.1 301 Moved Permanently"
2026-07-07 23:13:24,541 [INFO] HTTP Request: GET https://www.magicbricks.com/clover-pinnacle-ridge-kondhwa-pune-pdpid-4d4235303034303138#cardid-84924083 "HTTP/1.1 200 OK"
2026-07-07 23:13:28,784 [INFO] HTTP Request: GET https://www.magicbricks.com/shubh-nirvana-viman-nagar-pune-pdpid-4d4235333333393337#cardid-84942345 "HTTP/1.1 200 OK"
2026-07-07 23:13:37,113 [INFO] HTTP Request: GET https://www.magicbricks.com/pride-purple-park-grandeur-baner-pune-pdpid-4d4235303238373832#cardid-75343627 "HTTP/1.1 200 OK"
2026-07-07 23:13:42,769 [INFO] HTTP Request: GET https://www.magicbricks.com/tribeca-the-ark-voyage-to-the-stars-nibm-road-pune-pdpid-4d4235303838343036#cardid-83114065 "HTTP/1.1 200 OK"
2026-07-07 23:13:48,725 [INFO] HTTP Request: GET https://www.magicbricks.com/vtp-hilife-wakad-pune-pdpid-4d4235313135383135#cardid-85102427 "HTTP/1.1 200 OK"
2026-07-07 23:13:56,248 [INFO] HTTP Request: GET https://www.magicbricks.com/paranjape-the-groves-hinjewadi-pune-pdpid-4d4235333533343231#cardid-85325167 "HTTP/1.1 200 OK"
2026-07-07 23:14:03,764 [INFO] HTTP Request: GET https://www.magicbricks.com/cosmos-magarpatta-city-pune-pdpid-4d4235303031373837#cardid-84281763 "HTTP/1.1 200 OK"
2026-07-07 23:14:08,907 [INFO] HTTP Request: GET https://www.magicbricks.com/prabhat-vandan-apartments-prabhat-road-pune-pdpid-4d4235303034363538#cardid-64042939 "HTTP/1.1 200 OK"
2026-07-07 23:14:13,144 [INFO] HTTP Request: GET https://www.magicbricks.com/balaji-oriana-nest-baner-pune-pdpid-4d4235343433343335#cardid-84790631 "HTTP/1.1 200 OK"
2026-07-07 23:14:13,312 [INFO] Detail-page enrichment: 20/30 processed, 20 coordinates found so far
2026-07-07 23:14:20,218 [INFO] HTTP Request: GET https://www.magicbricks.com/sai-dwarka-wagholi-pune-pdpid-4d4235303832393835#cardid-85330563 "HTTP/1.1 200 OK"
2026-07-07 23:14:27,077 [INFO] HTTP Request: GET https://www.magicbricks.com/gini-viviana-balewadi-pune-pdpid-4d4235303033383132#cardid-83076797 "HTTP/1.1 200 OK"
2026-07-07 23:14:32,149 [INFO] HTTP Request: GET https://www.magicbricks.com/majestique-nest-phursungi-pune-pdpid-4d4235313135323035#cardid-85356417 "HTTP/1.1 200 OK"
2026-07-07 23:14:36,281 [INFO] HTTP Request: GET https://www.magicbricks.com/jade-residences-2-wagholi-pune-pdpid-4d4235313333383039#cardid-73846387 "HTTP/1.1 200 OK"
2026-07-07 23:14:40,892 [INFO] HTTP Request: GET https://www.magicbricks.com/shubh-nirvana-viman-nagar-pune-pdpid-4d4235333333393337#cardid-85379903 "HTTP/1.1 200 OK"
2026-07-07 23:14:48,090 [INFO] HTTP Request: GET https://www.magicbricks.com/amanora-trendy-homes-hadapsar-pune-pdpid-4d4235303034343038#cardid-58105929 "HTTP/1.1 200 OK"
2026-07-07 23:14:53,227 [INFO] HTTP Request: GET https://www.magicbricks.com/kolte-patil-rose-parade-nibm-road-pune-pdpid-4d4235303033353538#cardid-84688945 "HTTP/1.1 301 Moved Permanently"
2026-07-07 23:14:55,438 [INFO] HTTP Request: GET https://www.magicbricks.com/kolte-patil-rose-parade-kondhwa-pune-pdpid-4d4235303033353538#cardid-84688945 "HTTP/1.1 200 OK"
2026-07-07 23:15:00,262 [INFO] HTTP Request: GET https://www.magicbricks.com/kolte-patil-tuscan-estate-signature-meadows-kharadi-pune-pdpid-4d4235303231313833#cardid-83991259 "HTTP/1.1 200 OK"
2026-07-07 23:15:05,107 [INFO] HTTP Request: GET https://www.magicbricks.com/paranjape-madhukosh-sinhgad-road-pune-pdpid-4d4235303730363431#cardid-84417797 "HTTP/1.1 200 OK"
2026-07-07 23:15:09,924 [INFO] HTTP Request: GET https://www.magicbricks.com/pristine-ilife-mundhwa-mundhwa-pune-pdpid-4d4235333333363633#cardid-85436951 "HTTP/1.1 200 OK"
2026-07-07 23:15:10,042 [INFO] Detail-page enrichment: 30/30 processed, 30 coordinates found so far
2026-07-07 23:15:10,042 [INFO] Detail-page enrichment complete: 30/30 listings got real coordinates
2026-07-07 23:15:10,043 [INFO] Scraped 30 total listings
2026-07-07 23:15:10,045 [INFO] Wrote 30 listings to scraped_listings.jsonl
2026-07-07 23:15:28,148 [INFO] No city name in config — reverse-geocoding (28.5074, 77.3912)...
2026-07-07 23:15:28,254 [INFO] Resolved city: Noida, state: Uttar Pradesh
2026-07-07 23:15:28,256 [INFO] Saved resolved values back to C:\Users\riddh\OneDrive\Desktop\skymark-grid-project\config.json
2026-07-07 23:15:28,261 [INFO] Starting MagicBricks scrape run
2026-07-07 23:15:28,942 [INFO] Bootstrapping session via Playwright: https://www.magicbricks.com/property-for-rent/residential-real-estate?bedroom=1,2,3,4,5&proptype=Multistorey-Apartment,Builder-Floor-Apartment,Penthouse,Studio-Apartment,Service-Apartment,Residential-House,Villa&cityName=Noida&page=1
2026-07-07 23:15:31,367 [INFO] Page 1: 30 listings parsed so far
2026-07-07 23:15:31,853 [INFO] Starting detail-page coordinate enrichment for 30 listings...
2026-07-08 13:42:15,325 [INFO] No city name in config — reverse-geocoding (28.5074, 77.3912)...
2026-07-08 13:42:15,619 [INFO] Resolved city: Noida, state: Uttar Pradesh
2026-07-08 13:42:15,621 [INFO] Saved resolved values back to C:\Users\riddh\OneDrive\Desktop\skymark-grid-project\config.json
2026-07-08 13:42:15,624 [INFO] Starting MagicBricks scrape run
2026-07-08 13:42:19,675 [INFO] Bootstrapping session via Playwright: https://www.magicbricks.com/property-for-rent/residential-real-estate?bedroom=1,2,3,4,5&proptype=Multistorey-Apartment,Builder-Floor-Apartment,Penthouse,Studio-Apartment,Service-Apartment,Residential-House,Villa&cityName=Noida&page=1
2026-07-08 13:42:24,936 [INFO] Page 1: 30 listings parsed so far
2026-07-08 13:42:25,820 [INFO] Starting detail-page coordinate enrichment for 30 listings...
2026-07-08 13:42:31,716 [INFO] HTTP Request: GET https://www.magicbricks.com/aba-cleo-county-sector-121-noida-pdpid-4d4235303139303230#cardid-83303695 "HTTP/1.1 200 OK"
2026-07-08 13:42:36,564 [INFO] HTTP Request: GET https://www.magicbricks.com/ajnara-homes-noida-extension-noida-pdpid-4d4235303030393235#cardid-41287745 "HTTP/1.1 200 OK"
2026-07-08 13:42:44,388 [INFO] HTTP Request: GET https://www.magicbricks.com/jaypee-klassic-sector-134-noida-pdpid-4d4235303231353035#cardid-85257169 "HTTP/1.1 200 OK"
2026-07-08 13:42:50,790 [INFO] HTTP Request: GET https://www.magicbricks.com/county-107-sector-107-noida-pdpid-4d4235313234373439#cardid-79645351 "HTTP/1.1 200 OK"
2026-07-08 13:42:55,328 [INFO] HTTP Request: GET https://www.magicbricks.com/propertyDetails/3-BHK-3302-Sq-ft-Multistorey-Apartment-FOR-Rent-Sector-108-Parx-Laureate-in-Noida&id=4d423536343231333933#cardid-56421393 "HTTP/1.1 200 OK"
2026-07-08 13:43:00,926 [INFO] HTTP Request: GET https://www.magicbricks.com/purvanchal-royal-park-sector-137-noida-pdpid-4d4235303139333236#cardid-81355349 "HTTP/1.1 200 OK"
2026-07-08 13:43:07,499 [INFO] HTTP Request: GET https://www.magicbricks.com/amrapali-princely-estate-sector-76-noida-pdpid-4d4235303030383638#cardid-84553355 "HTTP/1.1 200 OK"
2026-07-08 13:43:12,614 [INFO] HTTP Request: GET https://www.magicbricks.com/gaur-city-7th-avenue-noida-extension-noida-pdpid-4d4235303737323133#cardid-85360139 "HTTP/1.1 200 OK"
2026-07-08 13:43:15,585 [INFO] HTTP Request: GET https://www.magicbricks.com/aba-cleo-county-sector-121-noida-pdpid-4d4235303139303230#cardid-82980955 "HTTP/1.1 200 OK"
2026-07-08 13:43:21,110 [INFO] HTTP Request: GET https://www.magicbricks.com/aba-cleo-county-sector-121-noida-pdpid-4d4235303139303230#cardid-84082387 "HTTP/1.1 200 OK"
2026-07-08 13:43:21,260 [INFO] Detail-page enrichment: 10/30 processed, 10 coordinates found so far
2026-07-08 13:43:24,505 [INFO] HTTP Request: GET https://www.magicbricks.com/eldeco-utopia-sector-93a-noida-pdpid-4d4235303031303036#cardid-84658989 "HTTP/1.1 200 OK"
2026-07-08 13:43:30,982 [INFO] HTTP Request: GET https://www.magicbricks.com/royal-nest-noida-extension-noida-pdpid-4d4235303933393337#cardid-85362321 "HTTP/1.1 200 OK"
2026-07-08 13:43:36,874 [INFO] HTTP Request: GET https://www.magicbricks.com/pearls-gateway-towers-sector-44-noida-pdpid-4d4235303130333138#cardid-84164867 "HTTP/1.1 200 OK"
2026-07-08 13:43:44,142 [INFO] HTTP Request: GET https://www.magicbricks.com/prateek-stylome-sector-45-noida-pdpid-4d4235303139353130#cardid-85406285 "HTTP/1.1 200 OK"
2026-07-08 13:43:48,141 [INFO] HTTP Request: GET https://www.magicbricks.com/lotus-300-sector-107-noida-pdpid-4d4235303031323932#cardid-85360881 "HTTP/1.1 200 OK"
2026-07-08 13:43:52,223 [INFO] HTTP Request: GET https://www.magicbricks.com/kalpataru-vista-sultanpur-noida-pdpid-4d4235313135383335#cardid-85223913 "HTTP/1.1 301 Moved Permanently"
2026-07-08 13:43:54,803 [INFO] HTTP Request: GET https://www.magicbricks.com/kalpataru-vista-sector-128-noida-pdpid-4d4235313135383335#cardid-85223913 "HTTP/1.1 200 OK"
2026-07-08 13:43:59,778 [INFO] HTTP Request: GET https://www.magicbricks.com/ambience-tiverton-sector-50-noida-pdpid-4d4235303731303033#cardid-85299017 "HTTP/1.1 200 OK"
2026-07-08 13:44:02,931 [INFO] HTTP Request: GET https://www.magicbricks.com/kalpataru-vista-sector-128-noida-pdpid-4d4235313135383335#cardid-85244201 "HTTP/1.1 200 OK"
2026-07-08 13:44:09,643 [INFO] HTTP Request: GET https://www.magicbricks.com/amrapali-centurian-park-terrace-homes-noida-extension-noida-pdpid-4d4235303031323133#cardid-85264181 "HTTP/1.1 200 OK"
2026-07-08 13:44:17,113 [INFO] HTTP Request: GET https://www.magicbricks.com/grand-ajnara-heritage-sector-74-noida-pdpid-4d4235303233393931#cardid-82467133 "HTTP/1.1 200 OK"
2026-07-08 13:44:17,427 [INFO] Detail-page enrichment: 20/30 processed, 20 coordinates found so far
2026-07-08 13:44:22,130 [INFO] HTTP Request: GET https://www.magicbricks.com/propertyDetails/3-BHK-2510-Sq-ft-Multistorey-Apartment-FOR-Rent-Sector-75-in-Noida&id=4d423834383236343533#cardid-84826453 "HTTP/1.1 200 OK"
2026-07-08 13:44:27,378 [INFO] HTTP Request: GET https://www.magicbricks.com/eldeco-live-by-the-greens-sector-150-noida-pdpid-4d4235313139363239#cardid-85195455 "HTTP/1.1 200 OK"
2026-07-08 13:44:31,960 [INFO] HTTP Request: GET https://www.magicbricks.com/jaypee-wish-town-klassic-sector-129-noida-pdpid-4d4235303130313439#cardid-84647849 "HTTP/1.1 200 OK"
2026-07-08 13:44:36,136 [INFO] HTTP Request: GET https://www.magicbricks.com/kalpataru-vista-sector-128-noida-pdpid-4d4235313135383335#cardid-85166909 "HTTP/1.1 200 OK"
2026-07-08 13:44:42,581 [INFO] HTTP Request: GET https://www.magicbricks.com/panchsheel-pratishtha-sector-75-noida-pdpid-4d4235303139383038#cardid-82774183 "HTTP/1.1 200 OK"
2026-07-08 13:44:47,225 [INFO] HTTP Request: GET https://www.magicbricks.com/aba-cleo-county-sector-121-noida-pdpid-4d4235303139303230#cardid-84266103 "HTTP/1.1 200 OK"
2026-07-08 13:44:51,731 [INFO] HTTP Request: GET https://www.magicbricks.com/jaypee-greens-augusta-town-homes-sector-128-noida-pdpid-4d4235303938363339#cardid-85442231 "HTTP/1.1 200 OK"
2026-07-08 13:44:56,338 [INFO] HTTP Request: GET https://www.magicbricks.com/samridhi-luxuriya-avenue-sector-150-noida-pdpid-4d4235303833353733#cardid-82000853 "HTTP/1.1 200 OK"
2026-07-08 13:45:05,854 [INFO] HTTP Request: GET https://www.magicbricks.com/civitech-stadia-sector-79-noida-pdpid-4d4235303232393932#cardid-83539221 "HTTP/1.1 200 OK"
2026-07-08 13:45:11,361 [INFO] HTTP Request: GET https://www.magicbricks.com/mahagun-mezzaria-sector-78-noida-pdpid-4d4235303230373435#cardid-48285477 "HTTP/1.1 200 OK"
2026-07-08 13:45:11,525 [INFO] Detail-page enrichment: 30/30 processed, 30 coordinates found so far
2026-07-08 13:45:11,525 [INFO] Detail-page enrichment complete: 30/30 listings got real coordinates
2026-07-08 13:45:11,526 [INFO] Scraped 30 total listings
2026-07-08 13:45:11,528 [INFO] Wrote 30 listings to scraped_listings.jsonl
2026-07-08 13:45:14,897 [INFO] No city name in config — reverse-geocoding (19.1136, 72.8697)...
2026-07-08 13:45:15,378 [INFO] Resolved city: Mumbai, state: Maharashtra
2026-07-08 13:45:15,380 [INFO] Saved resolved values back to C:\Users\riddh\OneDrive\Desktop\skymark-grid-project\config.json
2026-07-08 13:45:15,388 [INFO] Starting MagicBricks scrape run
2026-07-08 13:45:16,141 [INFO] Bootstrapping session via Playwright: https://www.magicbricks.com/property-for-rent/residential-real-estate?bedroom=1,2,3,4,5&proptype=Multistorey-Apartment,Builder-Floor-Apartment,Penthouse,Studio-Apartment,Service-Apartment,Residential-House,Villa&cityName=Mumbai&page=1
2026-07-08 13:45:23,734 [WARNING] Rejecting implausible monthly_rent=1900000.0 for cardid=66161303 (source text: 1900000) — outside the 1,000-1,000,000 sanity range.
2026-07-08 13:45:23,750 [WARNING] Rejecting implausible monthly_rent=1130139.0 for cardid=84604309 (source text: 1130139) — outside the 1,000-1,000,000 sanity range.
2026-07-08 13:45:23,764 [WARNING] Rejecting implausible monthly_rent=1200000.0 for cardid=84407275 (source text: 1200000) — outside the 1,000-1,000,000 sanity range.
2026-07-08 13:45:23,766 [INFO] Page 1: 30 listings parsed so far
2026-07-08 13:45:24,326 [INFO] Starting detail-page coordinate enrichment for 30 listings...
2026-07-08 13:45:30,124 [INFO] HTTP Request: GET https://www.magicbricks.com/lodha-bellagio-powai-mumbai-pdpid-4d4235333237323933#cardid-84475091 "HTTP/1.1 200 OK"
2026-07-08 13:45:34,799 [INFO] HTTP Request: GET https://www.magicbricks.com/lodha-world-crest-lower-parel-mumbai-pdpid-4d4235303230383632#cardid-81885969 "HTTP/1.1 200 OK"
2026-07-08 13:45:39,218 [INFO] HTTP Request: GET https://www.magicbricks.com/lodha-bellissimo-mahalakshmi-mumbai-pdpid-4d4235303239353138#cardid-71771847 "HTTP/1.1 200 OK"
2026-07-08 13:45:44,165 [INFO] HTTP Request: GET https://www.magicbricks.com/ajmera-aeon-wadala-east-mumbai-pdpid-4d4235303239333939#cardid-83105135 "HTTP/1.1 301 Moved Permanently"
2026-07-08 13:45:45,590 [INFO] HTTP Request: GET https://www.magicbricks.com/ajmera-aeon-wadala-mumbai-pdpid-4d4235303239333939#cardid-83105135 "HTTP/1.1 200 OK"
2026-07-08 13:45:51,563 [INFO] HTTP Request: GET https://www.magicbricks.com/propertyDetails/4-BHK-3899-Sq-ft-Multistorey-Apartment-FOR-Rent-Juhu-in-Mumbai&id=4d423834353133343937#cardid-84513497 "HTTP/1.1 200 OK"
2026-07-08 13:45:57,159 [INFO] HTTP Request: GET https://www.magicbricks.com/rustomjee-paramount-khar-west-mumbai-pdpid-4d4235303237323439#cardid-84194891 "HTTP/1.1 200 OK"
2026-07-08 13:46:02,486 [INFO] HTTP Request: GET https://www.magicbricks.com/adani-western-heights-andheri-west-mumbai-pdpid-4d4235303432363436#cardid-83055763 "HTTP/1.1 200 OK"
2026-07-08 13:46:08,395 [INFO] HTTP Request: GET https://www.magicbricks.com/k-raheja-artesia-worli-mumbai-pdpid-4d4235303936373035#cardid-66161303 "HTTP/1.1 200 OK"
2026-07-08 13:46:15,231 [INFO] HTTP Request: GET https://www.magicbricks.com/lodha-adrina-upper-worli-mumbai-pdpid-4d4235343033313539#cardid-84447215 "HTTP/1.1 301 Moved Permanently"
2026-07-08 13:46:15,695 [INFO] HTTP Request: GET https://www.magicbricks.com/lodha-adrina-worli-mumbai-pdpid-4d4235343033313539#cardid-84447215 "HTTP/1.1 200 OK"
2026-07-08 13:46:24,098 [INFO] HTTP Request: GET https://www.magicbricks.com/propertyDetails/3-BHK-2500-Sq-ft-Multistorey-Apartment-FOR-Rent-Mulund-West-in-Mumbai&id=4d423538353936353435#cardid-58596545 "HTTP/1.1 200 OK"
2026-07-08 13:46:24,204 [INFO] Detail-page enrichment: 10/30 processed, 10 coordinates found so far
2026-07-08 13:46:28,616 [INFO] HTTP Request: GET https://www.magicbricks.com/oberoi-sky-heights-andheri-west-mumbai-pdpid-4d4235303337393534#cardid-84148393 "HTTP/1.1 200 OK"
2026-07-08 13:46:32,520 [INFO] HTTP Request: GET https://www.magicbricks.com/rustomjee-seasons-bandra-east-mumbai-pdpid-4d4235303237323636#cardid-63599929 "HTTP/1.1 200 OK"
2026-07-08 13:46:37,174 [INFO] HTTP Request: GET https://www.magicbricks.com/wadhwa-the-address-ghatkopar-west-mumbai-pdpid-4d4235303136363236#cardid-82991457 "HTTP/1.1 200 OK"
2026-07-08 13:46:42,812 [INFO] HTTP Request: GET https://www.magicbricks.com/hiranandani-regent-hill-powai-mumbai-pdpid-4d4235313231393739#cardid-85405283 "HTTP/1.1 200 OK"
2026-07-08 13:46:46,732 [INFO] HTTP Request: GET https://www.magicbricks.com/apraulic-sterling-court-andheri-east-mumbai-pdpid-4d4235303433353033#cardid-84140493 "HTTP/1.1 200 OK"
2026-07-08 13:46:54,719 [INFO] HTTP Request: GET https://www.magicbricks.com/oberoi-springs-andheri-west-mumbai-pdpid-4d4235303230303038#cardid-76455749 "HTTP/1.1 200 OK"
2026-07-08 13:47:00,546 [INFO] HTTP Request: GET https://www.magicbricks.com/rustomjee-seasons-bandra-east-mumbai-pdpid-4d4235303237323636#cardid-84140167 "HTTP/1.1 200 OK"
2026-07-08 13:47:05,984 [INFO] HTTP Request: GET https://www.magicbricks.com/mahindra-vivante-andheri-east-mumbai-pdpid-4d4235303837323037#cardid-83019689 "HTTP/1.1 200 OK"
2026-07-08 13:47:10,141 [INFO] HTTP Request: GET https://www.magicbricks.com/piramal-mahalaxmi-mahalakshmi-mumbai-pdpid-4d4235313134393335#cardid-84233791 "HTTP/1.1 200 OK"
2026-07-08 13:47:16,841 [INFO] HTTP Request: GET https://www.magicbricks.com/lodha-world-view-worli-mumbai-pdpid-4d4235313037343435#cardid-84604309 "HTTP/1.1 200 OK"
2026-07-08 13:47:17,132 [INFO] Detail-page enrichment: 20/30 processed, 20 coordinates found so far
2026-07-08 13:47:22,272 [INFO] HTTP Request: GET https://www.magicbricks.com/oberoi-esquire-goregaon-east-mumbai-pdpid-4d4235303230303039#cardid-84658067 "HTTP/1.1 200 OK"
2026-07-08 13:47:25,837 [INFO] HTTP Request: GET https://www.magicbricks.com/propertyDetails/1-BHK-400-Sq-ft-Multistorey-Apartment-FOR-Rent-Mulund-West-in-Mumbai&id=4d423834333236303937#cardid-84326097 "HTTP/1.1 200 OK"
2026-07-08 13:47:31,264 [INFO] HTTP Request: GET https://www.magicbricks.com/hiranandani-castle-rock-powai-mumbai-pdpid-4d4235303937363333#cardid-82114969 "HTTP/1.1 200 OK"
2026-07-08 13:47:36,900 [INFO] HTTP Request: GET https://www.magicbricks.com/bharat-juhu-acropolis-juhu-mumbai-pdpid-4d4235313237313633#cardid-77840643 "HTTP/1.1 200 OK"
2026-07-08 13:47:42,632 [INFO] HTTP Request: GET https://www.magicbricks.com/propertyDetails/3-BHK-1020-Sq-ft-Multistorey-Apartment-FOR-Rent-Vile-Parle-East-in-Mumbai&id=4d423834303232373239#cardid-84022729 "HTTP/1.1 200 OK"
2026-07-08 13:47:47,140 [INFO] HTTP Request: GET https://www.magicbricks.com/propertyDetails/3-BHK-1872-Sq-ft-Multistorey-Apartment-FOR-Rent-Vile-Parle-East-in-Mumbai&id=4d423835343135393537#cardid-85415957 "HTTP/1.1 200 OK"
2026-07-08 13:47:52,259 [INFO] HTTP Request: GET https://www.magicbricks.com/trump-tower-worli-mumbai-pdpid-4d4235303730383739#cardid-56926777 "HTTP/1.1 200 OK"
2026-07-08 13:47:58,503 [INFO] HTTP Request: GET https://www.magicbricks.com/kalpataru-magnus-bandra-east-mumbai-pdpid-4d4235313135343639#cardid-82695413 "HTTP/1.1 200 OK"
2026-07-08 13:48:04,892 [INFO] HTTP Request: GET https://www.magicbricks.com/ahuja-towers-worli-mumbai-pdpid-4d4235303239323731#cardid-84407275 "HTTP/1.1 200 OK"
2026-07-08 13:48:08,934 [INFO] HTTP Request: GET https://www.magicbricks.com/dlh-the-park-residences-andheri-west-mumbai-pdpid-4d4235333933383235#cardid-68112479 "HTTP/1.1 200 OK"
2026-07-08 13:48:09,060 [INFO] Detail-page enrichment: 30/30 processed, 30 coordinates found so far
2026-07-08 13:48:09,060 [INFO] Detail-page enrichment complete: 30/30 listings got real coordinates
2026-07-08 13:48:09,061 [INFO] Scraped 30 total listings
2026-07-08 13:48:09,063 [INFO] Wrote 30 listings to scraped_listings.jsonl
2026-07-08 13:48:12,692 [INFO] No city name in config — reverse-geocoding (18.5195, 73.8553)...
2026-07-08 13:48:13,106 [INFO] Resolved city: Pune, state: Maharashtra
2026-07-08 13:48:13,107 [INFO] Saved resolved values back to C:\Users\riddh\OneDrive\Desktop\skymark-grid-project\config.json
2026-07-08 13:48:13,111 [INFO] Starting MagicBricks scrape run
2026-07-08 13:48:16,475 [INFO] Bootstrapping session via Playwright: https://www.magicbricks.com/property-for-rent/residential-real-estate?bedroom=1,2,3,4,5&proptype=Multistorey-Apartment,Builder-Floor-Apartment,Penthouse,Studio-Apartment,Service-Apartment,Residential-House,Villa&cityName=Pune&page=1
2026-07-08 13:48:20,890 [INFO] Page 1: 30 listings parsed so far
2026-07-08 13:48:21,490 [INFO] Starting detail-page coordinate enrichment for 30 listings...
2026-07-08 13:48:26,638 [INFO] HTTP Request: GET https://www.magicbricks.com/k-raheja-gardens-wanowrie-pune-pdpid-4d4235303033363839#cardid-85094801 "HTTP/1.1 200 OK"
2026-07-08 13:48:30,246 [INFO] HTTP Request: GET https://www.magicbricks.com/kolte-patil-life-republic-hinjewadi-pune-pdpid-4d4235303231313837#cardid-83511455 "HTTP/1.1 200 OK"
2026-07-08 13:48:34,454 [INFO] HTTP Request: GET https://www.magicbricks.com/neco-gardens-viman-nagar-pune-pdpid-4d4235303838373135#cardid-85427257 "HTTP/1.1 200 OK"
2026-07-08 13:48:39,879 [INFO] HTTP Request: GET https://www.magicbricks.com/karandikar-elina-living-nibm-road-pune-pdpid-4d4235303834333833#cardid-84321637 "HTTP/1.1 200 OK"
2026-07-08 13:48:46,133 [INFO] HTTP Request: GET https://www.magicbricks.com/propertyDetails/1-BHK-750-Sq-ft-Multistorey-Apartment-FOR-Rent-Hinjewadi-in-Pune&id=4d423834363734393533#cardid-84674953 "HTTP/1.1 200 OK"
2026-07-08 13:48:51,056 [INFO] HTTP Request: GET https://www.magicbricks.com/kumar-sienna-magarpatta-city-pune-pdpid-4d4235303236303338#cardid-84360879 "HTTP/1.1 200 OK"
2026-07-08 13:48:56,081 [INFO] HTTP Request: GET https://www.magicbricks.com/kolte-patil-life-republic-hinjewadi-pune-pdpid-4d4235303231313837#cardid-84472783 "HTTP/1.1 200 OK"
2026-07-08 13:49:04,039 [INFO] HTTP Request: GET https://www.magicbricks.com/propertyDetails/2-BHK-950-Sq-ft-Multistorey-Apartment-FOR-Rent-Sinhgad-Road-in-Pune&id=4d423835323735373333#cardid-85275733 "HTTP/1.1 200 OK"
2026-07-08 13:49:09,984 [INFO] HTTP Request: GET https://www.magicbricks.com/212-riverwalk-kalyani-nagar-pune-pdpid-4d4235313130363733#cardid-85365757 "HTTP/1.1 200 OK"
2026-07-08 13:49:15,650 [INFO] HTTP Request: GET https://www.magicbricks.com/panchshil-eon-waterfront-kharadi-pune-pdpid-4d4235303139383031#cardid-84089141 "HTTP/1.1 200 OK"
2026-07-08 13:49:15,763 [INFO] Detail-page enrichment: 10/30 processed, 10 coordinates found so far
2026-07-08 13:49:19,019 [INFO] HTTP Request: GET https://www.magicbricks.com/fortaleza-kalyani-nagar-pune-pdpid-4d4235303139303535#cardid-84034133 "HTTP/1.1 200 OK"
2026-07-08 13:49:25,037 [INFO] HTTP Request: GET https://www.magicbricks.com/clover-pinnacle-ridge-nibm-road-pune-pdpid-4d4235303034303138#cardid-84924083 "HTTP/1.1 301 Moved Permanently"
2026-07-08 13:49:25,526 [INFO] HTTP Request: GET https://www.magicbricks.com/clover-pinnacle-ridge-kondhwa-pune-pdpid-4d4235303034303138#cardid-84924083 "HTTP/1.1 200 OK"
2026-07-08 13:49:31,589 [INFO] HTTP Request: GET https://www.magicbricks.com/propertyDetails/4-BHK-5000-Sq-ft-Villa-FOR-Rent-Viman-Nagar-in-Pune&id=4d423834393436393737#cardid-84946977 "HTTP/1.1 200 OK"
2026-07-08 13:49:36,511 [INFO] HTTP Request: GET https://www.magicbricks.com/supreme-amadore-baner-pune-pdpid-4d4235303833313931#cardid-83024651 "HTTP/1.1 200 OK"
2026-07-08 13:49:40,903 [INFO] HTTP Request: GET https://www.magicbricks.com/tribeca-the-ark-voyage-to-the-stars-nibm-road-pune-pdpid-4d4235303838343036#cardid-83114065 "HTTP/1.1 200 OK"
2026-07-08 13:49:47,182 [INFO] HTTP Request: GET https://www.magicbricks.com/nyati-elan-central-ii-wagholi-pune-pdpid-4d4235333331333231#cardid-85439937 "HTTP/1.1 200 OK"
2026-07-08 13:49:51,145 [INFO] HTTP Request: GET https://www.magicbricks.com/vilas-javdekar-yashwin-nuovo-centro-wakad-pune-pdpid-4d4235333331323635#cardid-85072081 "HTTP/1.1 200 OK"
2026-07-08 13:49:55,753 [INFO] HTTP Request: GET https://www.magicbricks.com/cosmos-magarpatta-city-pune-pdpid-4d4235303031373837#cardid-84281763 "HTTP/1.1 200 OK"
2026-07-08 13:50:01,795 [INFO] HTTP Request: GET https://www.magicbricks.com/paranjape-the-groves-hinjewadi-pune-pdpid-4d4235333533343231#cardid-85325131 "HTTP/1.1 200 OK"
2026-07-08 13:50:08,048 [INFO] HTTP Request: GET https://www.magicbricks.com/prabhat-vandan-apartments-prabhat-road-pune-pdpid-4d4235303034363538#cardid-64042939 "HTTP/1.1 200 OK"
2026-07-08 13:50:08,130 [INFO] Detail-page enrichment: 20/30 processed, 20 coordinates found so far
2026-07-08 13:50:14,765 [INFO] HTTP Request: GET https://www.magicbricks.com/balaji-oriana-nest-baner-pune-pdpid-4d4235343433343335#cardid-84790631 "HTTP/1.1 200 OK"
2026-07-08 13:50:19,108 [INFO] HTTP Request: GET https://www.magicbricks.com/gera-greensville-skyvillas-kharadi-pune-pdpid-4d4235303033383137#cardid-85443635 "HTTP/1.1 200 OK"
2026-07-08 13:50:24,936 [INFO] HTTP Request: GET https://www.magicbricks.com/vatika-homes-balewadi-pune-pdpid-4d4235303034313233#cardid-83075555 "HTTP/1.1 200 OK"
2026-07-08 13:50:32,212 [INFO] HTTP Request: GET https://www.magicbricks.com/majestique-nest-phursungi-pune-pdpid-4d4235313135323035#cardid-85356417 "HTTP/1.1 200 OK"
2026-07-08 13:50:37,841 [INFO] HTTP Request: GET https://www.magicbricks.com/saheel-itrend-life-plus-wakad-pune-pdpid-4d4235333332353135#cardid-85232049 "HTTP/1.1 200 OK"
2026-07-08 13:50:41,525 [INFO] HTTP Request: GET https://www.magicbricks.com/mansha-wagholi-pune-pdpid-4d4235303732313935#cardid-85426325 "HTTP/1.1 200 OK"
2026-07-08 13:50:47,984 [INFO] HTTP Request: GET https://www.magicbricks.com/vtp-alpine-mahalunge-pune-pdpid-4d4235313530383837#cardid-85275075 "HTTP/1.1 200 OK"
2026-07-08 13:50:54,946 [INFO] HTTP Request: GET https://www.magicbricks.com/amanora-trendy-homes-hadapsar-pune-pdpid-4d4235303034343038#cardid-58105929 "HTTP/1.1 200 OK"
2026-07-08 13:51:02,115 [INFO] HTTP Request: GET https://www.magicbricks.com/vasudha-parnika-balewadi-pune-pdpid-4d4235303136383839#cardid-84206955 "HTTP/1.1 200 OK"
2026-07-08 13:51:09,482 [INFO] HTTP Request: GET https://www.magicbricks.com/duville-riverdale-heights-kharadi-pune-pdpid-4d4235303836303230#cardid-85184331 "HTTP/1.1 200 OK"
2026-07-08 13:51:09,610 [INFO] Detail-page enrichment: 30/30 processed, 30 coordinates found so far
2026-07-08 13:51:09,610 [INFO] Detail-page enrichment complete: 30/30 listings got real coordinates
2026-07-08 13:51:09,610 [INFO] Scraped 30 total listings
2026-07-08 13:51:09,612 [INFO] Wrote 30 listings to scraped_listings.jsonl
2026-07-09 14:15:48,156 [INFO] No city name in config — reverse-geocoding (28.5074, 77.3912)...
2026-07-09 14:15:48,660 [INFO] Resolved city: Noida, state: Uttar Pradesh
2026-07-09 14:15:48,662 [INFO] Saved resolved values back to C:\Users\riddh\OneDrive\Desktop\skymark-grid-project\config.json
2026-07-09 14:15:48,669 [INFO] Starting MagicBricks scrape run
2026-07-09 14:15:53,706 [INFO] Bootstrapping session via Playwright: https://www.magicbricks.com/property-for-rent/residential-real-estate?bedroom=1,2,3,4,5&proptype=Multistorey-Apartment,Builder-Floor-Apartment,Penthouse,Studio-Apartment,Service-Apartment,Residential-House,Villa&cityName=Noida&page=1
2026-07-09 14:15:58,856 [INFO] Page 1: 30 listings parsed so far
2026-07-09 14:16:01,123 [INFO] Starting detail-page coordinate enrichment for 30 listings...
2026-07-09 14:16:06,464 [INFO] HTTP Request: GET https://www.magicbricks.com/aba-cleo-county-sector-121-noida-pdpid-4d4235303139303230#cardid-83303695 "HTTP/1.1 200 OK"
2026-07-09 14:16:13,441 [INFO] HTTP Request: GET https://www.magicbricks.com/nirala-estate-phase-2-noida-extension-noida-pdpid-4d4235303230313135#cardid-76107271 "HTTP/1.1 200 OK"
2026-07-09 14:16:19,036 [INFO] HTTP Request: GET https://www.magicbricks.com/jaypee-klassic-sector-134-noida-pdpid-4d4235303231353035#cardid-85257169 "HTTP/1.1 200 OK"
2026-07-09 14:16:25,622 [INFO] HTTP Request: GET https://www.magicbricks.com/prateek-stylome-sector-45-noida-pdpid-4d4235303139353130#cardid-80680265 "HTTP/1.1 200 OK"
2026-07-09 14:16:32,615 [INFO] HTTP Request: GET https://www.magicbricks.com/propertyDetails/3-BHK-3302-Sq-ft-Multistorey-Apartment-FOR-Rent-Sector-108-Parx-Laureate-in-Noida&id=4d423536343231333933#cardid-56421393 "HTTP/1.1 200 OK"
2026-07-09 14:16:40,123 [INFO] HTTP Request: GET https://www.magicbricks.com/county-107-sector-107-noida-pdpid-4d4235313234373439#cardid-79645351 "HTTP/1.1 200 OK"
2026-07-09 14:16:46,721 [INFO] HTTP Request: GET https://www.magicbricks.com/amrapali-princely-estate-sector-76-noida-pdpid-4d4235303030383638#cardid-84553355 "HTTP/1.1 200 OK"
2026-07-09 14:16:52,396 [INFO] HTTP Request: GET https://www.magicbricks.com/aba-cleo-county-sector-121-noida-pdpid-4d4235303139303230#cardid-84462421 "HTTP/1.1 200 OK"
2026-07-09 14:17:00,216 [INFO] HTTP Request: GET https://www.magicbricks.com/gaur-city-14th-avenue-noida-extension-noida-pdpid-4d4235323234343431#cardid-85412461 "HTTP/1.1 200 OK"
2026-07-09 14:17:05,691 [INFO] HTTP Request: GET https://www.magicbricks.com/aba-cleo-county-sector-121-noida-pdpid-4d4235303139303230#cardid-82564699 "HTTP/1.1 200 OK"
2026-07-09 14:17:06,095 [INFO] Detail-page enrichment: 10/30 processed, 10 coordinates found so far
2026-07-09 14:17:09,751 [INFO] HTTP Request: GET https://www.magicbricks.com/eldeco-utopia-sector-93a-noida-pdpid-4d4235303031303036#cardid-84658989 "HTTP/1.1 200 OK"
2026-07-09 14:17:16,842 [INFO] HTTP Request: GET https://www.magicbricks.com/mahagun-moderne-sector-78-noida-pdpid-4d4235303230373436#cardid-85448705 "HTTP/1.1 200 OK"
2026-07-09 14:17:22,460 [INFO] HTTP Request: GET https://www.magicbricks.com/godrej-woods-sector-43-noida-pdpid-4d4235323330313731#cardid-85394881 "HTTP/1.1 200 OK"
2026-07-09 14:17:25,490 [INFO] HTTP Request: GET https://www.magicbricks.com/jaypee-greens-pavilion-court-sector-128-noida-pdpid-4d4235303130313530#cardid-85406419 "HTTP/1.1 200 OK"
2026-07-09 14:17:30,894 [INFO] HTTP Request: GET https://www.magicbricks.com/pearls-gateway-towers-sector-44-noida-pdpid-4d4235303130333138#cardid-84164867 "HTTP/1.1 200 OK"
2026-07-09 14:17:37,157 [INFO] HTTP Request: GET https://www.magicbricks.com/kalpataru-vista-sultanpur-noida-pdpid-4d4235313135383335#cardid-85223913 "HTTP/1.1 301 Moved Permanently"
2026-07-09 14:17:38,279 [INFO] HTTP Request: GET https://www.magicbricks.com/kalpataru-vista-sector-128-noida-pdpid-4d4235313135383335#cardid-85223913 "HTTP/1.1 200 OK"
2026-07-09 14:17:44,955 [INFO] HTTP Request: GET https://www.magicbricks.com/royal-nest-noida-extension-noida-pdpid-4d4235303933393337#cardid-85362321 "HTTP/1.1 200 OK"
2026-07-09 14:17:48,428 [INFO] HTTP Request: GET https://www.magicbricks.com/amrapali-centurian-park-terrace-homes-noida-extension-noida-pdpid-4d4235303031323133#cardid-85410977 "HTTP/1.1 200 OK"
2026-07-09 14:17:52,753 [INFO] HTTP Request: GET https://www.magicbricks.com/county-107-sector-107-noida-pdpid-4d4235313234373439#cardid-85105799 "HTTP/1.1 200 OK"
2026-07-09 14:18:00,325 [INFO] HTTP Request: GET https://www.magicbricks.com/grand-ajnara-heritage-sector-74-noida-pdpid-4d4235303233393931#cardid-82467133 "HTTP/1.1 200 OK"
2026-07-09 14:18:01,030 [INFO] Detail-page enrichment: 20/30 processed, 20 coordinates found so far
2026-07-09 14:18:04,544 [INFO] HTTP Request: GET https://www.magicbricks.com/godrej-woods-sector-43-noida-pdpid-4d4235323330313731#cardid-85288747 "HTTP/1.1 200 OK"
2026-07-09 14:18:10,244 [INFO] HTTP Request: GET https://www.magicbricks.com/eldeco-live-by-the-greens-sector-150-noida-pdpid-4d4235313139363239#cardid-85195455 "HTTP/1.1 200 OK"
2026-07-09 14:18:18,900 [INFO] HTTP Request: GET https://www.magicbricks.com/propertyDetails/3-BHK-2510-Sq-ft-Multistorey-Apartment-FOR-Rent-Sector-75-in-Noida&id=4d423834383236343533#cardid-84826453 "HTTP/1.1 200 OK"
2026-07-09 14:18:25,429 [INFO] HTTP Request: GET https://www.magicbricks.com/jaypee-wish-town-klassic-sector-129-noida-pdpid-4d4235303130313439#cardid-84647849 "HTTP/1.1 200 OK"
2026-07-09 14:18:29,294 [INFO] HTTP Request: GET https://www.magicbricks.com/kalpataru-vista-sector-128-noida-pdpid-4d4235313135383335#cardid-85166909 "HTTP/1.1 200 OK"
2026-07-09 14:18:38,341 [INFO] HTTP Request: GET https://www.magicbricks.com/mahagun-mywoods-noida-extension-noida-pdpid-4d4235303030393238#cardid-74975303 "HTTP/1.1 200 OK"
2026-07-09 14:18:44,662 [INFO] HTTP Request: GET https://www.magicbricks.com/aba-cleo-county-sector-121-noida-pdpid-4d4235303139303230#cardid-84266103 "HTTP/1.1 200 OK"
2026-07-09 14:18:48,937 [INFO] HTTP Request: GET https://www.magicbricks.com/jaypee-greens-augusta-town-homes-sector-128-noida-pdpid-4d4235303938363339#cardid-85442231 "HTTP/1.1 200 OK"
2026-07-09 14:18:54,502 [INFO] HTTP Request: GET https://www.magicbricks.com/samridhi-luxuriya-avenue-sector-150-noida-pdpid-4d4235303833353733#cardid-82000853 "HTTP/1.1 200 OK"
2026-07-09 14:19:05,188 [INFO] HTTP Request: GET https://www.magicbricks.com/civitech-stadia-sector-79-noida-pdpid-4d4235303232393932#cardid-83539221 "HTTP/1.1 200 OK"
2026-07-09 14:19:05,318 [INFO] Detail-page enrichment: 30/30 processed, 30 coordinates found so far
2026-07-09 14:19:05,318 [INFO] Detail-page enrichment complete: 30/30 listings got real coordinates
2026-07-09 14:19:05,319 [INFO] Scraped 30 total listings
2026-07-09 14:19:05,320 [INFO] Wrote 30 listings to scraped_listings.jsonl
2026-07-09 14:19:10,061 [INFO] No city name in config — reverse-geocoding (19.1136, 72.8697)...
2026-07-09 14:19:10,823 [INFO] Resolved city: Mumbai, state: Maharashtra
2026-07-09 14:19:10,826 [INFO] Saved resolved values back to C:\Users\riddh\OneDrive\Desktop\skymark-grid-project\config.json
2026-07-09 14:19:10,830 [INFO] Starting MagicBricks scrape run
2026-07-09 14:19:11,680 [INFO] Bootstrapping session via Playwright: https://www.magicbricks.com/property-for-rent/residential-real-estate?bedroom=1,2,3,4,5&proptype=Multistorey-Apartment,Builder-Floor-Apartment,Penthouse,Studio-Apartment,Service-Apartment,Residential-House,Villa&cityName=Mumbai&page=1
2026-07-09 14:19:15,346 [WARNING] Rejecting implausible monthly_rent=1050000.0 for cardid=85438067 (source text: 1050000) — outside the 1,000-1,000,000 sanity range.
2026-07-09 14:19:15,352 [WARNING] Rejecting implausible monthly_rent=2500000.0 for cardid=84672725 (source text: 2500000) — outside the 1,000-1,000,000 sanity range.
2026-07-09 14:19:15,382 [WARNING] Rejecting implausible monthly_rent=1200000.0 for cardid=84407275 (source text: 1200000) — outside the 1,000-1,000,000 sanity range.
2026-07-09 14:19:15,385 [INFO] Page 1: 30 listings parsed so far
2026-07-09 14:19:15,947 [INFO] Starting detail-page coordinate enrichment for 30 listings...
2026-07-09 14:19:24,400 [INFO] HTTP Request: GET https://www.magicbricks.com/lodha-bellagio-powai-mumbai-pdpid-4d4235333237323933#cardid-85029345 "HTTP/1.1 200 OK"
2026-07-09 14:19:28,914 [INFO] HTTP Request: GET https://www.magicbricks.com/propertyDetails/4-BHK-3150-Sq-ft-Multistorey-Apartment-FOR-Rent-Juhu-in-Mumbai&id=4d423736313331393937#cardid-76131997 "HTTP/1.1 200 OK"
2026-07-09 14:19:35,853 [INFO] HTTP Request: GET https://www.magicbricks.com/sugee-marina-bay-worli-mumbai-pdpid-4d4235323332313631#cardid-85438067 "HTTP/1.1 200 OK"
2026-07-09 14:19:42,011 [INFO] HTTP Request: GET https://www.magicbricks.com/lodha-bellissimo-mahalakshmi-mumbai-pdpid-4d4235303239353138#cardid-67039657 "HTTP/1.1 200 OK"
2026-07-09 14:19:47,834 [INFO] HTTP Request: GET https://www.magicbricks.com/bhakti-park-wadala-east-mumbai-pdpid-4d4235303239393335#cardid-83378603 "HTTP/1.1 301 Moved Permanently"
2026-07-09 14:19:48,761 [INFO] HTTP Request: GET https://www.magicbricks.com/bhakti-park-wadala-mumbai-pdpid-4d4235303239393335#cardid-83378603 "HTTP/1.1 200 OK"
2026-07-09 14:19:54,357 [INFO] HTTP Request: GET https://www.magicbricks.com/lokhandwala-imperial-heights-bandra-west-mumbai-pdpid-4d4235303435343530#cardid-84113003 "HTTP/1.1 200 OK"
2026-07-09 14:20:02,181 [INFO] HTTP Request: GET https://www.magicbricks.com/carmichael-residences-tardeo-mumbai-pdpid-4d4235313932363433#cardid-84672725 "HTTP/1.1 200 OK"
2026-07-09 14:20:08,399 [INFO] HTTP Request: GET https://www.magicbricks.com/49-ideal-juhu-mumbai-pdpid-4d4235313232313931#cardid-82995075 "HTTP/1.1 200 OK"
2026-07-09 14:20:12,269 [INFO] HTTP Request: GET https://www.magicbricks.com/propertyDetails/3-BHK-1095-Sq-ft-Multistorey-Apartment-FOR-Rent-Mulund-West-in-Mumbai&id=4d423638313735333335#cardid-68175335 "HTTP/1.1 200 OK"
2026-07-09 14:20:18,684 [INFO] HTTP Request: GET https://www.magicbricks.com/lodha-adrina-upper-worli-mumbai-pdpid-4d4235343033313539#cardid-84447215 "HTTP/1.1 301 Moved Permanently"
2026-07-09 14:20:19,793 [INFO] HTTP Request: GET https://www.magicbricks.com/lodha-adrina-worli-mumbai-pdpid-4d4235343033313539#cardid-84447215 "HTTP/1.1 200 OK"
2026-07-09 14:20:19,953 [INFO] Detail-page enrichment: 10/30 processed, 10 coordinates found so far
2026-07-09 14:20:24,921 [INFO] HTTP Request: GET https://www.magicbricks.com/harshjyot-apartment-juhu-mumbai-pdpid-4d4235303534393630#cardid-84184391 "HTTP/1.1 200 OK"
2026-07-09 14:20:30,741 [INFO] HTTP Request: GET https://www.magicbricks.com/rustomjee-erika-bandra-east-mumbai-pdpid-4d4235333236393433#cardid-80732187 "HTTP/1.1 200 OK"
2026-07-09 14:20:38,171 [INFO] HTTP Request: GET https://www.magicbricks.com/lodha-park-worli-mumbai-pdpid-4d4235303230393331#cardid-84578001 "HTTP/1.1 200 OK"
2026-07-09 14:20:42,522 [INFO] HTTP Request: GET https://www.magicbricks.com/kanakia-silicon-valley-powai-mumbai-pdpid-4d4235313336343131#cardid-84162427 "HTTP/1.1 200 OK"
2026-07-09 14:20:49,897 [INFO] HTTP Request: GET https://www.magicbricks.com/propertyDetails/3-BHK-1790-Sq-ft-Multistorey-Apartment-FOR-Rent-Goregaon-East-in-Mumbai&id=4d423632393635383933#cardid-62965893 "HTTP/1.1 200 OK"
2026-07-09 14:20:55,835 [INFO] HTTP Request: GET https://www.magicbricks.com/ir-horizon-tower-andheri-east-mumbai-pdpid-4d4235343431343739#cardid-84293195 "HTTP/1.1 200 OK"
2026-07-09 14:21:01,362 [INFO] HTTP Request: GET https://www.magicbricks.com/rustomjee-seasons-bandra-east-mumbai-pdpid-4d4235303237323636#cardid-83405709 "HTTP/1.1 200 OK"
2026-07-09 14:21:07,511 [INFO] HTTP Request: GET https://www.magicbricks.com/wadhwa-the-address-ghatkopar-west-mumbai-pdpid-4d4235303136363236#cardid-82991457 "HTTP/1.1 200 OK"
2026-07-09 14:21:16,522 [INFO] HTTP Request: GET https://www.magicbricks.com/piramal-mahalaxmi-mahalakshmi-mumbai-pdpid-4d4235313134393335#cardid-80329451 "HTTP/1.1 200 OK"
2026-07-09 14:21:23,178 [INFO] HTTP Request: GET https://www.magicbricks.com/propertyDetails/3-BHK-1280-Sq-ft-Multistorey-Apartment-FOR-Rent-Powai-in-Mumbai&id=4d423833333239353039#cardid-83329509 "HTTP/1.1 200 OK"
2026-07-09 14:21:23,258 [INFO] Detail-page enrichment: 20/30 processed, 20 coordinates found so far
2026-07-09 14:21:28,908 [INFO] HTTP Request: GET https://www.magicbricks.com/hiranandani-heritage-powai-mumbai-pdpid-4d4235303837363830#cardid-85015097 "HTTP/1.1 200 OK"
2026-07-09 14:21:35,867 [INFO] HTTP Request: GET https://www.magicbricks.com/oberoi-esquire-goregaon-east-mumbai-pdpid-4d4235303230303039#cardid-84657985 "HTTP/1.1 200 OK"
2026-07-09 14:21:42,330 [INFO] HTTP Request: GET https://www.magicbricks.com/propertyDetails/3-BHK-1020-Sq-ft-Multistorey-Apartment-FOR-Rent-Vile-Parle-East-in-Mumbai&id=4d423834303232373239#cardid-84022729 "HTTP/1.1 200 OK"
2026-07-09 14:21:48,731 [INFO] HTTP Request: GET https://www.magicbricks.com/propertyDetails/1-BHK-400-Sq-ft-Multistorey-Apartment-FOR-Rent-Mulund-West-in-Mumbai&id=4d423834333236303937#cardid-84326097 "HTTP/1.1 200 OK"
2026-07-09 14:21:53,932 [INFO] HTTP Request: GET https://www.magicbricks.com/propertyDetails/2-BHK-1548-Sq-ft-Multistorey-Apartment-FOR-Rent-Vile-Parle-East-in-Mumbai&id=4d423835333738313935#cardid-85378195 "HTTP/1.1 200 OK"
2026-07-09 14:21:58,396 [INFO] HTTP Request: GET https://www.magicbricks.com/bharat-juhu-acropolis-juhu-mumbai-pdpid-4d4235313237313633#cardid-77840643 "HTTP/1.1 200 OK"
2026-07-09 14:22:05,464 [INFO] HTTP Request: GET https://www.magicbricks.com/trump-tower-worli-mumbai-pdpid-4d4235303730383739#cardid-82068119 "HTTP/1.1 200 OK"
2026-07-09 14:22:13,754 [INFO] HTTP Request: GET https://www.magicbricks.com/kalpataru-magnus-bandra-east-mumbai-pdpid-4d4235313135343639#cardid-82695413 "HTTP/1.1 200 OK"
2026-07-09 14:22:20,938 [INFO] HTTP Request: GET https://www.magicbricks.com/ahuja-towers-worli-mumbai-pdpid-4d4235303239323731#cardid-84407275 "HTTP/1.1 200 OK"
2026-07-09 14:22:26,359 [INFO] HTTP Request: GET https://www.magicbricks.com/zee-ashtavinayak-andheri-west-mumbai-pdpid-4d4235343138303337#cardid-83444319 "HTTP/1.1 200 OK"
2026-07-09 14:22:26,469 [INFO] Detail-page enrichment: 30/30 processed, 30 coordinates found so far
2026-07-09 14:22:26,470 [INFO] Detail-page enrichment complete: 30/30 listings got real coordinates
2026-07-09 14:22:26,470 [INFO] Scraped 30 total listings
2026-07-09 14:22:26,472 [INFO] Wrote 30 listings to scraped_listings.jsonl
2026-07-09 14:22:29,341 [INFO] No city name in config — reverse-geocoding (18.5195, 73.8553)...
2026-07-09 14:22:29,833 [INFO] Resolved city: Pune, state: Maharashtra
2026-07-09 14:22:29,834 [INFO] Saved resolved values back to C:\Users\riddh\OneDrive\Desktop\skymark-grid-project\config.json
2026-07-09 14:22:29,838 [INFO] Starting MagicBricks scrape run
2026-07-09 14:22:30,496 [INFO] Bootstrapping session via Playwright: https://www.magicbricks.com/property-for-rent/residential-real-estate?bedroom=1,2,3,4,5&proptype=Multistorey-Apartment,Builder-Floor-Apartment,Penthouse,Studio-Apartment,Service-Apartment,Residential-House,Villa&cityName=Pune&page=1
2026-07-09 14:22:32,434 [INFO] Page 1: 30 listings parsed so far
2026-07-09 14:22:32,900 [INFO] Starting detail-page coordinate enrichment for 30 listings...
2026-07-09 14:22:39,765 [INFO] HTTP Request: GET https://www.magicbricks.com/brahma-aangan-wanowrie-pune-pdpid-4d4235333635333035#cardid-85205141 "HTTP/1.1 200 OK"
2026-07-09 14:22:43,712 [INFO] HTTP Request: GET https://www.magicbricks.com/sky-belvedere-viman-nagar-pune-pdpid-4d4235303033343136#cardid-85152463 "HTTP/1.1 200 OK"
2026-07-09 14:22:49,914 [INFO] HTTP Request: GET https://www.magicbricks.com/kolte-patil-life-republic-hinjewadi-pune-pdpid-4d4235303231313837#cardid-73954535 "HTTP/1.1 200 OK"
2026-07-09 14:22:55,851 [INFO] HTTP Request: GET https://www.magicbricks.com/bramha-avenue-kondhwa-pune-pdpid-4d4235303233313535#cardid-82651083 "HTTP/1.1 200 OK"
2026-07-09 14:23:02,500 [INFO] HTTP Request: GET https://www.magicbricks.com/propertyDetails/1-BHK-750-Sq-ft-Multistorey-Apartment-FOR-Rent-Hinjewadi-in-Pune&id=4d423834363734393533#cardid-84674953 "HTTP/1.1 200 OK"
2026-07-09 14:23:09,363 [INFO] HTTP Request: GET https://www.magicbricks.com/panchshil-towers-kharadi-pune-pdpid-4d4235303139383033#cardid-79316601 "HTTP/1.1 200 OK"
2026-07-09 14:23:13,240 [INFO] HTTP Request: GET https://www.magicbricks.com/kolte-patil-life-republic-hinjewadi-pune-pdpid-4d4235303231313837#cardid-84472867 "HTTP/1.1 200 OK"
2026-07-09 14:23:19,368 [INFO] HTTP Request: GET https://www.magicbricks.com/propertyDetails/2-BHK-950-Sq-ft-Multistorey-Apartment-FOR-Rent-Sinhgad-Road-in-Pune&id=4d423835323735373333#cardid-85275733 "HTTP/1.1 200 OK"
2026-07-09 14:23:25,001 [INFO] HTTP Request: GET https://www.magicbricks.com/clover-verde-kalyani-nagar-pune-pdpid-4d4235303232393836#cardid-85397369 "HTTP/1.1 200 OK"
2026-07-09 14:23:32,606 [INFO] HTTP Request: GET https://www.magicbricks.com/gera-greensville-skyvillas-kharadi-pune-pdpid-4d4235303033383137#cardid-83180563 "HTTP/1.1 200 OK"
2026-07-09 14:23:33,004 [INFO] Detail-page enrichment: 10/30 processed, 10 coordinates found so far
2026-07-09 14:23:38,601 [INFO] HTTP Request: GET https://www.magicbricks.com/pride-purple-park-grandeur-baner-pune-pdpid-4d4235303238373832#cardid-75343627 "HTTP/1.1 200 OK"
2026-07-09 14:23:44,893 [INFO] HTTP Request: GET https://www.magicbricks.com/clover-pinnacle-ridge-nibm-road-pune-pdpid-4d4235303034303138#cardid-85121827 "HTTP/1.1 301 Moved Permanently"
2026-07-09 14:23:46,323 [INFO] HTTP Request: GET https://www.magicbricks.com/clover-pinnacle-ridge-kondhwa-pune-pdpid-4d4235303034303138#cardid-85121827 "HTTP/1.1 200 OK"
2026-07-09 14:23:51,460 [INFO] HTTP Request: GET https://www.magicbricks.com/propertyDetails/1-BHK-700-Sq-ft-Multistorey-Apartment-FOR-Rent-Kalyani-Nagar-in-Pune&id=4d423834393332343537#cardid-84932457 "HTTP/1.1 200 OK"
2026-07-09 14:23:56,263 [INFO] HTTP Request: GET https://www.magicbricks.com/clover-palisades-nibm-road-pune-pdpid-4d4235303232393835#cardid-84923411 "HTTP/1.1 200 OK"
2026-07-09 14:24:00,246 [INFO] HTTP Request: GET https://www.magicbricks.com/shubh-nirvana-viman-nagar-pune-pdpid-4d4235333333393337#cardid-85005849 "HTTP/1.1 200 OK"
2026-07-09 14:24:05,274 [INFO] HTTP Request: GET https://www.magicbricks.com/nyati-elan-central-ii-wagholi-pune-pdpid-4d4235333331333231#cardid-83219363 "HTTP/1.1 200 OK"
2026-07-09 14:24:12,141 [INFO] HTTP Request: GET https://www.magicbricks.com/paranjape-the-groves-hinjewadi-pune-pdpid-4d4235333533343231#cardid-85325131 "HTTP/1.1 200 OK"
2026-07-09 14:24:17,671 [INFO] HTTP Request: GET https://www.magicbricks.com/vilas-javdekar-yashwin-nuovo-centro-wakad-pune-pdpid-4d4235333331323635#cardid-85072081 "HTTP/1.1 200 OK"
2026-07-09 14:24:24,807 [INFO] HTTP Request: GET https://www.magicbricks.com/kolte-patil-24k-sereno-baner-pune-pdpid-4d4235303732363439#cardid-78766709 "HTTP/1.1 200 OK"
2026-07-09 14:24:32,096 [INFO] HTTP Request: GET https://www.magicbricks.com/magarpatta-heliconia-magarpatta-city-pune-pdpid-4d4235303033343033#cardid-85357933 "HTTP/1.1 200 OK"
2026-07-09 14:24:32,885 [INFO] Detail-page enrichment: 20/30 processed, 20 coordinates found so far
2026-07-09 14:24:39,826 [INFO] HTTP Request: GET https://www.magicbricks.com/propertyDetails/4-BHK-2900-Sq-ft-Multistorey-Apartment-FOR-Rent-Prabhat-Road-in-Pune&id=4d423833363334343837#cardid-83634487 "HTTP/1.1 200 OK"
2026-07-09 14:24:44,924 [INFO] HTTP Request: GET https://www.magicbricks.com/gera-greensville-skyvillas-kharadi-pune-pdpid-4d4235303033383137#cardid-85443635 "HTTP/1.1 200 OK"
2026-07-09 14:24:51,064 [INFO] HTTP Request: GET https://www.magicbricks.com/saheel-itrend-life-3-wakad-pune-pdpid-4d4235333436343433#cardid-85463805 "HTTP/1.1 200 OK"
2026-07-09 14:24:55,861 [INFO] HTTP Request: GET https://www.magicbricks.com/konark-tower-balewadi-pune-pdpid-4d4235323039353531#cardid-83053853 "HTTP/1.1 200 OK"
2026-07-09 14:25:02,611 [INFO] HTTP Request: GET https://www.magicbricks.com/propertyDetails/1-BHK-450-Sq-ft-Builder-Floor-Apartment-FOR-Rent-Wadgaon-Sheri-in-Pune&id=4d423835343631373737#cardid-85461777 "HTTP/1.1 200 OK"
2026-07-09 14:25:09,788 [INFO] HTTP Request: GET https://www.magicbricks.com/saheel-itrend-life-plus-wakad-pune-pdpid-4d4235333332353135#cardid-85232049 "HTTP/1.1 200 OK"
2026-07-09 14:25:15,238 [INFO] HTTP Request: GET https://www.magicbricks.com/nirmal-township-phase-2-kanifnath-colony-pune-pdpid-4d4235303635373233#cardid-85355455 "HTTP/1.1 301 Moved Permanently"
2026-07-09 14:25:16,066 [INFO] HTTP Request: GET https://www.magicbricks.com/nirmal-township-phase-2-sasane-nagar-pune-pdpid-4d4235303635373233#cardid-85355455 "HTTP/1.1 200 OK"
2026-07-09 14:25:20,970 [INFO] HTTP Request: GET https://www.magicbricks.com/mansha-wagholi-pune-pdpid-4d4235303732313935#cardid-85425303 "HTTP/1.1 200 OK"
2026-07-09 14:25:26,012 [INFO] HTTP Request: GET https://www.magicbricks.com/ganga-nebula-viman-nagar-pune-pdpid-4d4235303030393331#cardid-85443527 "HTTP/1.1 200 OK"
2026-07-09 14:25:30,772 [INFO] HTTP Request: GET https://www.magicbricks.com/kalpataru-splendour-kaspate-vasti-pune-pdpid-4d4235303231333639#cardid-83467085 "HTTP/1.1 301 Moved Permanently"
2026-07-09 14:25:32,102 [INFO] HTTP Request: GET https://www.magicbricks.com/kalpataru-splendour-wakad-pune-pdpid-4d4235303231333639#cardid-83467085 "HTTP/1.1 200 OK"
2026-07-09 14:25:32,736 [INFO] Detail-page enrichment: 30/30 processed, 30 coordinates found so far
2026-07-09 14:25:32,736 [INFO] Detail-page enrichment complete: 30/30 listings got real coordinates
2026-07-09 14:25:32,737 [INFO] Scraped 30 total listings
2026-07-09 14:25:32,738 [INFO] Wrote 30 listings to scraped_listings.jsonl
2026-07-09 14:25:35,355 [INFO] No city name in config — reverse-geocoding (12.9352, 77.6245)...
2026-07-09 14:25:36,460 [INFO] Resolved city: Bengaluru, state: Karnataka
2026-07-09 14:25:36,462 [INFO] Saved resolved values back to C:\Users\riddh\OneDrive\Desktop\skymark-grid-project\config.json
2026-07-09 14:25:36,470 [INFO] Starting MagicBricks scrape run
2026-07-09 14:25:37,127 [INFO] Bootstrapping session via Playwright: https://www.magicbricks.com/property-for-rent/residential-real-estate?bedroom=1,2,3,4,5&proptype=Multistorey-Apartment,Builder-Floor-Apartment,Penthouse,Studio-Apartment,Service-Apartment,Residential-House,Villa&cityName=Bengaluru&page=1
2026-07-09 14:25:57,890 [WARNING] Listing card selector didn't show up — page may have been served a captcha/interstitial. Inspect a screenshot before assuming the scraper is broken vs. the selector being stale.
2026-07-09 14:26:01,051 [ERROR] Zero listing containers found (neither div.mb-srp__list[id^=cardid] nor div.mb-srp__card). Either the page didn't render fully (bot-check interstitial?) or MagicBricks changed the markup — check bootstrap_debug.png.
2026-07-09 14:26:01,051 [INFO] DOM parse returned nothing, trying JSON blob fallback...
2026-07-09 14:26:01,053 [INFO] Page 1: 0 listings parsed so far
2026-07-09 14:26:01,506 [INFO] Starting detail-page coordinate enrichment for 0 listings...
2026-07-09 14:26:01,506 [INFO] Detail-page enrichment complete: 0/0 listings got real coordinates
2026-07-09 14:26:01,511 [INFO] Scraped 0 total listings
2026-07-09 14:26:01,512 [INFO] Wrote 0 listings to scraped_listings.jsonl
2026-07-09 14:26:03,920 [INFO] No city name in config — reverse-geocoding (22.5799, 88.4162)...
2026-07-09 14:26:04,461 [INFO] Resolved city: Bidhannagar, state: West Bengal
2026-07-09 14:26:04,463 [INFO] Saved resolved values back to C:\Users\riddh\OneDrive\Desktop\skymark-grid-project\config.json
2026-07-09 14:26:04,469 [INFO] Starting MagicBricks scrape run
2026-07-09 14:26:05,063 [INFO] Bootstrapping session via Playwright: https://www.magicbricks.com/property-for-rent/residential-real-estate?bedroom=1,2,3,4,5&proptype=Multistorey-Apartment,Builder-Floor-Apartment,Penthouse,Studio-Apartment,Service-Apartment,Residential-House,Villa&cityName=Bidhannagar&page=1
2026-07-09 14:26:26,342 [WARNING] Listing card selector didn't show up — page may have been served a captcha/interstitial. Inspect a screenshot before assuming the scraper is broken vs. the selector being stale.
2026-07-09 14:26:26,926 [ERROR] Zero listing containers found (neither div.mb-srp__list[id^=cardid] nor div.mb-srp__card). Either the page didn't render fully (bot-check interstitial?) or MagicBricks changed the markup — check bootstrap_debug.png.
2026-07-09 14:26:26,927 [INFO] DOM parse returned nothing, trying JSON blob fallback...
2026-07-09 14:26:26,928 [INFO] Page 1: 0 listings parsed so far
2026-07-09 14:26:27,413 [INFO] Starting detail-page coordinate enrichment for 0 listings...
2026-07-09 14:26:27,414 [INFO] Detail-page enrichment complete: 0/0 listings got real coordinates
2026-07-09 14:26:27,420 [INFO] Scraped 0 total listings
2026-07-09 14:26:27,421 [INFO] Wrote 0 listings to scraped_listings.jsonl
2026-07-09 14:26:29,889 [INFO] No city name in config — reverse-geocoding (26.9155, 75.7368)...
2026-07-09 14:26:30,642 [INFO] Resolved city: Jaipur, state: Rajasthan
2026-07-09 14:26:30,644 [INFO] Saved resolved values back to C:\Users\riddh\OneDrive\Desktop\skymark-grid-project\config.json
2026-07-09 14:26:30,649 [INFO] Starting MagicBricks scrape run
2026-07-09 14:26:31,305 [INFO] Bootstrapping session via Playwright: https://www.magicbricks.com/property-for-rent/residential-real-estate?bedroom=1,2,3,4,5&proptype=Multistorey-Apartment,Builder-Floor-Apartment,Penthouse,Studio-Apartment,Service-Apartment,Residential-House,Villa&cityName=Jaipur&page=1
2026-07-09 14:26:32,935 [INFO] Page 1: 30 listings parsed so far
2026-07-09 14:26:33,421 [INFO] Starting detail-page coordinate enrichment for 30 listings...
2026-07-09 14:26:39,787 [INFO] HTTP Request: GET https://www.magicbricks.com/chordias-the-crown-tonk-road-jaipur-pdpid-4d4235303932343033#cardid-84391997 "HTTP/1.1 200 OK"
2026-07-09 14:26:46,039 [INFO] HTTP Request: GET https://www.magicbricks.com/grand-radiant-casa-jawahar-circle-jaipur-pdpid-4d4235313132383735#cardid-74944683 "HTTP/1.1 200 OK"
2026-07-09 14:26:51,483 [INFO] HTTP Request: GET https://www.magicbricks.com/samanvay-atlantica-vaishali-nagar-jaipur-pdpid-4d4235333235373237#cardid-83196359 "HTTP/1.1 200 OK"
2026-07-09 14:26:58,117 [INFO] HTTP Request: GET https://www.magicbricks.com/propertyDetails/3-BHK-3300-Sq-ft-Villa-FOR-Rent-Vaishali-Nagar-in-Jaipur&id=4d423835313530313931#cardid-85150191 "HTTP/1.1 200 OK"
2026-07-09 14:27:03,971 [INFO] HTTP Request: GET https://www.magicbricks.com/trimurtys-ariana-jagatpura-jaipur-pdpid-4d4235323137333237#cardid-58615469 "HTTP/1.1 200 OK"
2026-07-09 14:27:08,743 [INFO] HTTP Request: GET https://www.magicbricks.com/suncity-jewel-of-india-phase-2-jawahar-lal-nehru-marg-jaipur-pdpid-4d4235333237313433#cardid-83918333 "HTTP/1.1 200 OK"
2026-07-09 14:27:14,706 [INFO] HTTP Request: GET https://www.magicbricks.com/ashiana-daksh-jagatpura-jaipur-pdpid-4d4235313237323639#cardid-85378699 "HTTP/1.1 200 OK"
2026-07-09 14:27:20,961 [INFO] HTTP Request: GET https://www.magicbricks.com/propertyDetails/4-BHK-3283-Sq-ft-Multistorey-Apartment-FOR-Rent-J.L.N.Marg-in-Jaipur&id=4d423834313932353633#cardid-84192563 "HTTP/1.1 200 OK"
2026-07-09 14:27:26,105 [INFO] HTTP Request: GET https://www.magicbricks.com/chordias-the-crown-tonk-road-jaipur-pdpid-4d4235303932343033#cardid-83602945 "HTTP/1.1 200 OK"
2026-07-09 14:27:31,891 [INFO] HTTP Request: GET https://www.magicbricks.com/shipra-path-mansarovar-jaipur-pdpid-4d4235343133313637#cardid-84080351 "HTTP/1.1 200 OK"
2026-07-09 14:27:32,283 [INFO] Detail-page enrichment: 10/30 processed, 10 coordinates found so far
2026-07-09 14:27:38,467 [INFO] HTTP Request: GET https://www.magicbricks.com/manglam-aangan-prime-mahapura-jaipur-pdpid-4d4235313137313533#cardid-83243139 "HTTP/1.1 301 Moved Permanently"
2026-07-09 14:27:40,525 [INFO] HTTP Request: GET https://www.magicbricks.com/manglam-aangan-prime-ajmer-road-jaipur-pdpid-4d4235313137313533#cardid-83243139 "HTTP/1.1 200 OK"
2026-07-09 14:27:45,441 [INFO] HTTP Request: GET https://www.magicbricks.com/propertyDetails/2-BHK-110-Sq-ft-Multistorey-Apartment-FOR-Rent-Laxmi-Nagar-Jhotwara-Industrial-Area-in-Jaipur&id=4d423835303737343339#cardid-85077439 "HTTP/1.1 200 OK"
2026-07-09 14:27:52,083 [INFO] HTTP Request: GET https://www.magicbricks.com/satya-palace-jawahar-lal-nehru-marg-jaipur-pdpid-4d4235313735373237#cardid-84824909 "HTTP/1.1 200 OK"
2026-07-09 14:27:58,234 [INFO] HTTP Request: GET https://www.magicbricks.com/propertyDetails/2-BHK-1250-Sq-ft-Residential-House-FOR-Rent-Sector-4-Mansarovar-in-Jaipur&id=4d423834383733383239#cardid-84873829 "HTTP/1.1 200 OK"
2026-07-09 14:28:03,194 [INFO] HTTP Request: GET https://www.magicbricks.com/propertyDetails/4-BHK-153-Sq-yrd-Villa-FOR-Rent-Mahapura-in-Jaipur&id=4d423835333334343037#cardid-85334407 "HTTP/1.1 200 OK"
2026-07-09 14:28:07,247 [INFO] HTTP Request: GET https://www.magicbricks.com/propertyDetails/1-BHK-600-Sq-ft-Multistorey-Apartment-FOR-Rent-Jeerota-in-Jaipur&id=4d423835343232393731#cardid-85422971 "HTTP/1.1 200 OK"
2026-07-09 14:28:13,336 [INFO] HTTP Request: GET https://www.magicbricks.com/trimurtys-ariana-jagatpura-jaipur-pdpid-4d4235323137333237#cardid-84770993 "HTTP/1.1 200 OK"
2026-07-09 14:28:24,462 [INFO] HTTP Request: GET https://www.magicbricks.com/propertyDetails/2-BHK-1506-Sq-ft-Villa-FOR-Rent-Mansarovar-in-Jaipur&id=4d423532383136303135#cardid-52816015 "HTTP/1.1 200 OK"
2026-07-09 14:28:31,520 [INFO] HTTP Request: GET https://www.magicbricks.com/propertyDetails/3-BHK-3000-Sq-ft-Residential-House-FOR-Rent-Hanuman-Nagar-Extension-in-Jaipur&id=4d423834393938303337#cardid-84998037 "HTTP/1.1 200 OK"
2026-07-09 14:28:40,930 [INFO] HTTP Request: GET https://www.magicbricks.com/propertyDetails/3-BHK-1250-Sq-ft-Builder-Floor-Apartment-FOR-Rent-Jagatpura-in-Jaipur&id=4d423834383439303233#cardid-84849023 "HTTP/1.1 200 OK"
2026-07-09 14:28:40,999 [INFO] Detail-page enrichment: 20/30 processed, 20 coordinates found so far
2026-07-09 14:28:45,892 [INFO] HTTP Request: GET https://www.magicbricks.com/ashadeep-rudraksha-jagatpura-jaipur-pdpid-4d4235313230393433#cardid-84993165 "HTTP/1.1 200 OK"
2026-07-09 14:28:51,238 [INFO] HTTP Request: GET https://www.magicbricks.com/mahima-bellevista-jagatpura-jaipur-pdpid-4d4235303731333334#cardid-54339891 "HTTP/1.1 200 OK"
2026-07-09 14:28:56,395 [INFO] HTTP Request: GET https://www.magicbricks.com/anukampa-hanging-gardens-ajmer-road-jaipur-pdpid-4d4235303239383932#cardid-84829347 "HTTP/1.1 200 OK"
2026-07-09 14:29:03,577 [INFO] HTTP Request: GET https://www.magicbricks.com/propertyDetails/4-BHK-2450-Sq-ft-Villa-FOR-Rent-Mahapura-in-Jaipur&id=4d423834373130373231#cardid-84710721 "HTTP/1.1 200 OK"
2026-07-09 14:29:11,232 [INFO] HTTP Request: GET https://www.magicbricks.com/propertyDetails/3-BHK-1800-Sq-ft-Residential-House-FOR-Rent-Chandra-Vatika-in-Jaipur&id=4d423835343032333739#cardid-85402379 "HTTP/1.1 200 OK"
2026-07-09 14:29:18,101 [INFO] HTTP Request: GET https://www.magicbricks.com/propertyDetails/4-BHK-3500-Sq-ft-Multistorey-Apartment-FOR-Rent-in-Jaipur&id=4d423830373133303131#cardid-80713011 "HTTP/1.1 200 OK"
2026-07-09 14:29:23,739 [INFO] HTTP Request: GET https://www.magicbricks.com/propertyDetails/2-BHK-1200-Sq-ft-Residential-House-FOR-Rent-Mahesh-Colony-in-Jaipur&id=4d423833323933353833#cardid-83293583 "HTTP/1.1 200 OK"
2026-07-09 14:29:30,847 [INFO] HTTP Request: GET https://www.magicbricks.com/vatika-urban-woods-ajmer-road-jaipur-pdpid-4d4235303136383539#cardid-84035511 "HTTP/1.1 200 OK"
2026-07-09 14:29:35,608 [INFO] HTTP Request: GET https://www.magicbricks.com/propertyDetails/2-BHK-900-Sq-ft-Residential-House-FOR-Rent-Adarsh-Nagar-in-Jaipur&id=4d423835313636313639#cardid-85166169 "HTTP/1.1 200 OK"
2026-07-09 14:29:42,066 [INFO] HTTP Request: GET https://www.magicbricks.com/manglam-radiance-tonk-road-jaipur-pdpid-4d4235303838383433#cardid-84996001 "HTTP/1.1 200 OK"
2026-07-09 14:29:42,213 [INFO] Detail-page enrichment: 30/30 processed, 29 coordinates found so far
2026-07-09 14:29:42,213 [INFO] Detail-page enrichment complete: 29/30 listings got real coordinates
2026-07-09 14:29:42,214 [INFO] Scraped 30 total listings
2026-07-09 14:29:42,215 [INFO] Wrote 30 listings to scraped_listings.jsonl
2026-07-09 14:56:37,493 [INFO] No city name in config — reverse-geocoding (28.5074, 77.3912)...
2026-07-09 14:56:37,600 [INFO] Resolved city: Noida, state: Uttar Pradesh
2026-07-09 14:56:37,603 [INFO] Saved resolved values back to C:\Users\riddh\OneDrive\Desktop\skymark-grid-project\config.json
2026-07-09 14:56:37,611 [INFO] Starting MagicBricks scrape run
2026-07-09 14:56:38,382 [INFO] Bootstrapping session via Playwright: https://www.magicbricks.com/property-for-rent/residential-real-estate?bedroom=1,2,3,4,5&proptype=Multistorey-Apartment,Builder-Floor-Apartment,Penthouse,Studio-Apartment,Service-Apartment,Residential-House,Villa&cityName=Noida&page=1
2026-07-09 14:56:42,939 [INFO] Page 1: 30 listings parsed so far
2026-07-09 14:56:43,497 [INFO] Starting detail-page coordinate enrichment for 30 listings...
2026-07-09 14:56:49,053 [INFO] HTTP Request: GET https://www.magicbricks.com/aba-cleo-county-sector-121-noida-pdpid-4d4235303139303230#cardid-83303695 "HTTP/1.1 200 OK"
2026-07-09 14:56:54,622 [INFO] HTTP Request: GET https://www.magicbricks.com/nirala-estate-phase-2-noida-extension-noida-pdpid-4d4235303230313135#cardid-76107271 "HTTP/1.1 200 OK"
2026-07-09 14:57:00,873 [INFO] HTTP Request: GET https://www.magicbricks.com/jaypee-klassic-sector-134-noida-pdpid-4d4235303231353035#cardid-85257169 "HTTP/1.1 200 OK"
2026-07-09 14:57:06,400 [INFO] HTTP Request: GET https://www.magicbricks.com/prateek-stylome-sector-45-noida-pdpid-4d4235303139353130#cardid-80680265 "HTTP/1.1 200 OK"
2026-07-09 14:57:10,493 [INFO] HTTP Request: GET https://www.magicbricks.com/propertyDetails/3-BHK-3302-Sq-ft-Multistorey-Apartment-FOR-Rent-Sector-108-Parx-Laureate-in-Noida&id=4d423536343231333933#cardid-56421393 "HTTP/1.1 200 OK"
2026-07-09 14:57:18,387 [INFO] HTTP Request: GET https://www.magicbricks.com/county-107-sector-107-noida-pdpid-4d4235313234373439#cardid-79645351 "HTTP/1.1 200 OK"
2026-07-09 14:57:23,404 [INFO] HTTP Request: GET https://www.magicbricks.com/amrapali-princely-estate-sector-76-noida-pdpid-4d4235303030383638#cardid-84553355 "HTTP/1.1 200 OK"
2026-07-09 14:57:28,315 [INFO] HTTP Request: GET https://www.magicbricks.com/aba-cleo-county-sector-121-noida-pdpid-4d4235303139303230#cardid-84462421 "HTTP/1.1 200 OK"
2026-07-09 14:57:35,700 [INFO] HTTP Request: GET https://www.magicbricks.com/gaur-city-14th-avenue-noida-extension-noida-pdpid-4d4235323234343431#cardid-85412461 "HTTP/1.1 200 OK"
2026-07-09 14:57:42,676 [INFO] HTTP Request: GET https://www.magicbricks.com/aba-cleo-county-sector-121-noida-pdpid-4d4235303139303230#cardid-82564699 "HTTP/1.1 200 OK"
2026-07-09 14:57:42,806 [INFO] Detail-page enrichment: 10/30 processed, 10 coordinates found so far
2026-07-09 14:57:47,664 [INFO] HTTP Request: GET https://www.magicbricks.com/eldeco-utopia-sector-93a-noida-pdpid-4d4235303031303036#cardid-84658989 "HTTP/1.1 200 OK"
2026-07-09 14:57:54,323 [INFO] HTTP Request: GET https://www.magicbricks.com/mahagun-moderne-sector-78-noida-pdpid-4d4235303230373436#cardid-85448705 "HTTP/1.1 200 OK"
2026-07-09 14:58:02,604 [INFO] HTTP Request: GET https://www.magicbricks.com/godrej-woods-sector-43-noida-pdpid-4d4235323330313731#cardid-85394881 "HTTP/1.1 200 OK"
2026-07-09 14:58:08,873 [INFO] HTTP Request: GET https://www.magicbricks.com/jaypee-greens-pavilion-court-sector-128-noida-pdpid-4d4235303130313530#cardid-85406419 "HTTP/1.1 200 OK"
2026-07-09 14:58:12,778 [INFO] HTTP Request: GET https://www.magicbricks.com/pearls-gateway-towers-sector-44-noida-pdpid-4d4235303130333138#cardid-84164867 "HTTP/1.1 200 OK"
2026-07-09 14:58:17,360 [INFO] HTTP Request: GET https://www.magicbricks.com/kalpataru-vista-sultanpur-noida-pdpid-4d4235313135383335#cardid-85223913 "HTTP/1.1 301 Moved Permanently"
2026-07-09 14:58:19,212 [INFO] HTTP Request: GET https://www.magicbricks.com/kalpataru-vista-sector-128-noida-pdpid-4d4235313135383335#cardid-85223913 "HTTP/1.1 200 OK"
2026-07-09 14:58:24,533 [INFO] HTTP Request: GET https://www.magicbricks.com/royal-nest-noida-extension-noida-pdpid-4d4235303933393337#cardid-85362321 "HTTP/1.1 200 OK"
2026-07-09 14:58:29,965 [INFO] HTTP Request: GET https://www.magicbricks.com/amrapali-centurian-park-terrace-homes-noida-extension-noida-pdpid-4d4235303031323133#cardid-85410977 "HTTP/1.1 200 OK"
2026-07-09 14:58:33,958 [INFO] HTTP Request: GET https://www.magicbricks.com/county-107-sector-107-noida-pdpid-4d4235313234373439#cardid-85105799 "HTTP/1.1 200 OK"
2026-07-09 14:58:39,778 [INFO] HTTP Request: GET https://www.magicbricks.com/grand-ajnara-heritage-sector-74-noida-pdpid-4d4235303233393931#cardid-82467133 "HTTP/1.1 200 OK"
2026-07-09 14:58:40,621 [INFO] Detail-page enrichment: 20/30 processed, 20 coordinates found so far
2026-07-09 14:58:43,688 [INFO] HTTP Request: GET https://www.magicbricks.com/godrej-woods-sector-43-noida-pdpid-4d4235323330313731#cardid-85288747 "HTTP/1.1 200 OK"
2026-07-09 14:58:48,701 [INFO] HTTP Request: GET https://www.magicbricks.com/eldeco-live-by-the-greens-sector-150-noida-pdpid-4d4235313139363239#cardid-85195455 "HTTP/1.1 200 OK"
2026-07-09 14:58:53,324 [INFO] HTTP Request: GET https://www.magicbricks.com/propertyDetails/3-BHK-2510-Sq-ft-Multistorey-Apartment-FOR-Rent-Sector-75-in-Noida&id=4d423834383236343533#cardid-84826453 "HTTP/1.1 200 OK"
2026-07-09 14:59:00,785 [INFO] HTTP Request: GET https://www.magicbricks.com/jaypee-wish-town-klassic-sector-129-noida-pdpid-4d4235303130313439#cardid-84647849 "HTTP/1.1 200 OK"
2026-07-09 14:59:06,833 [INFO] HTTP Request: GET https://www.magicbricks.com/kalpataru-vista-sector-128-noida-pdpid-4d4235313135383335#cardid-85166909 "HTTP/1.1 200 OK"
2026-07-09 14:59:10,714 [INFO] HTTP Request: GET https://www.magicbricks.com/mahagun-mywoods-noida-extension-noida-pdpid-4d4235303030393238#cardid-74975303 "HTTP/1.1 200 OK"
2026-07-09 14:59:14,359 [INFO] HTTP Request: GET https://www.magicbricks.com/aba-cleo-county-sector-121-noida-pdpid-4d4235303139303230#cardid-84266103 "HTTP/1.1 200 OK"
2026-07-09 14:59:20,353 [INFO] HTTP Request: GET https://www.magicbricks.com/jaypee-greens-augusta-town-homes-sector-128-noida-pdpid-4d4235303938363339#cardid-85442231 "HTTP/1.1 200 OK"
2026-07-09 14:59:27,236 [INFO] HTTP Request: GET https://www.magicbricks.com/samridhi-luxuriya-avenue-sector-150-noida-pdpid-4d4235303833353733#cardid-82000853 "HTTP/1.1 200 OK"
2026-07-09 14:59:33,967 [INFO] HTTP Request: GET https://www.magicbricks.com/civitech-stadia-sector-79-noida-pdpid-4d4235303232393932#cardid-83539221 "HTTP/1.1 200 OK"
2026-07-09 14:59:35,436 [INFO] Detail-page enrichment: 30/30 processed, 30 coordinates found so far
2026-07-09 14:59:35,437 [INFO] Detail-page enrichment complete: 30/30 listings got real coordinates
2026-07-09 14:59:35,439 [INFO] Scraped 30 total listings
2026-07-09 14:59:35,442 [INFO] Wrote 30 listings to scraped_listings.jsonl
2026-07-09 15:00:23,292 [INFO] No city name in config — reverse-geocoding (19.1136, 72.8697)...
2026-07-09 15:00:23,402 [INFO] Resolved city: Mumbai, state: Maharashtra
2026-07-09 15:00:23,403 [INFO] Saved resolved values back to C:\Users\riddh\OneDrive\Desktop\skymark-grid-project\config.json
2026-07-09 15:00:23,412 [INFO] Starting MagicBricks scrape run
2026-07-09 15:00:24,193 [INFO] Bootstrapping session via Playwright: https://www.magicbricks.com/property-for-rent/residential-real-estate?bedroom=1,2,3,4,5&proptype=Multistorey-Apartment,Builder-Floor-Apartment,Penthouse,Studio-Apartment,Service-Apartment,Residential-House,Villa&cityName=Mumbai&page=1
2026-07-09 15:00:26,059 [WARNING] Rejecting implausible monthly_rent=1050000.0 for cardid=85438067 (source text: 1050000) — outside the 1,000-1,000,000 sanity range.
2026-07-09 15:00:26,065 [WARNING] Rejecting implausible monthly_rent=2500000.0 for cardid=84672725 (source text: 2500000) — outside the 1,000-1,000,000 sanity range.
2026-07-09 15:00:26,094 [WARNING] Rejecting implausible monthly_rent=1200000.0 for cardid=84407275 (source text: 1200000) — outside the 1,000-1,000,000 sanity range.
2026-07-09 15:00:26,096 [INFO] Page 1: 30 listings parsed so far
2026-07-09 15:00:26,602 [INFO] Starting detail-page coordinate enrichment for 30 listings...
2026-07-09 15:00:30,998 [INFO] HTTP Request: GET https://www.magicbricks.com/lodha-bellagio-powai-mumbai-pdpid-4d4235333237323933#cardid-85029345 "HTTP/1.1 200 OK"
2026-07-09 15:00:37,447 [INFO] HTTP Request: GET https://www.magicbricks.com/propertyDetails/4-BHK-3150-Sq-ft-Multistorey-Apartment-FOR-Rent-Juhu-in-Mumbai&id=4d423736313331393937#cardid-76131997 "HTTP/1.1 200 OK"
2026-07-09 15:00:43,392 [INFO] HTTP Request: GET https://www.magicbricks.com/sugee-marina-bay-worli-mumbai-pdpid-4d4235323332313631#cardid-85438067 "HTTP/1.1 200 OK"
2026-07-09 15:00:49,540 [INFO] HTTP Request: GET https://www.magicbricks.com/lodha-bellissimo-mahalakshmi-mumbai-pdpid-4d4235303239353138#cardid-67039657 "HTTP/1.1 200 OK"
2026-07-09 15:01:03,661 [INFO] HTTP Request: GET https://www.magicbricks.com/bhakti-park-wadala-east-mumbai-pdpid-4d4235303239393335#cardid-83378603 "HTTP/1.1 301 Moved Permanently"
2026-07-09 15:01:05,510 [INFO] HTTP Request: GET https://www.magicbricks.com/bhakti-park-wadala-mumbai-pdpid-4d4235303239393335#cardid-83378603 "HTTP/1.1 200 OK"
2026-07-09 15:01:11,420 [INFO] HTTP Request: GET https://www.magicbricks.com/lokhandwala-imperial-heights-bandra-west-mumbai-pdpid-4d4235303435343530#cardid-84113003 "HTTP/1.1 200 OK"
2026-07-09 15:01:17,997 [INFO] HTTP Request: GET https://www.magicbricks.com/carmichael-residences-tardeo-mumbai-pdpid-4d4235313932363433#cardid-84672725 "HTTP/1.1 200 OK"
2026-07-09 15:01:24,155 [INFO] HTTP Request: GET https://www.magicbricks.com/49-ideal-juhu-mumbai-pdpid-4d4235313232313931#cardid-82995075 "HTTP/1.1 200 OK"
2026-07-09 15:01:31,420 [INFO] HTTP Request: GET https://www.magicbricks.com/propertyDetails/3-BHK-1095-Sq-ft-Multistorey-Apartment-FOR-Rent-Mulund-West-in-Mumbai&id=4d423638313735333335#cardid-68175335 "HTTP/1.1 200 OK"
2026-07-09 15:01:36,534 [INFO] HTTP Request: GET https://www.magicbricks.com/lodha-adrina-upper-worli-mumbai-pdpid-4d4235343033313539#cardid-84447215 "HTTP/1.1 301 Moved Permanently"
2026-07-09 15:01:38,399 [INFO] HTTP Request: GET https://www.magicbricks.com/lodha-adrina-worli-mumbai-pdpid-4d4235343033313539#cardid-84447215 "HTTP/1.1 200 OK"
2026-07-09 15:01:38,955 [INFO] Detail-page enrichment: 10/30 processed, 10 coordinates found so far
2026-07-09 15:01:44,536 [INFO] HTTP Request: GET https://www.magicbricks.com/harshjyot-apartment-juhu-mumbai-pdpid-4d4235303534393630#cardid-84184391 "HTTP/1.1 200 OK"
2026-07-09 15:01:50,059 [INFO] HTTP Request: GET https://www.magicbricks.com/rustomjee-erika-bandra-east-mumbai-pdpid-4d4235333236393433#cardid-80732187 "HTTP/1.1 200 OK"
2026-07-09 15:01:54,983 [INFO] HTTP Request: GET https://www.magicbricks.com/lodha-park-worli-mumbai-pdpid-4d4235303230393331#cardid-84578001 "HTTP/1.1 200 OK"
2026-07-09 15:02:04,907 [INFO] HTTP Request: GET https://www.magicbricks.com/kanakia-silicon-valley-powai-mumbai-pdpid-4d4235313336343131#cardid-84162427 "HTTP/1.1 200 OK"
2026-07-09 15:02:10,441 [INFO] HTTP Request: GET https://www.magicbricks.com/propertyDetails/3-BHK-1790-Sq-ft-Multistorey-Apartment-FOR-Rent-Goregaon-East-in-Mumbai&id=4d423632393635383933#cardid-62965893 "HTTP/1.1 200 OK"
2026-07-09 15:02:15,862 [INFO] HTTP Request: GET https://www.magicbricks.com/ir-horizon-tower-andheri-east-mumbai-pdpid-4d4235343431343739#cardid-84293195 "HTTP/1.1 200 OK"
2026-07-09 15:02:20,479 [INFO] HTTP Request: GET https://www.magicbricks.com/rustomjee-seasons-bandra-east-mumbai-pdpid-4d4235303237323636#cardid-83405709 "HTTP/1.1 200 OK"
2026-07-09 15:02:26,299 [INFO] HTTP Request: GET https://www.magicbricks.com/wadhwa-the-address-ghatkopar-west-mumbai-pdpid-4d4235303136363236#cardid-82991457 "HTTP/1.1 200 OK"
2026-07-09 15:03:05,373 [INFO] No city name in config — reverse-geocoding (28.5074, 77.3912)...
2026-07-09 15:03:05,500 [INFO] Resolved city: Noida, state: Uttar Pradesh
2026-07-09 15:03:05,503 [INFO] Saved resolved values back to C:\Users\riddh\OneDrive\Desktop\skymark-grid-project\config.json
2026-07-09 15:03:05,509 [INFO] Starting MagicBricks scrape run
2026-07-09 15:03:06,233 [INFO] Bootstrapping session via Playwright: https://www.magicbricks.com/property-for-rent/residential-real-estate?bedroom=1,2,3,4,5&proptype=Multistorey-Apartment,Builder-Floor-Apartment,Penthouse,Studio-Apartment,Service-Apartment,Residential-House,Villa&cityName=Noida&page=1
2026-07-09 15:03:11,117 [INFO] Page 1: 30 listings parsed so far
2026-07-09 15:03:11,696 [INFO] Starting detail-page coordinate enrichment for 30 listings...
2026-07-09 15:03:14,845 [INFO] HTTP Request: GET https://www.magicbricks.com/aba-cleo-county-sector-121-noida-pdpid-4d4235303139303230#cardid-83303695 "HTTP/1.1 200 OK"
2026-07-09 15:03:22,250 [INFO] HTTP Request: GET https://www.magicbricks.com/nirala-estate-phase-2-noida-extension-noida-pdpid-4d4235303230313135#cardid-76107271 "HTTP/1.1 200 OK"
2026-07-09 15:03:28,694 [INFO] HTTP Request: GET https://www.magicbricks.com/jaypee-klassic-sector-134-noida-pdpid-4d4235303231353035#cardid-85257169 "HTTP/1.1 200 OK"
2026-07-09 15:03:34,097 [INFO] HTTP Request: GET https://www.magicbricks.com/prateek-stylome-sector-45-noida-pdpid-4d4235303139353130#cardid-80680265 "HTTP/1.1 200 OK"
2026-07-09 15:03:44,634 [INFO] HTTP Request: GET https://www.magicbricks.com/propertyDetails/3-BHK-3302-Sq-ft-Multistorey-Apartment-FOR-Rent-Sector-108-Parx-Laureate-in-Noida&id=4d423536343231333933#cardid-56421393 "HTTP/1.1 200 OK"
2026-07-09 15:03:57,125 [INFO] HTTP Request: GET https://www.magicbricks.com/county-107-sector-107-noida-pdpid-4d4235313234373439#cardid-79645351 "HTTP/1.1 200 OK"
2026-07-09 15:04:01,198 [INFO] HTTP Request: GET https://www.magicbricks.com/amrapali-princely-estate-sector-76-noida-pdpid-4d4235303030383638#cardid-84553355 "HTTP/1.1 200 OK"
2026-07-09 15:04:03,941 [INFO] HTTP Request: GET https://www.magicbricks.com/aba-cleo-county-sector-121-noida-pdpid-4d4235303139303230#cardid-84462421 "HTTP/1.1 200 OK"
2026-07-09 15:04:09,618 [INFO] HTTP Request: GET https://www.magicbricks.com/gaur-city-14th-avenue-noida-extension-noida-pdpid-4d4235323234343431#cardid-85412461 "HTTP/1.1 200 OK"
2026-07-09 15:04:12,814 [INFO] HTTP Request: GET https://www.magicbricks.com/aba-cleo-county-sector-121-noida-pdpid-4d4235303139303230#cardid-82564699 "HTTP/1.1 200 OK"
2026-07-09 15:04:12,978 [INFO] Detail-page enrichment: 10/30 processed, 10 coordinates found so far
2026-07-09 15:04:17,810 [INFO] HTTP Request: GET https://www.magicbricks.com/eldeco-utopia-sector-93a-noida-pdpid-4d4235303031303036#cardid-84658989 "HTTP/1.1 200 OK"
2026-07-09 15:04:24,480 [INFO] HTTP Request: GET https://www.magicbricks.com/mahagun-moderne-sector-78-noida-pdpid-4d4235303230373436#cardid-85448705 "HTTP/1.1 200 OK"
2026-07-09 15:04:29,328 [INFO] HTTP Request: GET https://www.magicbricks.com/godrej-woods-sector-43-noida-pdpid-4d4235323330313731#cardid-85394881 "HTTP/1.1 200 OK"
2026-07-09 15:04:34,304 [INFO] HTTP Request: GET https://www.magicbricks.com/jaypee-greens-pavilion-court-sector-128-noida-pdpid-4d4235303130313530#cardid-85406419 "HTTP/1.1 200 OK"
2026-07-09 15:04:41,568 [INFO] HTTP Request: GET https://www.magicbricks.com/pearls-gateway-towers-sector-44-noida-pdpid-4d4235303130333138#cardid-84164867 "HTTP/1.1 200 OK"
2026-07-09 15:04:46,228 [INFO] HTTP Request: GET https://www.magicbricks.com/kalpataru-vista-sultanpur-noida-pdpid-4d4235313135383335#cardid-85223913 "HTTP/1.1 301 Moved Permanently"
2026-07-09 15:04:47,516 [INFO] HTTP Request: GET https://www.magicbricks.com/kalpataru-vista-sector-128-noida-pdpid-4d4235313135383335#cardid-85223913 "HTTP/1.1 200 OK"
2026-07-09 15:04:55,722 [INFO] HTTP Request: GET https://www.magicbricks.com/royal-nest-noida-extension-noida-pdpid-4d4235303933393337#cardid-85362321 "HTTP/1.1 200 OK"
2026-07-09 15:05:03,485 [INFO] HTTP Request: GET https://www.magicbricks.com/amrapali-centurian-park-terrace-homes-noida-extension-noida-pdpid-4d4235303031323133#cardid-85410977 "HTTP/1.1 200 OK"
2026-07-09 15:05:08,116 [INFO] HTTP Request: GET https://www.magicbricks.com/county-107-sector-107-noida-pdpid-4d4235313234373439#cardid-85105799 "HTTP/1.1 200 OK"
2026-07-09 15:05:13,019 [INFO] HTTP Request: GET https://www.magicbricks.com/grand-ajnara-heritage-sector-74-noida-pdpid-4d4235303233393931#cardid-82467133 "HTTP/1.1 200 OK"
2026-07-09 15:05:13,248 [INFO] Detail-page enrichment: 20/30 processed, 20 coordinates found so far
2026-07-09 15:05:18,334 [INFO] HTTP Request: GET https://www.magicbricks.com/godrej-woods-sector-43-noida-pdpid-4d4235323330313731#cardid-85288747 "HTTP/1.1 200 OK"
2026-07-09 15:05:23,035 [INFO] HTTP Request: GET https://www.magicbricks.com/eldeco-live-by-the-greens-sector-150-noida-pdpid-4d4235313139363239#cardid-85195455 "HTTP/1.1 200 OK"
2026-07-09 15:05:29,287 [INFO] HTTP Request: GET https://www.magicbricks.com/propertyDetails/3-BHK-2510-Sq-ft-Multistorey-Apartment-FOR-Rent-Sector-75-in-Noida&id=4d423834383236343533#cardid-84826453 "HTTP/1.1 200 OK"
2026-07-09 15:05:37,800 [INFO] HTTP Request: GET https://www.magicbricks.com/jaypee-wish-town-klassic-sector-129-noida-pdpid-4d4235303130313439#cardid-84647849 "HTTP/1.1 200 OK"
2026-07-09 15:05:43,520 [INFO] HTTP Request: GET https://www.magicbricks.com/kalpataru-vista-sector-128-noida-pdpid-4d4235313135383335#cardid-85166909 "HTTP/1.1 200 OK"
2026-07-09 15:05:51,194 [INFO] HTTP Request: GET https://www.magicbricks.com/mahagun-mywoods-noida-extension-noida-pdpid-4d4235303030393238#cardid-74975303 "HTTP/1.1 200 OK"
2026-07-09 15:05:56,843 [INFO] HTTP Request: GET https://www.magicbricks.com/aba-cleo-county-sector-121-noida-pdpid-4d4235303139303230#cardid-84266103 "HTTP/1.1 200 OK"
2026-07-09 15:06:02,063 [INFO] HTTP Request: GET https://www.magicbricks.com/jaypee-greens-augusta-town-homes-sector-128-noida-pdpid-4d4235303938363339#cardid-85442231 "HTTP/1.1 200 OK"
2026-07-09 15:06:08,440 [INFO] HTTP Request: GET https://www.magicbricks.com/samridhi-luxuriya-avenue-sector-150-noida-pdpid-4d4235303833353733#cardid-82000853 "HTTP/1.1 200 OK"
2026-07-09 15:06:16,475 [INFO] HTTP Request: GET https://www.magicbricks.com/civitech-stadia-sector-79-noida-pdpid-4d4235303232393932#cardid-83539221 "HTTP/1.1 200 OK"
2026-07-09 15:06:17,138 [INFO] Detail-page enrichment: 30/30 processed, 30 coordinates found so far
2026-07-09 15:06:17,138 [INFO] Detail-page enrichment complete: 30/30 listings got real coordinates
2026-07-09 15:06:17,138 [INFO] Scraped 30 total listings
2026-07-09 15:06:17,140 [INFO] Wrote 30 listings to scraped_listings.jsonl
2026-07-09 15:07:04,612 [INFO] No city name in config — reverse-geocoding (19.1136, 72.8697)...
2026-07-09 15:07:04,750 [INFO] Resolved city: Mumbai, state: Maharashtra
2026-07-09 15:07:04,752 [INFO] Saved resolved values back to C:\Users\riddh\OneDrive\Desktop\skymark-grid-project\config.json
2026-07-09 15:07:04,758 [INFO] Starting MagicBricks scrape run
2026-07-09 15:07:05,379 [INFO] Bootstrapping session via Playwright: https://www.magicbricks.com/property-for-rent/residential-real-estate?bedroom=1,2,3,4,5&proptype=Multistorey-Apartment,Builder-Floor-Apartment,Penthouse,Studio-Apartment,Service-Apartment,Residential-House,Villa&cityName=Mumbai&page=1
2026-07-09 15:07:31,993 [WARNING] Rejecting implausible monthly_rent=1050000.0 for cardid=85438067 (source text: 1050000) — outside the 1,000-1,000,000 sanity range.
2026-07-09 15:07:31,999 [WARNING] Rejecting implausible monthly_rent=2500000.0 for cardid=84672725 (source text: 2500000) — outside the 1,000-1,000,000 sanity range.
2026-07-09 15:07:32,032 [WARNING] Rejecting implausible monthly_rent=1200000.0 for cardid=84407275 (source text: 1200000) — outside the 1,000-1,000,000 sanity range.
2026-07-09 15:07:32,034 [INFO] Page 1: 30 listings parsed so far
2026-07-09 15:07:32,493 [INFO] Starting detail-page coordinate enrichment for 30 listings...
2026-07-09 15:07:35,653 [INFO] HTTP Request: GET https://www.magicbricks.com/lodha-bellagio-powai-mumbai-pdpid-4d4235333237323933#cardid-85029345 "HTTP/1.1 200 OK"
2026-07-09 15:07:43,055 [INFO] HTTP Request: GET https://www.magicbricks.com/propertyDetails/4-BHK-3150-Sq-ft-Multistorey-Apartment-FOR-Rent-Juhu-in-Mumbai&id=4d423736313331393937#cardid-76131997 "HTTP/1.1 200 OK"
2026-07-09 15:07:47,303 [INFO] HTTP Request: GET https://www.magicbricks.com/sugee-marina-bay-worli-mumbai-pdpid-4d4235323332313631#cardid-85438067 "HTTP/1.1 200 OK"
2026-07-09 15:07:53,997 [INFO] HTTP Request: GET https://www.magicbricks.com/lodha-bellissimo-mahalakshmi-mumbai-pdpid-4d4235303239353138#cardid-67039657 "HTTP/1.1 200 OK"
2026-07-09 15:07:59,513 [INFO] HTTP Request: GET https://www.magicbricks.com/bhakti-park-wadala-east-mumbai-pdpid-4d4235303239393335#cardid-83378603 "HTTP/1.1 301 Moved Permanently"
2026-07-09 15:08:01,060 [INFO] HTTP Request: GET https://www.magicbricks.com/bhakti-park-wadala-mumbai-pdpid-4d4235303239393335#cardid-83378603 "HTTP/1.1 200 OK"
2026-07-09 15:08:06,392 [INFO] HTTP Request: GET https://www.magicbricks.com/lokhandwala-imperial-heights-bandra-west-mumbai-pdpid-4d4235303435343530#cardid-84113003 "HTTP/1.1 200 OK"
2026-07-09 15:08:11,586 [INFO] HTTP Request: GET https://www.magicbricks.com/carmichael-residences-tardeo-mumbai-pdpid-4d4235313932363433#cardid-84672725 "HTTP/1.1 200 OK"
2026-07-09 15:08:14,877 [INFO] HTTP Request: GET https://www.magicbricks.com/49-ideal-juhu-mumbai-pdpid-4d4235313232313931#cardid-82995075 "HTTP/1.1 200 OK"
2026-07-09 15:08:20,718 [INFO] HTTP Request: GET https://www.magicbricks.com/propertyDetails/3-BHK-1095-Sq-ft-Multistorey-Apartment-FOR-Rent-Mulund-West-in-Mumbai&id=4d423638313735333335#cardid-68175335 "HTTP/1.1 200 OK"
2026-07-09 15:08:25,737 [INFO] HTTP Request: GET https://www.magicbricks.com/lodha-adrina-upper-worli-mumbai-pdpid-4d4235343033313539#cardid-84447215 "HTTP/1.1 301 Moved Permanently"
2026-07-09 15:08:25,926 [INFO] HTTP Request: GET https://www.magicbricks.com/lodha-adrina-worli-mumbai-pdpid-4d4235343033313539#cardid-84447215 "HTTP/1.1 200 OK"
2026-07-09 15:08:26,076 [INFO] Detail-page enrichment: 10/30 processed, 10 coordinates found so far
2026-07-09 15:08:31,468 [INFO] HTTP Request: GET https://www.magicbricks.com/harshjyot-apartment-juhu-mumbai-pdpid-4d4235303534393630#cardid-84184391 "HTTP/1.1 200 OK"
2026-07-09 15:08:36,459 [INFO] HTTP Request: GET https://www.magicbricks.com/rustomjee-erika-bandra-east-mumbai-pdpid-4d4235333236393433#cardid-80732187 "HTTP/1.1 200 OK"
2026-07-09 15:08:40,187 [INFO] HTTP Request: GET https://www.magicbricks.com/lodha-park-worli-mumbai-pdpid-4d4235303230393331#cardid-84578001 "HTTP/1.1 200 OK"
2026-07-09 15:08:44,461 [INFO] HTTP Request: GET https://www.magicbricks.com/kanakia-silicon-valley-powai-mumbai-pdpid-4d4235313336343131#cardid-84162427 "HTTP/1.1 200 OK"
2026-07-09 15:08:50,651 [INFO] HTTP Request: GET https://www.magicbricks.com/propertyDetails/3-BHK-1790-Sq-ft-Multistorey-Apartment-FOR-Rent-Goregaon-East-in-Mumbai&id=4d423632393635383933#cardid-62965893 "HTTP/1.1 200 OK"
2026-07-09 15:08:55,618 [INFO] HTTP Request: GET https://www.magicbricks.com/ir-horizon-tower-andheri-east-mumbai-pdpid-4d4235343431343739#cardid-84293195 "HTTP/1.1 200 OK"
2026-07-09 15:08:59,062 [INFO] HTTP Request: GET https://www.magicbricks.com/rustomjee-seasons-bandra-east-mumbai-pdpid-4d4235303237323636#cardid-83405709 "HTTP/1.1 200 OK"
2026-07-09 15:09:03,609 [INFO] HTTP Request: GET https://www.magicbricks.com/wadhwa-the-address-ghatkopar-west-mumbai-pdpid-4d4235303136363236#cardid-82991457 "HTTP/1.1 200 OK"
2026-07-09 15:09:08,022 [INFO] HTTP Request: GET https://www.magicbricks.com/piramal-mahalaxmi-mahalakshmi-mumbai-pdpid-4d4235313134393335#cardid-80329451 "HTTP/1.1 200 OK"
2026-07-09 15:09:14,953 [INFO] HTTP Request: GET https://www.magicbricks.com/propertyDetails/3-BHK-1280-Sq-ft-Multistorey-Apartment-FOR-Rent-Powai-in-Mumbai&id=4d423833333239353039#cardid-83329509 "HTTP/1.1 200 OK"
2026-07-09 15:09:15,075 [INFO] Detail-page enrichment: 20/30 processed, 20 coordinates found so far
2026-07-09 15:09:19,694 [INFO] HTTP Request: GET https://www.magicbricks.com/hiranandani-heritage-powai-mumbai-pdpid-4d4235303837363830#cardid-85015097 "HTTP/1.1 200 OK"
2026-07-09 15:09:28,491 [INFO] HTTP Request: GET https://www.magicbricks.com/oberoi-esquire-goregaon-east-mumbai-pdpid-4d4235303230303039#cardid-84657985 "HTTP/1.1 200 OK"
2026-07-09 15:09:33,003 [INFO] HTTP Request: GET https://www.magicbricks.com/propertyDetails/3-BHK-1020-Sq-ft-Multistorey-Apartment-FOR-Rent-Vile-Parle-East-in-Mumbai&id=4d423834303232373239#cardid-84022729 "HTTP/1.1 200 OK"
2026-07-09 15:09:37,235 [INFO] HTTP Request: GET https://www.magicbricks.com/propertyDetails/1-BHK-400-Sq-ft-Multistorey-Apartment-FOR-Rent-Mulund-West-in-Mumbai&id=4d423834333236303937#cardid-84326097 "HTTP/1.1 200 OK"
2026-07-09 15:09:42,005 [INFO] HTTP Request: GET https://www.magicbricks.com/propertyDetails/2-BHK-1548-Sq-ft-Multistorey-Apartment-FOR-Rent-Vile-Parle-East-in-Mumbai&id=4d423835333738313935#cardid-85378195 "HTTP/1.1 200 OK"
2026-07-09 15:09:49,278 [INFO] HTTP Request: GET https://www.magicbricks.com/bharat-juhu-acropolis-juhu-mumbai-pdpid-4d4235313237313633#cardid-77840643 "HTTP/1.1 200 OK"
2026-07-09 15:09:54,104 [INFO] HTTP Request: GET https://www.magicbricks.com/trump-tower-worli-mumbai-pdpid-4d4235303730383739#cardid-82068119 "HTTP/1.1 200 OK"
2026-07-09 15:09:58,122 [INFO] HTTP Request: GET https://www.magicbricks.com/kalpataru-magnus-bandra-east-mumbai-pdpid-4d4235313135343639#cardid-82695413 "HTTP/1.1 200 OK"
2026-07-09 15:10:04,647 [INFO] HTTP Request: GET https://www.magicbricks.com/ahuja-towers-worli-mumbai-pdpid-4d4235303239323731#cardid-84407275 "HTTP/1.1 200 OK"
2026-07-09 15:10:11,160 [INFO] HTTP Request: GET https://www.magicbricks.com/zee-ashtavinayak-andheri-west-mumbai-pdpid-4d4235343138303337#cardid-83444319 "HTTP/1.1 200 OK"
2026-07-09 15:10:11,268 [INFO] Detail-page enrichment: 30/30 processed, 30 coordinates found so far
2026-07-09 15:10:11,269 [INFO] Detail-page enrichment complete: 30/30 listings got real coordinates
2026-07-09 15:10:11,269 [INFO] Scraped 30 total listings
2026-07-09 15:10:11,271 [INFO] Wrote 30 listings to scraped_listings.jsonl
2026-07-09 15:10:58,424 [INFO] No city name in config — reverse-geocoding (18.5195, 73.8553)...
2026-07-09 15:10:58,514 [INFO] Resolved city: Pune, state: Maharashtra
2026-07-09 15:10:58,516 [INFO] Saved resolved values back to C:\Users\riddh\OneDrive\Desktop\skymark-grid-project\config.json
2026-07-09 15:10:58,521 [INFO] Starting MagicBricks scrape run
2026-07-09 15:10:59,224 [INFO] Bootstrapping session via Playwright: https://www.magicbricks.com/property-for-rent/residential-real-estate?bedroom=1,2,3,4,5&proptype=Multistorey-Apartment,Builder-Floor-Apartment,Penthouse,Studio-Apartment,Service-Apartment,Residential-House,Villa&cityName=Pune&page=1
2026-07-09 15:11:01,741 [INFO] Page 1: 30 listings parsed so far
2026-07-09 15:11:02,225 [INFO] Starting detail-page coordinate enrichment for 30 listings...
2026-07-09 15:11:08,846 [INFO] HTTP Request: GET https://www.magicbricks.com/brahma-aangan-wanowrie-pune-pdpid-4d4235333635333035#cardid-85205141 "HTTP/1.1 200 OK"
2026-07-09 15:11:18,469 [INFO] HTTP Request: GET https://www.magicbricks.com/sky-belvedere-viman-nagar-pune-pdpid-4d4235303033343136#cardid-85152463 "HTTP/1.1 200 OK"
2026-07-09 15:11:23,907 [INFO] HTTP Request: GET https://www.magicbricks.com/kolte-patil-life-republic-hinjewadi-pune-pdpid-4d4235303231313837#cardid-73954535 "HTTP/1.1 200 OK"
2026-07-09 15:11:32,712 [INFO] HTTP Request: GET https://www.magicbricks.com/bramha-avenue-kondhwa-pune-pdpid-4d4235303233313535#cardid-82651083 "HTTP/1.1 200 OK"
2026-07-09 15:11:36,798 [INFO] HTTP Request: GET https://www.magicbricks.com/propertyDetails/1-BHK-750-Sq-ft-Multistorey-Apartment-FOR-Rent-Hinjewadi-in-Pune&id=4d423834363734393533#cardid-84674953 "HTTP/1.1 200 OK"
2026-07-09 15:11:41,115 [INFO] HTTP Request: GET https://www.magicbricks.com/panchshil-towers-kharadi-pune-pdpid-4d4235303139383033#cardid-79316601 "HTTP/1.1 200 OK"
2026-07-09 15:11:46,410 [INFO] HTTP Request: GET https://www.magicbricks.com/kolte-patil-life-republic-hinjewadi-pune-pdpid-4d4235303231313837#cardid-84472867 "HTTP/1.1 200 OK"
2026-07-09 15:11:52,977 [INFO] HTTP Request: GET https://www.magicbricks.com/propertyDetails/2-BHK-950-Sq-ft-Multistorey-Apartment-FOR-Rent-Sinhgad-Road-in-Pune&id=4d423835323735373333#cardid-85275733 "HTTP/1.1 200 OK"
2026-07-09 15:11:59,658 [INFO] HTTP Request: GET https://www.magicbricks.com/clover-verde-kalyani-nagar-pune-pdpid-4d4235303232393836#cardid-85397369 "HTTP/1.1 200 OK"
2026-07-09 15:12:04,624 [INFO] HTTP Request: GET https://www.magicbricks.com/gera-greensville-skyvillas-kharadi-pune-pdpid-4d4235303033383137#cardid-83180563 "HTTP/1.1 200 OK"
2026-07-09 15:12:04,840 [INFO] Detail-page enrichment: 10/30 processed, 10 coordinates found so far
2026-07-09 15:12:09,348 [INFO] HTTP Request: GET https://www.magicbricks.com/pride-purple-park-grandeur-baner-pune-pdpid-4d4235303238373832#cardid-75343627 "HTTP/1.1 200 OK"
2026-07-09 15:12:13,979 [INFO] HTTP Request: GET https://www.magicbricks.com/clover-pinnacle-ridge-nibm-road-pune-pdpid-4d4235303034303138#cardid-85121827 "HTTP/1.1 301 Moved Permanently"
2026-07-09 15:12:15,375 [INFO] HTTP Request: GET https://www.magicbricks.com/clover-pinnacle-ridge-kondhwa-pune-pdpid-4d4235303034303138#cardid-85121827 "HTTP/1.1 200 OK"
2026-07-09 15:12:21,037 [INFO] HTTP Request: GET https://www.magicbricks.com/propertyDetails/1-BHK-700-Sq-ft-Multistorey-Apartment-FOR-Rent-Kalyani-Nagar-in-Pune&id=4d423834393332343537#cardid-84932457 "HTTP/1.1 200 OK"
2026-07-09 15:12:25,239 [INFO] HTTP Request: GET https://www.magicbricks.com/clover-palisades-nibm-road-pune-pdpid-4d4235303232393835#cardid-84923411 "HTTP/1.1 200 OK"
2026-07-09 15:12:31,078 [INFO] HTTP Request: GET https://www.magicbricks.com/shubh-nirvana-viman-nagar-pune-pdpid-4d4235333333393337#cardid-85005849 "HTTP/1.1 200 OK"
2026-07-09 15:12:36,421 [INFO] HTTP Request: GET https://www.magicbricks.com/nyati-elan-central-ii-wagholi-pune-pdpid-4d4235333331333231#cardid-83219363 "HTTP/1.1 200 OK"
2026-07-09 15:12:40,500 [INFO] HTTP Request: GET https://www.magicbricks.com/paranjape-the-groves-hinjewadi-pune-pdpid-4d4235333533343231#cardid-85325131 "HTTP/1.1 200 OK"
2026-07-09 15:12:47,969 [INFO] HTTP Request: GET https://www.magicbricks.com/vilas-javdekar-yashwin-nuovo-centro-wakad-pune-pdpid-4d4235333331323635#cardid-85072081 "HTTP/1.1 200 OK"
2026-07-09 15:12:53,366 [INFO] HTTP Request: GET https://www.magicbricks.com/kolte-patil-24k-sereno-baner-pune-pdpid-4d4235303732363439#cardid-78766709 "HTTP/1.1 200 OK"
2026-07-09 15:12:59,232 [INFO] HTTP Request: GET https://www.magicbricks.com/magarpatta-heliconia-magarpatta-city-pune-pdpid-4d4235303033343033#cardid-85357933 "HTTP/1.1 200 OK"
2026-07-09 15:12:59,371 [INFO] Detail-page enrichment: 20/30 processed, 20 coordinates found so far
2026-07-09 15:13:06,196 [INFO] HTTP Request: GET https://www.magicbricks.com/propertyDetails/4-BHK-2900-Sq-ft-Multistorey-Apartment-FOR-Rent-Prabhat-Road-in-Pune&id=4d423833363334343837#cardid-83634487 "HTTP/1.1 200 OK"
2026-07-09 15:13:09,283 [INFO] HTTP Request: GET https://www.magicbricks.com/gera-greensville-skyvillas-kharadi-pune-pdpid-4d4235303033383137#cardid-85443635 "HTTP/1.1 200 OK"
2026-07-09 15:13:13,451 [INFO] HTTP Request: GET https://www.magicbricks.com/saheel-itrend-life-3-wakad-pune-pdpid-4d4235333436343433#cardid-85463805 "HTTP/1.1 200 OK"
2026-07-09 15:13:19,516 [INFO] HTTP Request: GET https://www.magicbricks.com/konark-tower-balewadi-pune-pdpid-4d4235323039353531#cardid-83053853 "HTTP/1.1 200 OK"
2026-07-09 15:13:25,240 [INFO] HTTP Request: GET https://www.magicbricks.com/propertyDetails/1-BHK-450-Sq-ft-Builder-Floor-Apartment-FOR-Rent-Wadgaon-Sheri-in-Pune&id=4d423835343631373737#cardid-85461777 "HTTP/1.1 200 OK"
2026-07-09 15:13:29,760 [INFO] HTTP Request: GET https://www.magicbricks.com/saheel-itrend-life-plus-wakad-pune-pdpid-4d4235333332353135#cardid-85232049 "HTTP/1.1 200 OK"
2026-07-09 15:13:34,852 [INFO] HTTP Request: GET https://www.magicbricks.com/nirmal-township-phase-2-kanifnath-colony-pune-pdpid-4d4235303635373233#cardid-85355455 "HTTP/1.1 301 Moved Permanently"
2026-07-09 15:13:36,311 [INFO] HTTP Request: GET https://www.magicbricks.com/nirmal-township-phase-2-sasane-nagar-pune-pdpid-4d4235303635373233#cardid-85355455 "HTTP/1.1 200 OK"
2026-07-09 15:13:43,774 [INFO] HTTP Request: GET https://www.magicbricks.com/mansha-wagholi-pune-pdpid-4d4235303732313935#cardid-85425303 "HTTP/1.1 200 OK"
2026-07-09 15:13:48,383 [INFO] HTTP Request: GET https://www.magicbricks.com/ganga-nebula-viman-nagar-pune-pdpid-4d4235303030393331#cardid-85443527 "HTTP/1.1 200 OK"
2026-07-09 15:13:53,391 [INFO] HTTP Request: GET https://www.magicbricks.com/kalpataru-splendour-kaspate-vasti-pune-pdpid-4d4235303231333639#cardid-83467085 "HTTP/1.1 301 Moved Permanently"
2026-07-09 15:13:53,894 [INFO] HTTP Request: GET https://www.magicbricks.com/kalpataru-splendour-wakad-pune-pdpid-4d4235303231333639#cardid-83467085 "HTTP/1.1 200 OK"
2026-07-09 15:13:54,112 [INFO] Detail-page enrichment: 30/30 processed, 30 coordinates found so far
2026-07-09 15:13:54,112 [INFO] Detail-page enrichment complete: 30/30 listings got real coordinates
2026-07-09 15:13:54,113 [INFO] Scraped 30 total listings
2026-07-09 15:13:54,114 [INFO] Wrote 30 listings to scraped_listings.jsonl
2026-07-09 15:14:41,303 [INFO] No city name in config — reverse-geocoding (12.9352, 77.6245)...
2026-07-09 15:14:41,416 [INFO] Resolved city: Bengaluru, state: Karnataka
2026-07-09 15:14:41,418 [INFO] Saved resolved values back to C:\Users\riddh\OneDrive\Desktop\skymark-grid-project\config.json
2026-07-09 15:14:41,423 [INFO] Starting MagicBricks scrape run
2026-07-09 15:14:42,037 [INFO] Bootstrapping session via Playwright: https://www.magicbricks.com/property-for-rent/residential-real-estate?bedroom=1,2,3,4,5&proptype=Multistorey-Apartment,Builder-Floor-Apartment,Penthouse,Studio-Apartment,Service-Apartment,Residential-House,Villa&cityName=Bengaluru&page=1
2026-07-09 15:15:03,014 [WARNING] Listing card selector didn't show up — page may have been served a captcha/interstitial. Inspect a screenshot before assuming the scraper is broken vs. the selector being stale.
2026-07-09 15:15:18,777 [ERROR] Zero listing containers found (neither div.mb-srp__list[id^=cardid] nor div.mb-srp__card). Either the page didn't render fully (bot-check interstitial?) or MagicBricks changed the markup — check bootstrap_debug.png.
2026-07-09 15:15:18,777 [INFO] DOM parse returned nothing, trying JSON blob fallback...
2026-07-09 15:15:18,779 [INFO] Page 1: 0 listings parsed so far
2026-07-09 15:15:19,294 [INFO] Starting detail-page coordinate enrichment for 0 listings...
2026-07-09 15:15:19,294 [INFO] Detail-page enrichment complete: 0/0 listings got real coordinates
2026-07-09 15:15:19,300 [INFO] Scraped 0 total listings
2026-07-09 15:15:19,301 [INFO] Wrote 0 listings to scraped_listings.jsonl
2026-07-09 15:16:05,067 [INFO] No city name in config — reverse-geocoding (22.5799, 88.4162)...
2026-07-09 15:16:05,159 [INFO] Resolved city: Bidhannagar, state: West Bengal
2026-07-09 15:16:05,161 [INFO] Saved resolved values back to C:\Users\riddh\OneDrive\Desktop\skymark-grid-project\config.json
2026-07-09 15:16:05,166 [INFO] Starting MagicBricks scrape run
2026-07-09 15:16:05,803 [INFO] Bootstrapping session via Playwright: https://www.magicbricks.com/property-for-rent/residential-real-estate?bedroom=1,2,3,4,5&proptype=Multistorey-Apartment,Builder-Floor-Apartment,Penthouse,Studio-Apartment,Service-Apartment,Residential-House,Villa&cityName=Bidhannagar&page=1
2026-07-09 15:16:26,887 [WARNING] Listing card selector didn't show up — page may have been served a captcha/interstitial. Inspect a screenshot before assuming the scraper is broken vs. the selector being stale.
2026-07-09 15:16:27,310 [ERROR] Zero listing containers found (neither div.mb-srp__list[id^=cardid] nor div.mb-srp__card). Either the page didn't render fully (bot-check interstitial?) or MagicBricks changed the markup — check bootstrap_debug.png.
2026-07-09 15:16:27,310 [INFO] DOM parse returned nothing, trying JSON blob fallback...
2026-07-09 15:16:27,311 [INFO] Page 1: 0 listings parsed so far
2026-07-09 15:16:27,820 [INFO] Starting detail-page coordinate enrichment for 0 listings...
2026-07-09 15:16:27,821 [INFO] Detail-page enrichment complete: 0/0 listings got real coordinates
2026-07-09 15:16:27,826 [INFO] Scraped 0 total listings
2026-07-09 15:16:27,827 [INFO] Wrote 0 listings to scraped_listings.jsonl
2026-07-09 15:21:28,453 [INFO] No city name in config — reverse-geocoding (26.9155, 75.7368)...
2026-07-09 15:21:28,540 [INFO] Resolved city: Jaipur, state: Rajasthan
2026-07-09 15:21:28,542 [INFO] Saved resolved values back to C:\Users\riddh\OneDrive\Desktop\skymark-grid-project\config.json
2026-07-09 15:21:28,548 [INFO] Starting MagicBricks scrape run
2026-07-09 15:21:29,110 [INFO] Bootstrapping session via Playwright: https://www.magicbricks.com/property-for-rent/residential-real-estate?bedroom=1,2,3,4,5&proptype=Multistorey-Apartment,Builder-Floor-Apartment,Penthouse,Studio-Apartment,Service-Apartment,Residential-House,Villa&cityName=Jaipur&page=1
2026-07-09 15:21:30,556 [INFO] Page 1: 30 listings parsed so far
2026-07-09 15:21:31,073 [INFO] Starting detail-page coordinate enrichment for 30 listings...
2026-07-09 15:21:37,748 [INFO] HTTP Request: GET https://www.magicbricks.com/chordias-the-crown-tonk-road-jaipur-pdpid-4d4235303932343033#cardid-84391997 "HTTP/1.1 200 OK"
2026-07-09 15:21:42,095 [INFO] HTTP Request: GET https://www.magicbricks.com/grand-radiant-casa-jawahar-circle-jaipur-pdpid-4d4235313132383735#cardid-74944683 "HTTP/1.1 200 OK"
2026-07-09 15:21:47,318 [INFO] HTTP Request: GET https://www.magicbricks.com/samanvay-atlantica-vaishali-nagar-jaipur-pdpid-4d4235333235373237#cardid-83196359 "HTTP/1.1 200 OK"
2026-07-09 15:21:52,318 [INFO] HTTP Request: GET https://www.magicbricks.com/propertyDetails/3-BHK-3300-Sq-ft-Villa-FOR-Rent-Vaishali-Nagar-in-Jaipur&id=4d423835313530313931#cardid-85150191 "HTTP/1.1 200 OK"
2026-07-09 15:21:57,954 [INFO] HTTP Request: GET https://www.magicbricks.com/trimurtys-ariana-jagatpura-jaipur-pdpid-4d4235323137333237#cardid-58615469 "HTTP/1.1 200 OK"
2026-07-09 15:22:01,452 [INFO] HTTP Request: GET https://www.magicbricks.com/suncity-jewel-of-india-phase-2-jawahar-lal-nehru-marg-jaipur-pdpid-4d4235333237313433#cardid-83918333 "HTTP/1.1 200 OK"
2026-07-09 15:22:06,169 [INFO] HTTP Request: GET https://www.magicbricks.com/ashiana-daksh-jagatpura-jaipur-pdpid-4d4235313237323639#cardid-85378699 "HTTP/1.1 200 OK"
2026-07-09 15:22:11,629 [INFO] HTTP Request: GET https://www.magicbricks.com/propertyDetails/4-BHK-3283-Sq-ft-Multistorey-Apartment-FOR-Rent-J.L.N.Marg-in-Jaipur&id=4d423834313932353633#cardid-84192563 "HTTP/1.1 200 OK"
2026-07-09 15:22:14,962 [INFO] HTTP Request: GET https://www.magicbricks.com/chordias-the-crown-tonk-road-jaipur-pdpid-4d4235303932343033#cardid-83602945 "HTTP/1.1 200 OK"
2026-07-09 15:22:20,175 [INFO] HTTP Request: GET https://www.magicbricks.com/shipra-path-mansarovar-jaipur-pdpid-4d4235343133313637#cardid-84080351 "HTTP/1.1 200 OK"
2026-07-09 15:22:20,736 [INFO] Detail-page enrichment: 10/30 processed, 10 coordinates found so far
2026-07-09 15:22:25,733 [INFO] HTTP Request: GET https://www.magicbricks.com/manglam-aangan-prime-mahapura-jaipur-pdpid-4d4235313137313533#cardid-83243139 "HTTP/1.1 301 Moved Permanently"
2026-07-09 15:22:26,841 [INFO] HTTP Request: GET https://www.magicbricks.com/manglam-aangan-prime-ajmer-road-jaipur-pdpid-4d4235313137313533#cardid-83243139 "HTTP/1.1 200 OK"
2026-07-09 15:22:34,528 [INFO] HTTP Request: GET https://www.magicbricks.com/propertyDetails/2-BHK-110-Sq-ft-Multistorey-Apartment-FOR-Rent-Laxmi-Nagar-Jhotwara-Industrial-Area-in-Jaipur&id=4d423835303737343339#cardid-85077439 "HTTP/1.1 200 OK"
2026-07-09 15:22:40,365 [INFO] HTTP Request: GET https://www.magicbricks.com/satya-palace-jawahar-lal-nehru-marg-jaipur-pdpid-4d4235313735373237#cardid-84824909 "HTTP/1.1 200 OK"
2026-07-09 15:22:46,499 [INFO] HTTP Request: GET https://www.magicbricks.com/propertyDetails/2-BHK-1250-Sq-ft-Residential-House-FOR-Rent-Sector-4-Mansarovar-in-Jaipur&id=4d423834383733383239#cardid-84873829 "HTTP/1.1 200 OK"
2026-07-09 15:22:51,679 [INFO] HTTP Request: GET https://www.magicbricks.com/propertyDetails/4-BHK-153-Sq-yrd-Villa-FOR-Rent-Mahapura-in-Jaipur&id=4d423835333334343037#cardid-85334407 "HTTP/1.1 200 OK"
2026-07-09 15:22:56,329 [INFO] HTTP Request: GET https://www.magicbricks.com/propertyDetails/1-BHK-600-Sq-ft-Multistorey-Apartment-FOR-Rent-Jeerota-in-Jaipur&id=4d423835343232393731#cardid-85422971 "HTTP/1.1 200 OK"
2026-07-09 15:23:11,217 [INFO] HTTP Request: GET https://www.magicbricks.com/trimurtys-ariana-jagatpura-jaipur-pdpid-4d4235323137333237#cardid-84770993 "HTTP/1.1 200 OK"
2026-07-09 15:23:17,355 [INFO] HTTP Request: GET https://www.magicbricks.com/propertyDetails/2-BHK-1506-Sq-ft-Villa-FOR-Rent-Mansarovar-in-Jaipur&id=4d423532383136303135#cardid-52816015 "HTTP/1.1 200 OK"
2026-07-09 15:23:23,063 [INFO] HTTP Request: GET https://www.magicbricks.com/propertyDetails/3-BHK-3000-Sq-ft-Residential-House-FOR-Rent-Hanuman-Nagar-Extension-in-Jaipur&id=4d423834393938303337#cardid-84998037 "HTTP/1.1 200 OK"
2026-07-09 15:23:31,632 [INFO] HTTP Request: GET https://www.magicbricks.com/propertyDetails/3-BHK-1250-Sq-ft-Builder-Floor-Apartment-FOR-Rent-Jagatpura-in-Jaipur&id=4d423834383439303233#cardid-84849023 "HTTP/1.1 200 OK"
2026-07-09 15:23:31,711 [INFO] Detail-page enrichment: 20/30 processed, 20 coordinates found so far
2026-07-09 15:23:38,714 [INFO] HTTP Request: GET https://www.magicbricks.com/ashadeep-rudraksha-jagatpura-jaipur-pdpid-4d4235313230393433#cardid-84993165 "HTTP/1.1 200 OK"
2026-07-09 15:23:44,062 [INFO] HTTP Request: GET https://www.magicbricks.com/mahima-bellevista-jagatpura-jaipur-pdpid-4d4235303731333334#cardid-54339891 "HTTP/1.1 200 OK"
2026-07-09 15:23:49,706 [INFO] HTTP Request: GET https://www.magicbricks.com/anukampa-hanging-gardens-ajmer-road-jaipur-pdpid-4d4235303239383932#cardid-84829347 "HTTP/1.1 200 OK"
2026-07-09 15:23:56,017 [INFO] HTTP Request: GET https://www.magicbricks.com/propertyDetails/4-BHK-2450-Sq-ft-Villa-FOR-Rent-Mahapura-in-Jaipur&id=4d423834373130373231#cardid-84710721 "HTTP/1.1 200 OK"
2026-07-09 15:24:00,425 [INFO] HTTP Request: GET https://www.magicbricks.com/propertyDetails/3-BHK-1800-Sq-ft-Residential-House-FOR-Rent-Chandra-Vatika-in-Jaipur&id=4d423835343032333739#cardid-85402379 "HTTP/1.1 200 OK"
2026-07-09 15:24:03,910 [INFO] HTTP Request: GET https://www.magicbricks.com/propertyDetails/4-BHK-3500-Sq-ft-Multistorey-Apartment-FOR-Rent-in-Jaipur&id=4d423830373133303131#cardid-80713011 "HTTP/1.1 200 OK"
2026-07-09 15:24:10,113 [INFO] HTTP Request: GET https://www.magicbricks.com/propertyDetails/2-BHK-1200-Sq-ft-Residential-House-FOR-Rent-Mahesh-Colony-in-Jaipur&id=4d423833323933353833#cardid-83293583 "HTTP/1.1 200 OK"
2026-07-09 15:24:15,800 [INFO] HTTP Request: GET https://www.magicbricks.com/vatika-urban-woods-ajmer-road-jaipur-pdpid-4d4235303136383539#cardid-84035511 "HTTP/1.1 200 OK"
2026-07-09 15:24:20,505 [INFO] HTTP Request: GET https://www.magicbricks.com/propertyDetails/2-BHK-900-Sq-ft-Residential-House-FOR-Rent-Adarsh-Nagar-in-Jaipur&id=4d423835313636313639#cardid-85166169 "HTTP/1.1 200 OK"
2026-07-09 15:24:25,532 [INFO] HTTP Request: GET https://www.magicbricks.com/manglam-radiance-tonk-road-jaipur-pdpid-4d4235303838383433#cardid-84996001 "HTTP/1.1 200 OK"
2026-07-09 15:24:25,640 [INFO] Detail-page enrichment: 30/30 processed, 29 coordinates found so far
2026-07-09 15:24:25,641 [INFO] Detail-page enrichment complete: 29/30 listings got real coordinates
2026-07-09 15:24:25,641 [INFO] Scraped 30 total listings
2026-07-09 15:24:25,643 [INFO] Wrote 30 listings to scraped_listings.jsonl
2026-07-09 15:29:55,312 [INFO] No city name in config — reverse-geocoding (12.9352, 77.6245)...
2026-07-09 15:29:56,165 [INFO] Resolved city: Bengaluru, state: Karnataka
2026-07-09 15:29:56,167 [INFO] Saved resolved values back to C:\Users\riddh\OneDrive\Desktop\skymark-grid-project\config.json
2026-07-09 15:29:56,174 [INFO] Starting MagicBricks scrape run
2026-07-09 15:29:56,744 [INFO] Bootstrapping session via Playwright: https://www.magicbricks.com/property-for-rent/residential-real-estate?bedroom=1,2,3,4,5&proptype=Multistorey-Apartment,Builder-Floor-Apartment,Penthouse,Studio-Apartment,Service-Apartment,Residential-House,Villa&cityName=Bengaluru&page=1
2026-07-09 15:30:17,864 [WARNING] Listing card selector didn't show up — page may have been served a captcha/interstitial. Inspect a screenshot before assuming the scraper is broken vs. the selector being stale.
2026-07-09 15:30:18,800 [ERROR] Zero listing containers found (neither div.mb-srp__list[id^=cardid] nor div.mb-srp__card). Either the page didn't render fully (bot-check interstitial?) or MagicBricks changed the markup — check bootstrap_debug.png.
2026-07-09 15:30:18,801 [INFO] DOM parse returned nothing, trying JSON blob fallback...
2026-07-09 15:30:18,802 [INFO] Page 1: 0 listings parsed so far
2026-07-09 15:30:19,277 [INFO] Starting detail-page coordinate enrichment for 0 listings...
2026-07-09 15:30:19,277 [INFO] Detail-page enrichment complete: 0/0 listings got real coordinates
2026-07-09 15:30:19,282 [INFO] Scraped 0 total listings
2026-07-09 15:30:19,283 [INFO] Wrote 0 listings to scraped_listings.jsonl
2026-07-09 15:31:05,024 [INFO] No city name in config — reverse-geocoding (22.5799, 88.4162)...
2026-07-09 15:31:05,720 [INFO] Resolved city: Bidhannagar, state: West Bengal
2026-07-09 15:31:05,722 [INFO] Saved resolved values back to C:\Users\riddh\OneDrive\Desktop\skymark-grid-project\config.json
2026-07-09 15:31:05,728 [INFO] Starting MagicBricks scrape run
2026-07-09 15:31:06,447 [INFO] Bootstrapping session via Playwright: https://www.magicbricks.com/property-for-rent/residential-real-estate?bedroom=1,2,3,4,5&proptype=Multistorey-Apartment,Builder-Floor-Apartment,Penthouse,Studio-Apartment,Service-Apartment,Residential-House,Villa&cityName=Bidhannagar&page=1
2026-07-09 15:31:27,603 [WARNING] Listing card selector didn't show up — page may have been served a captcha/interstitial. Inspect a screenshot before assuming the scraper is broken vs. the selector being stale.
2026-07-09 15:31:28,200 [ERROR] Zero listing containers found (neither div.mb-srp__list[id^=cardid] nor div.mb-srp__card). Either the page didn't render fully (bot-check interstitial?) or MagicBricks changed the markup — check bootstrap_debug.png.
2026-07-09 15:31:28,200 [INFO] DOM parse returned nothing, trying JSON blob fallback...
2026-07-09 15:31:28,201 [INFO] Page 1: 0 listings parsed so far
2026-07-09 15:31:28,663 [INFO] Starting detail-page coordinate enrichment for 0 listings...
2026-07-09 15:31:28,664 [INFO] Detail-page enrichment complete: 0/0 listings got real coordinates
2026-07-09 15:31:28,670 [INFO] Scraped 0 total listings
2026-07-09 15:31:28,672 [INFO] Wrote 0 listings to scraped_listings.jsonl
2026-07-09 15:34:47,423 [INFO] No city name in config — reverse-geocoding (12.9352, 77.6245)...
2026-07-09 15:34:47,501 [INFO] Resolved city: Bengaluru, state: Karnataka — using MagicBricks alias 'Bangalore' for the search URL
2026-07-09 15:34:47,503 [INFO] Saved resolved values back to C:\Users\riddh\OneDrive\Desktop\skymark-grid-project\config.json
2026-07-09 15:34:47,508 [INFO] Starting MagicBricks scrape run
2026-07-09 15:34:48,167 [INFO] Bootstrapping session via Playwright: https://www.magicbricks.com/property-for-rent/residential-real-estate?bedroom=1,2,3,4,5&proptype=Multistorey-Apartment,Builder-Floor-Apartment,Penthouse,Studio-Apartment,Service-Apartment,Residential-House,Villa&cityName=Bangalore&page=1
2026-07-09 15:34:50,543 [INFO] Page 1: 30 listings parsed so far
2026-07-09 15:34:56,346 [INFO] HTTP Request: GET https://www.magicbricks.com/property-for-rent/residential-real-estate?bedroom=1,2,3,4,5&proptype=Multistorey-Apartment,Builder-Floor-Apartment,Penthouse,Studio-Apartment,Service-Apartment,Residential-House,Villa&cityName=Bangalore&page=2 "HTTP/1.1 200 OK"
2026-07-09 15:34:56,500 [INFO] Page 2: +30 listings (running total: 60)
2026-07-09 15:35:00,375 [INFO] HTTP Request: GET https://www.magicbricks.com/property-for-rent/residential-real-estate?bedroom=1,2,3,4,5&proptype=Multistorey-Apartment,Builder-Floor-Apartment,Penthouse,Studio-Apartment,Service-Apartment,Residential-House,Villa&cityName=Bangalore&page=3 "HTTP/1.1 200 OK"
2026-07-09 15:35:00,521 [INFO] Page 3: +30 listings (running total: 90)
2026-07-09 15:35:05,878 [INFO] HTTP Request: GET https://www.magicbricks.com/property-for-rent/residential-real-estate?bedroom=1,2,3,4,5&proptype=Multistorey-Apartment,Builder-Floor-Apartment,Penthouse,Studio-Apartment,Service-Apartment,Residential-House,Villa&cityName=Bangalore&page=4 "HTTP/1.1 200 OK"
2026-07-09 15:35:06,024 [INFO] Page 4: +30 listings (running total: 120)
2026-07-09 15:35:13,483 [INFO] HTTP Request: GET https://www.magicbricks.com/property-for-rent/residential-real-estate?bedroom=1,2,3,4,5&proptype=Multistorey-Apartment,Builder-Floor-Apartment,Penthouse,Studio-Apartment,Service-Apartment,Residential-House,Villa&cityName=Bangalore&page=5 "HTTP/1.1 200 OK"
2026-07-09 15:35:13,637 [INFO] Page 5: +30 listings (running total: 150)
2026-07-09 15:35:13,638 [INFO] Starting detail-page coordinate enrichment for 150 listings...
2026-07-09 15:38:37,892 [INFO] No city name in config — reverse-geocoding (12.9352, 77.6245)...
2026-07-09 15:38:37,983 [INFO] Resolved city: Bengaluru, state: Karnataka — using MagicBricks alias 'Bangalore' for the search URL
2026-07-09 15:38:37,985 [INFO] Saved resolved values back to C:\Users\riddh\OneDrive\Desktop\skymark-grid-project\config.json
2026-07-09 15:38:37,992 [INFO] Starting MagicBricks scrape run
2026-07-09 15:38:38,667 [INFO] Bootstrapping session via Playwright: https://www.magicbricks.com/property-for-rent/residential-real-estate?bedroom=1,2,3,4,5&proptype=Multistorey-Apartment,Builder-Floor-Apartment,Penthouse,Studio-Apartment,Service-Apartment,Residential-House,Villa&cityName=Bangalore&page=1
2026-07-09 15:38:42,030 [INFO] Page 1: 30 listings parsed so far
2026-07-09 15:38:42,535 [INFO] Starting detail-page coordinate enrichment for 30 listings...
2026-07-09 15:38:49,310 [INFO] HTTP Request: GET https://www.magicbricks.com/hm-gladiolus-apartments-aga-abbas-ali-road-bangalore-pdpid-4d4235303037333332#cardid-84678715 "HTTP/1.1 301 Moved Permanently"
2026-07-09 15:38:50,109 [INFO] HTTP Request: GET https://www.magicbricks.com/hm-gladiolus-apartments-halasuru-bangalore-pdpid-4d4235303037333332#cardid-84678715 "HTTP/1.1 200 OK"
2026-07-09 15:38:55,184 [INFO] HTTP Request: GET https://www.magicbricks.com/prestige-white-meadows-whitefield-bangalore-pdpid-4d4235323434313337#cardid-64492737 "HTTP/1.1 200 OK"
2026-07-09 15:39:06,453 [INFO] HTTP Request: GET https://www.magicbricks.com/phoenix-kessaku-rajaji-nagar-bangalore-pdpid-4d4235313034363737#cardid-67941045 "HTTP/1.1 200 OK"
2026-07-09 15:39:12,009 [INFO] HTTP Request: GET https://www.magicbricks.com/mantri-serenity-kanakapura-road-bangalore-pdpid-4d4235303235353738#cardid-80534673 "HTTP/1.1 200 OK"
2026-07-09 15:39:19,053 [INFO] HTTP Request: GET https://www.magicbricks.com/eden-park-at-the-prestige-city-sarjapur-road-bangalore-pdpid-4d4235333138373237#cardid-85456175 "HTTP/1.1 200 OK"
2026-07-09 15:39:26,948 [INFO] HTTP Request: GET https://www.magicbricks.com/propertyDetails/2-BHK-1300-Sq-ft-Multistorey-Apartment-FOR-Rent-HSR-Layout-in-Bangalore&id=4d423835323731393231#cardid-85271921 "HTTP/1.1 200 OK"
2026-07-09 15:39:32,700 [INFO] HTTP Request: GET https://www.magicbricks.com/karle-zenith-hebbal-bangalore-pdpid-4d4235303231333139#cardid-83590129 "HTTP/1.1 200 OK"
2026-07-09 15:39:39,482 [INFO] HTTP Request: GET https://www.magicbricks.com/mantri-serenity-kanakapura-road-bangalore-pdpid-4d4235303235353738#cardid-85291699 "HTTP/1.1 200 OK"
2026-07-09 15:39:45,490 [INFO] HTTP Request: GET https://www.magicbricks.com/alembic-urban-forest-kadugodi-bangalore-pdpid-4d4235303831323630#cardid-85324419 "HTTP/1.1 301 Moved Permanently"
2026-07-09 15:39:46,613 [INFO] HTTP Request: GET https://www.magicbricks.com/alembic-urban-forest-whitefield-bangalore-pdpid-4d4235303831323630#cardid-85324419 "HTTP/1.1 200 OK"
2026-07-09 15:39:51,499 [INFO] HTTP Request: GET https://www.magicbricks.com/propertyDetails/4-BHK-4500-Sq-ft-Multistorey-Apartment-FOR-Rent-Lavelle-Road-in-Bangalore&id=4d423834393637363835#cardid-84967685 "HTTP/1.1 200 OK"
2026-07-09 15:39:51,569 [INFO] Detail-page enrichment: 10/30 processed, 10 coordinates found so far
2026-07-09 15:39:59,113 [INFO] HTTP Request: GET https://www.magicbricks.com/embassy-lake-terraces-hebbal-bangalore-pdpid-4d4235303236343036#cardid-78519219 "HTTP/1.1 200 OK"
2026-07-09 15:40:05,267 [INFO] HTTP Request: GET https://www.magicbricks.com/prestige-shantiniketan-whitefield-bangalore-pdpid-4d4235303139343539#cardid-85305751 "HTTP/1.1 200 OK"
2026-07-09 15:40:11,178 [INFO] HTTP Request: GET https://www.magicbricks.com/l&t-raintree-boulevard-hebbal-bangalore-pdpid-4d4235303836313833#cardid-83391729 "HTTP/1.1 200 OK"
2026-07-09 15:40:16,730 [INFO] HTTP Request: GET https://www.magicbricks.com/prestige-lakeside-habitat-whitefield-bangalore-pdpid-4d4235303139343638#cardid-85404695 "HTTP/1.1 200 OK"
2026-07-09 15:40:22,652 [INFO] HTTP Request: GET https://www.magicbricks.com/sobha-dream-gardens-thanisandra-bangalore-pdpid-4d4235313835393231#cardid-84992989 "HTTP/1.1 200 OK"
2026-07-09 15:40:27,874 [INFO] HTTP Request: GET https://www.magicbricks.com/mana-capitol-hadosiddapura-bangalore-pdpid-4d4235313835393139#cardid-73667231 "HTTP/1.1 301 Moved Permanently"
2026-07-09 15:40:29,929 [INFO] HTTP Request: GET https://www.magicbricks.com/mana-capitol-sarjapur-road-bangalore-pdpid-4d4235313835393139#cardid-73667231 "HTTP/1.1 200 OK"
2026-07-09 15:40:33,099 [INFO] HTTP Request: GET https://www.magicbricks.com/chaitanya-la-grove-whitefield-bangalore-pdpid-4d4235313736393431#cardid-83841473 "HTTP/1.1 200 OK"
2026-07-09 15:40:38,823 [INFO] HTTP Request: GET https://www.magicbricks.com/embassy-lake-terraces-hebbal-bangalore-pdpid-4d4235303236343036#cardid-80573333 "HTTP/1.1 200 OK"
2026-07-09 15:40:42,354 [INFO] HTTP Request: GET https://www.magicbricks.com/sobha-dream-gardens-manyata-tech-park-bangalore-pdpid-4d4235313835393231#cardid-80522843 "HTTP/1.1 301 Moved Permanently"
2026-07-09 15:40:42,395 [INFO] HTTP Request: GET https://www.magicbricks.com/sobha-dream-gardens-thanisandra-bangalore-pdpid-4d4235313835393231#cardid-80522843 "HTTP/1.1 200 OK"
2026-07-09 15:40:49,192 [INFO] HTTP Request: GET https://www.magicbricks.com/brigade-el-dorado-huvinayakanahalli-bangalore-pdpid-4d4235313234343235#cardid-82465649 "HTTP/1.1 200 OK"
2026-07-09 15:40:50,092 [INFO] Detail-page enrichment: 20/30 processed, 20 coordinates found so far
2026-07-09 15:40:55,928 [INFO] HTTP Request: GET https://www.magicbricks.com/prestige-woodland-park-st-thomas-town-cooke-town-bangalore-pdpid-4d4235313631373739#cardid-84789033 "HTTP/1.1 301 Moved Permanently"
2026-07-09 15:40:57,164 [INFO] HTTP Request: GET https://www.magicbricks.com/prestige-woodland-park-cooke-town-bangalore-pdpid-4d4235313631373739#cardid-84789033 "HTTP/1.1 200 OK"
2026-07-09 15:41:02,577 [INFO] HTTP Request: GET https://www.magicbricks.com/aspen-greens-at-the-prestige-city-sarjapur-road-bangalore-pdpid-4d4235333430313931#cardid-84618005 "HTTP/1.1 200 OK"
2026-07-09 15:41:10,233 [INFO] HTTP Request: GET https://www.magicbricks.com/purva-palm-beach-ajamalppa-layout-bangalore-pdpid-4d4235303337393936#cardid-85357485 "HTTP/1.1 301 Moved Permanently"
2026-07-09 15:41:11,080 [INFO] HTTP Request: GET https://www.magicbricks.com/purva-palm-beach-hennur-main-road-bangalore-pdpid-4d4235303337393936#cardid-85357485 "HTTP/1.1 200 OK"
2026-07-09 15:41:19,291 [INFO] HTTP Request: GET https://www.magicbricks.com/prestige-waterford-whitefield-bangalore-pdpid-4d4235313335343739#cardid-85367169 "HTTP/1.1 200 OK"
2026-07-09 15:41:24,718 [INFO] HTTP Request: GET https://www.magicbricks.com/sumadhura-folium-whitefield-bangalore-pdpid-4d4235333236343633#cardid-85321851 "HTTP/1.1 200 OK"
2026-07-09 15:41:31,357 [INFO] HTTP Request: GET https://www.magicbricks.com/propertyDetails/3-BHK-1750-Sq-ft-Multistorey-Apartment-FOR-Rent-Challaghatta-in-Bangalore&id=4d423833383139373037#cardid-83819707 "HTTP/1.1 200 OK"
2026-07-09 15:41:35,865 [INFO] HTTP Request: GET https://www.magicbricks.com/saptagiri-mansion-indira-nagar-bangalore-pdpid-4d4235303038353537#cardid-85458101 "HTTP/1.1 200 OK"
2026-07-09 15:41:42,039 [INFO] HTTP Request: GET https://www.magicbricks.com/assetz-63-degree-east-sarjapur-road-bangalore-pdpid-4d4235303930363937#cardid-83288445 "HTTP/1.1 200 OK"
2026-07-09 15:41:45,287 [INFO] HTTP Request: GET https://www.magicbricks.com/avalon-park-at-the-prestige-city-sarjapur-bangalore-pdpid-4d4235333138353235#cardid-82231665 "HTTP/1.1 301 Moved Permanently"
2026-07-09 15:41:47,969 [INFO] HTTP Request: GET https://www.magicbricks.com/avalon-park-at-the-prestige-city-sarjapur-road-bangalore-pdpid-4d4235333138353235#cardid-82231665 "HTTP/1.1 200 OK"
2026-07-09 15:41:54,567 [INFO] HTTP Request: GET https://www.magicbricks.com/sobha-palm-court-kogilu-bangalore-pdpid-4d4235303534313837#cardid-82519549 "HTTP/1.1 200 OK"
2026-07-09 15:41:54,691 [INFO] Detail-page enrichment: 30/30 processed, 30 coordinates found so far
2026-07-09 15:41:54,692 [INFO] Detail-page enrichment complete: 30/30 listings got real coordinates
2026-07-09 15:41:54,692 [INFO] Scraped 30 total listings
2026-07-09 15:41:54,694 [INFO] Wrote 30 listings to scraped_listings.jsonl
2026-07-09 15:42:42,605 [INFO] No city name in config — reverse-geocoding (22.5799, 88.4162)...
2026-07-09 15:42:42,785 [INFO] Resolved city: Bidhannagar, state: West Bengal — using MagicBricks alias 'Kolkata' for the search URL
2026-07-09 15:42:42,787 [INFO] Saved resolved values back to C:\Users\riddh\OneDrive\Desktop\skymark-grid-project\config.json
2026-07-09 15:42:42,794 [INFO] Starting MagicBricks scrape run
2026-07-09 15:42:43,504 [INFO] Bootstrapping session via Playwright: https://www.magicbricks.com/property-for-rent/residential-real-estate?bedroom=1,2,3,4,5&proptype=Multistorey-Apartment,Builder-Floor-Apartment,Penthouse,Studio-Apartment,Service-Apartment,Residential-House,Villa&cityName=Kolkata&page=1
2026-07-09 15:42:46,078 [INFO] Page 1: 30 listings parsed so far
2026-07-09 15:42:46,599 [INFO] Starting detail-page coordinate enrichment for 30 listings...
2026-07-09 15:42:52,138 [INFO] HTTP Request: GET https://www.magicbricks.com/south-city-prince-anwar-shah-road-kolkata-pdpid-4d4235303232343637#cardid-83001321 "HTTP/1.1 200 OK"
2026-07-09 15:42:59,837 [INFO] HTTP Request: GET https://www.magicbricks.com/sherwood-estate-narendrapur-kolkata-pdpid-4d4235303031373635#cardid-84424145 "HTTP/1.1 200 OK"
2026-07-09 15:43:06,909 [INFO] HTTP Request: GET https://www.magicbricks.com/hiland-park-em-bypass-kolkata-pdpid-4d4235303239333530#cardid-75016589 "HTTP/1.1 200 OK"
2026-07-09 15:43:14,187 [INFO] HTTP Request: GET https://www.magicbricks.com/upohar-the-condoville-em-bypass-kolkata-pdpid-4d4235303335343631#cardid-41747539 "HTTP/1.1 200 OK"
2026-07-09 15:43:17,956 [INFO] HTTP Request: GET https://www.magicbricks.com/mani-megh-mani-em-bypass-kolkata-pdpid-4d4235303933373233#cardid-68579179 "HTTP/1.1 200 OK"
2026-07-09 15:43:25,057 [INFO] HTTP Request: GET https://www.magicbricks.com/bengal-peerless-avidipta-em-bypass-kolkata-pdpid-4d4235323838323439#cardid-84631477 "HTTP/1.1 200 OK"
2026-07-09 15:43:30,976 [INFO] HTTP Request: GET https://www.magicbricks.com/tata-avenida-action-area-2b-kolkata-pdpid-4d4235313139363137#cardid-85073893 "HTTP/1.1 301 Moved Permanently"
2026-07-09 15:43:33,648 [INFO] HTTP Request: GET https://www.magicbricks.com/tata-avenida-new-town-kolkata-pdpid-4d4235313139363137#cardid-85073893 "HTTP/1.1 200 OK"
2026-07-09 15:43:40,518 [INFO] HTTP Request: GET https://www.magicbricks.com/propertyDetails/2-BHK-870-Sq-ft-Multistorey-Apartment-FOR-Rent-in-Kolkata&id=4d423834353532313735#cardid-84552175 "HTTP/1.1 200 OK"
2026-07-09 15:43:46,645 [INFO] HTTP Request: GET https://www.magicbricks.com/propertyDetails/3-BHK-2231-Sq-ft-Multistorey-Apartment-FOR-Rent-New-Town-in-Kolkata&id=4d423835343334363135#cardid-85434615 "HTTP/1.1 200 OK"
2026-07-09 15:43:53,116 [INFO] HTTP Request: GET https://www.magicbricks.com/upohar-the-condoville-em-bypass-kolkata-pdpid-4d4235303335343631#cardid-60981479 "HTTP/1.1 200 OK"
2026-07-09 15:43:53,417 [INFO] Detail-page enrichment: 10/30 processed, 10 coordinates found so far
2026-07-09 15:43:57,695 [INFO] HTTP Request: GET https://www.magicbricks.com/godrej-seven-joka-kolkata-pdpid-4d4235313234353539#cardid-84577701 "HTTP/1.1 200 OK"
2026-07-09 15:44:04,043 [INFO] HTTP Request: GET https://www.magicbricks.com/propertyDetails/2-BHK-490-Sq-ft-Multistorey-Apartment-FOR-Rent-Bhawanipur-in-Kolkata&id=4d423634393338343131#cardid-64938411 "HTTP/1.1 200 OK"
2026-07-09 15:44:10,997 [INFO] HTTP Request: GET https://www.magicbricks.com/propertyDetails/2-BHK-750-Sq-ft-Multistorey-Apartment-FOR-Rent-Belur-Math-in-Kolkata&id=4d423831373030343637#cardid-81700467 "HTTP/1.1 200 OK"
2026-07-09 15:44:16,226 [INFO] HTTP Request: GET https://www.magicbricks.com/simoco-sanhita-housing-complex-commercial-action-area-3-kolkata-pdpid-4d4235323737363935#cardid-83144569 "HTTP/1.1 301 Moved Permanently"
2026-07-09 15:44:17,544 [INFO] HTTP Request: GET https://www.magicbricks.com/simoco-sanhita-housing-complex-commercial-bhangar-kolkata-pdpid-4d4235323737363935#cardid-83144569 "HTTP/1.1 200 OK"
2026-07-09 15:44:26,639 [INFO] HTTP Request: GET https://www.magicbricks.com/shriram-grand-city-uttarpara-kolkata-pdpid-4d4235303930393139#cardid-84600873 "HTTP/1.1 200 OK"
2026-07-09 15:44:33,025 [INFO] HTTP Request: GET https://www.magicbricks.com/propertyDetails/2-BHK-650-Sq-ft-Residential-House-FOR-Rent-Behala-Thana-in-Kolkata&id=4d423834373730393535#cardid-84770955 "HTTP/1.1 200 OK"
2026-07-09 15:44:39,162 [INFO] HTTP Request: GET https://www.magicbricks.com/sankalpa-iv-rajarhat-kolkata-pdpid-4d4235303339393731#cardid-85321479 "HTTP/1.1 200 OK"
2026-07-09 15:44:47,375 [INFO] HTTP Request: GET https://www.magicbricks.com/joka-metro-city-thakurpukur-kolkata-pdpid-4d4235303838343737#cardid-84013867 "HTTP/1.1 200 OK"
2026-07-09 15:44:53,291 [INFO] HTTP Request: GET https://www.magicbricks.com/propertyDetails/3-BHK-1100-Sq-ft-Multistorey-Apartment-FOR-Rent-Jadavpur-in-Kolkata&id=4d423834353432373235#cardid-84542725 "HTTP/1.1 200 OK"
2026-07-09 15:44:58,202 [INFO] HTTP Request: GET https://www.magicbricks.com/propertyDetails/3-BHK-1000-Sq-ft-Residential-House-FOR-Rent-Bidhanpally-Madhyamgram-in-Kolkata&id=4d423739393030303233#cardid-79900023 "HTTP/1.1 200 OK"
2026-07-09 15:44:58,751 [INFO] Detail-page enrichment: 20/30 processed, 20 coordinates found so far
2026-07-09 15:45:04,963 [INFO] HTTP Request: GET https://www.magicbricks.com/halder-enclave-madhyam-gram-kolkata-pdpid-4d4235303830353130#cardid-47649413 "HTTP/1.1 200 OK"
2026-07-09 15:45:10,907 [INFO] HTTP Request: GET https://www.magicbricks.com/tolly-twin-kabardanga-kolkata-pdpid-4d4235333935363335#cardid-84238371 "HTTP/1.1 200 OK"
2026-07-09 15:45:17,967 [INFO] HTTP Request: GET https://www.magicbricks.com/manasha-bhawan-dum-dum-kolkata-pdpid-4d4235333238333439#cardid-84003691 "HTTP/1.1 200 OK"
2026-07-09 15:45:22,300 [INFO] HTTP Request: GET https://www.magicbricks.com/propertyDetails/3-BHK-1320-Sq-ft-Multistorey-Apartment-FOR-Rent-Bhawanipur-in-Kolkata&id=4d423835323235363335#cardid-85225635 "HTTP/1.1 200 OK"
2026-07-09 15:45:27,906 [INFO] HTTP Request: GET https://www.magicbricks.com/propertyDetails/3-BHK-1000-Sq-ft-Multistorey-Apartment-FOR-Rent-Bansdroni-in-Kolkata&id=4d423835343336343533#cardid-85436453 "HTTP/1.1 200 OK"
2026-07-09 15:45:31,808 [INFO] HTTP Request: GET https://www.magicbricks.com/rameswara-apartment-chakraberia-kolkata-pdpid-4d4235323833333137#cardid-84285267 "HTTP/1.1 301 Moved Permanently"
2026-07-09 15:45:33,631 [INFO] HTTP Request: GET https://www.magicbricks.com/rameswara-apartment-sarat-bose-road-kolkata-pdpid-4d4235323833333137#cardid-84285267 "HTTP/1.1 200 OK"
2026-07-09 15:45:38,008 [INFO] HTTP Request: GET https://www.magicbricks.com/sureka-elita-garden-vista-new-town-kolkata-pdpid-4d4235303030373934#cardid-85065571 "HTTP/1.1 200 OK"
2026-07-09 15:45:42,047 [INFO] HTTP Request: GET https://www.magicbricks.com/propertyDetails/1-BHK-609-Sq-ft-Multistorey-Apartment-FOR-Rent-Naktala-in-Kolkata&id=4d423835333435383431#cardid-85345841 "HTTP/1.1 200 OK"
2026-07-09 15:45:47,155 [INFO] HTTP Request: GET https://www.magicbricks.com/abakash-apartments-noapara-kolkata-pdpid-4d4235303830353239#cardid-61804167 "HTTP/1.1 200 OK"
2026-07-09 15:45:54,131 [INFO] HTTP Request: GET https://www.magicbricks.com/sankar-krishna-heights-kestopur-kolkata-pdpid-4d4235303235373333#cardid-83697041 "HTTP/1.1 200 OK"
2026-07-09 15:45:54,322 [INFO] Detail-page enrichment: 30/30 processed, 30 coordinates found so far
2026-07-09 15:45:54,322 [INFO] Detail-page enrichment complete: 30/30 listings got real coordinates
2026-07-09 15:45:54,324 [INFO] Scraped 30 total listings
2026-07-09 15:45:54,326 [INFO] Wrote 30 listings to scraped_listings.jsonl
2026-07-09 15:59:13,689 [INFO] No city name in config — reverse-geocoding (13.0475, 80.1764)...
2026-07-09 15:59:14,780 [INFO] Resolved city: Chennai Corporation, state: Tamil Nadu
2026-07-09 15:59:14,782 [INFO] Saved resolved values back to C:\Users\riddh\OneDrive\Desktop\skymark-grid-project\config.json
2026-07-09 15:59:14,788 [INFO] Starting MagicBricks scrape run
2026-07-09 15:59:15,566 [INFO] Bootstrapping session via Playwright: https://www.magicbricks.com/property-for-rent/residential-real-estate?bedroom=1,2,3,4,5&proptype=Multistorey-Apartment,Builder-Floor-Apartment,Penthouse,Studio-Apartment,Service-Apartment,Residential-House,Villa&cityName=Chennai Corporation&page=1
2026-07-09 15:59:39,267 [WARNING] Listing card selector didn't show up — page may have been served a captcha/interstitial. Inspect a screenshot before assuming the scraper is broken vs. the selector being stale.
2026-07-09 15:59:40,123 [ERROR] Zero listing containers found. Diagnosis: NO-RESULTS PAGE (not a block): MagicBricks returned a legitimate 'no listings match these filters' page — e.g. this city may not support the full bedroom range or property-type list requested. Check bootstrap_debug.png to see exactly which filter got rejected; retrying the same request won't help, the search parameters need adjusting.
2026-07-09 15:59:40,123 [INFO] DOM parse returned nothing, trying JSON blob fallback...
2026-07-09 15:59:40,125 [INFO] Page 1: 0 listings parsed so far
2026-07-09 15:59:40,812 [INFO] Starting detail-page coordinate enrichment for 0 listings...
2026-07-09 15:59:40,812 [INFO] Detail-page enrichment complete: 0/0 listings got real coordinates
2026-07-09 15:59:40,820 [INFO] Scraped 0 total listings
2026-07-09 15:59:40,822 [INFO] Wrote 0 listings to scraped_listings.jsonl
2026-07-09 16:07:28,531 [INFO] No city name in config — reverse-geocoding (13.0475, 80.1764)...
2026-07-09 16:07:28,651 [INFO] Resolved city: Chennai Corporation, state: Tamil Nadu
2026-07-09 16:07:28,653 [INFO] Saved resolved values back to C:\Users\riddh\OneDrive\Desktop\skymark-grid-project\config.json
2026-07-09 16:07:28,660 [INFO] Starting MagicBricks scrape run
2026-07-09 16:07:29,543 [INFO] Bootstrapping session via Playwright: https://www.magicbricks.com/property-for-rent/residential-real-estate?bedroom=1,2,3,4,5&proptype=Multistorey-Apartment,Builder-Floor-Apartment,Penthouse,Studio-Apartment,Service-Apartment,Residential-House,Villa&cityName=Chennai Corporation&page=1
2026-07-09 16:07:54,389 [WARNING] Listing card selector didn't show up — page may have been served a captcha/interstitial. Inspect a screenshot before assuming the scraper is broken vs. the selector being stale.
2026-07-09 16:07:54,852 [ERROR] Zero listing containers found. Diagnosis: NO-RESULTS PAGE (not a block): MagicBricks returned a legitimate 'no listings match these filters' page — e.g. this city may not support the full bedroom range or property-type list requested. Check bootstrap_debug.png to see exactly which filter got rejected; retrying the same request won't help, the search parameters need adjusting.
2026-07-09 16:07:54,852 [INFO] DOM parse returned nothing, trying JSON blob fallback...
2026-07-09 16:07:54,854 [INFO] Page 1: 0 listings parsed so far
2026-07-09 16:07:55,446 [INFO] Starting detail-page coordinate enrichment for 0 listings...
2026-07-09 16:07:55,446 [INFO] Detail-page enrichment complete: 0/0 listings got real coordinates
2026-07-09 16:07:55,453 [INFO] Scraped 0 total listings
2026-07-09 16:07:55,453 [INFO] Wrote 0 listings to scraped_listings.jsonl
2026-07-09 16:21:55,897 [INFO] No city name in config — reverse-geocoding (13.0475, 80.1764)...
2026-07-09 16:21:56,054 [INFO] Resolved city: Chennai Corporation, state: Tamil Nadu
2026-07-09 16:21:56,058 [INFO] Saved resolved values back to C:\Users\riddh\OneDrive\Desktop\skymark-grid-project\config.json
2026-07-09 16:21:56,067 [INFO] Starting MagicBricks scrape run
2026-07-09 16:21:56,994 [INFO] Bootstrapping session via Playwright: https://www.magicbricks.com/property-for-rent/residential-real-estate?bedroom=1,2,3,4,5&proptype=Multistorey-Apartment,Builder-Floor-Apartment,Penthouse,Studio-Apartment,Service-Apartment,Residential-House,Villa&cityName=Chennai Corporation&page=1
2026-07-09 16:22:20,495 [WARNING] Listing card selector didn't show up — page may have been served a captcha/interstitial. Inspect a screenshot before assuming the scraper is broken vs. the selector being stale.
2026-07-09 16:22:21,019 [ERROR] Zero listing containers found. Diagnosis: NO-RESULTS PAGE (not a block): MagicBricks returned a legitimate 'no listings match these filters' page — e.g. this city may not support the full bedroom range or property-type list requested. Check bootstrap_debug.png to see exactly which filter got rejected; retrying the same request won't help, the search parameters need adjusting.
2026-07-09 16:22:21,020 [INFO] DOM parse returned nothing, trying JSON blob fallback...
2026-07-09 16:22:21,021 [INFO] Page 1: 0 listings parsed so far
2026-07-09 16:22:21,638 [INFO] Starting detail-page coordinate enrichment for 0 listings...
2026-07-09 16:22:21,639 [INFO] Detail-page enrichment complete: 0/0 listings got real coordinates
2026-07-09 16:22:21,645 [INFO] Scraped 0 total listings
2026-07-09 16:22:21,646 [INFO] Wrote 0 listings to scraped_listings.jsonl
2026-07-09 16:25:16,229 [INFO] No city name in config — reverse-geocoding (13.0475, 80.1764)...
2026-07-09 16:25:16,347 [INFO] Stripped administrative suffix: 'Chennai Corporation' -> 'Chennai'
2026-07-09 16:25:16,347 [INFO] Resolved city: Chennai, state: Tamil Nadu
2026-07-09 16:25:16,349 [INFO] Saved resolved values back to C:\Users\riddh\OneDrive\Desktop\skymark-grid-project\config.json
2026-07-09 16:25:16,353 [INFO] Starting MagicBricks scrape run
2026-07-09 16:25:17,293 [INFO] Bootstrapping session via Playwright: https://www.magicbricks.com/property-for-rent/residential-real-estate?cityName=Chennai&page=1
2026-07-09 16:25:19,506 [INFO] Skipping likely-commercial listing:   Shop for Rent in Semmencherry  Chennai
2026-07-09 16:25:19,508 [INFO] Skipping likely-commercial listing:   Office Space for Rent in Sholinganallur Chennai
2026-07-09 16:25:19,513 [INFO] Skipping likely-commercial listing:   Office Space for Rent in Nungambakkam Chennai
2026-07-09 16:25:19,525 [INFO] Skipping likely-commercial listing:   Office Space for Rent in West Mambalam Chennai
2026-07-09 16:25:19,527 [INFO] Skipping likely-commercial listing:   Office Space for Rent in Veppampattu Chennai
2026-07-09 16:25:19,529 [INFO] Skipping likely-commercial listing:   Office Space for Rent in Chamiers Road Chennai
2026-07-09 16:25:19,531 [INFO] Skipping likely-commercial listing:   Shop for Rent in Nungambakkam Chennai
2026-07-09 16:25:19,534 [INFO] Skipping likely-commercial listing:   Office Space for Rent in Nandanam Chennai
2026-07-09 16:25:19,538 [INFO] Skipping likely-commercial listing:   Office Space for Rent in Perungudi Chennai
2026-07-09 16:25:19,543 [INFO] Skipping likely-commercial listing:   Office Space for Rent in Iyyappanthangal Chennai
2026-07-09 16:25:19,545 [INFO] Skipping likely-commercial listing:   Office Space for Rent in Grand Southern Trunk Road Chennai
2026-07-09 16:25:19,547 [INFO] Skipping likely-commercial listing:   Office Space for Rent in Ayanavaram Chennai
2026-07-09 16:25:19,552 [INFO] Skipping likely-commercial listing:   Office Space for Rent in Thirumudivakkam Chennai
2026-07-09 16:25:19,554 [INFO] Skipping likely-commercial listing:   Office Space for Rent in Thirumalai Nagar Annexe Chennai
2026-07-09 16:25:19,556 [INFO] Skipping likely-commercial listing:   Office Space for Rent in Nandanam Chennai
2026-07-09 16:25:19,558 [INFO] Skipping likely-commercial listing:   Office Space for Rent in Koyambedu Chennai
2026-07-09 16:25:19,560 [INFO] Skipping likely-commercial listing:   Office Space for Rent in Adambakkam Chennai
2026-07-09 16:25:19,562 [INFO] Skipping likely-commercial listing:   Office Space for Rent in Tambaram West Tambaram Chennai
2026-07-09 16:25:19,562 [INFO] Page 1: 12 listings parsed so far
2026-07-09 16:25:20,285 [INFO] Starting detail-page coordinate enrichment for 12 listings...
2026-07-09 16:25:25,201 [INFO] HTTP Request: GET https://www.magicbricks.com/propertyDetails/3-BHK-2000-Sq-ft-Multistorey-Apartment-FOR-Rent-Poes-Garden-in-Chennai&id=4d423834393032333431#cardid-84902341 "HTTP/1.1 200 OK"
2026-07-09 16:25:31,687 [INFO] HTTP Request: GET https://www.magicbricks.com/urban-tree-fantastic-vanagaram-chennai-pdpid-4d4235303935303631#cardid-85383077 "HTTP/1.1 200 OK"
2026-07-09 16:25:38,306 [INFO] HTTP Request: GET https://www.magicbricks.com/propertyDetails/3-BHK-1950-Sq-ft-Builder-Floor-Apartment-FOR-Rent-Thiruvanmiyur-in-Chennai&id=4d423833393434303837#cardid-83944087 "HTTP/1.1 200 OK"
2026-07-09 16:25:43,524 [INFO] HTTP Request: GET https://www.magicbricks.com/casagrand-pavilion-ii-thazhambur-chennai-pdpid-4d4235303833353236#cardid-73729363 "HTTP/1.1 200 OK"
2026-07-09 16:25:47,918 [INFO] HTTP Request: GET https://www.magicbricks.com/asv-alexandria-sholinganallur-chennai-pdpid-4d4235303730313435#cardid-82981575 "HTTP/1.1 200 OK"
2026-07-09 16:25:52,501 [INFO] HTTP Request: GET https://www.magicbricks.com/propertyDetails/4-BHK-3000-Sq-ft-Residential-House-FOR-Rent-Swaminathan-Nagar-Kottivakkam-in-Chennai&id=4d423834323832353633#cardid-84282563 "HTTP/1.1 200 OK"
2026-07-09 16:25:57,276 [INFO] HTTP Request: GET https://www.magicbricks.com/landmark-ayna-virugambakkam-chennai-pdpid-4d4235303638393734#cardid-85429287 "HTTP/1.1 200 OK"
2026-07-09 16:26:03,691 [INFO] HTTP Request: GET https://www.magicbricks.com/landmark-vertica-gopalapuram-chennai-pdpid-4d4235303430353632#cardid-82666653 "HTTP/1.1 200 OK"
2026-07-09 16:26:11,086 [INFO] HTTP Request: GET https://www.magicbricks.com/casagrand-luxeria-navalur-chennai-pdpid-4d4235333335303037#cardid-80556743 "HTTP/1.1 200 OK"
2026-07-09 16:26:15,978 [INFO] HTTP Request: GET https://www.magicbricks.com/indus-cityscapes-anantya-navalur-chennai-pdpid-4d4235323834323837#cardid-85394725 "HTTP/1.1 200 OK"
2026-07-09 16:26:16,198 [INFO] Detail-page enrichment: 10/12 processed, 10 coordinates found so far
2026-07-09 16:26:21,511 [INFO] HTTP Request: GET https://www.magicbricks.com/propertyDetails/4-BHK-3600-Sq-ft-Residential-House-FOR-Rent-Kanathur-Reddykuppam-in-Chennai&id=4d423833313632363339#cardid-83162639 "HTTP/1.1 200 OK"
2026-07-09 16:26:26,946 [INFO] HTTP Request: GET https://www.magicbricks.com/antony-glitters-madambakam-madambakkam-chennai-pdpid-4d4235323133333731#cardid-85388147 "HTTP/1.1 200 OK"
2026-07-09 16:26:27,355 [INFO] Detail-page enrichment complete: 12/12 listings got real coordinates
2026-07-09 16:26:27,359 [INFO] Scraped 12 total listings
2026-07-09 16:26:27,368 [INFO] Wrote 12 listings to scraped_listings.jsonl
2026-07-09 16:31:29,391 [INFO] No city name in config — reverse-geocoding (28.63319, 77.22156)...
2026-07-09 16:31:30,140 [INFO] Resolved city: New Delhi, state: None
2026-07-09 16:31:30,143 [INFO] Saved resolved values back to C:\Users\riddh\OneDrive\Desktop\skymark-grid-project\config.json
2026-07-09 16:31:30,149 [INFO] Starting MagicBricks scrape run
2026-07-09 16:31:31,097 [INFO] Bootstrapping session via Playwright: https://www.magicbricks.com/property-for-rent/residential-real-estate?cityName=New Delhi&page=1
2026-07-09 16:31:35,943 [INFO] Skipping likely-commercial listing:   Office Space for Rent in Moti Nagar, Kirti Nagar New Delhi
2026-07-09 16:31:35,966 [INFO] Skipping likely-commercial listing:   Office Space for Rent in Nehru Place New Delhi
2026-07-09 16:31:35,972 [WARNING] Rejecting implausible monthly_rent=1200000.0 for cardid=85455201 (source text: 1200000) — outside the 1,000-1,000,000 sanity range.
2026-07-09 16:31:35,973 [INFO] Skipping likely-commercial listing:   Office Space for Rent in Mercantile House, Kasturbha Gandhi Road New Delhi
2026-07-09 16:31:35,981 [INFO] Skipping likely-commercial listing:   Office Space for Rent in Moti Nagar, Kirti Nagar New Delhi
2026-07-09 16:31:35,987 [WARNING] Rejecting implausible monthly_rent=3500000.0 for cardid=82433359 (source text: 3500000) — outside the 1,000-1,000,000 sanity range.
2026-07-09 16:31:35,988 [INFO] Skipping likely-commercial listing:   Office Space for Rent in Pusa Road New Delhi
2026-07-09 16:31:35,990 [INFO] Skipping likely-commercial listing:   Office Space for Rent in Mohan Cooperative Industrial Estate, Badarpur, Mathura Road New Delhi
2026-07-09 16:31:35,990 [INFO] Page 1: 24 listings parsed so far
2026-07-09 16:31:36,623 [INFO] Starting detail-page coordinate enrichment for 24 listings...
2026-07-09 16:31:42,120 [INFO] HTTP Request: GET https://www.magicbricks.com/propertyDetails/3-BHK-200-Sq-yrd-Builder-Floor-Apartment-FOR-Rent-Paschim-Vihar-in-New-Delhi&id=4d423834333537343237#cardid-84357427 "HTTP/1.1 200 OK"
2026-07-09 16:31:46,451 [INFO] HTTP Request: GET https://www.magicbricks.com/vasant-vihar-builder-floor-vasant-vihar-new-delhi-pdpid-4d4235303039383237#cardid-83971503 "HTTP/1.1 200 OK"
2026-07-09 16:31:51,590 [INFO] HTTP Request: GET https://www.magicbricks.com/dda-flats-sector-b-pocket-10-vasant-kunj-new-delhi-pdpid-4d4235303333313930#cardid-84603531 "HTTP/1.1 200 OK"
2026-07-09 16:31:56,862 [INFO] HTTP Request: GET https://www.magicbricks.com/propertyDetails/4-BHK-2250-Sq-ft-Builder-Floor-Apartment-FOR-Rent-Greater-Kailash-1-in-New-Delhi&id=4d423734333333333739#cardid-74333379 "HTTP/1.1 200 OK"
2026-07-09 16:32:03,942 [INFO] HTTP Request: GET https://www.magicbricks.com/propertyDetails/3-BHK-2100-Sq-ft-Builder-Floor-Apartment-FOR-Rent-Greater-Kailash-1-in-New-Delhi&id=4d423833383330373631#cardid-83830761 "HTTP/1.1 200 OK"
2026-07-09 16:32:08,932 [INFO] HTTP Request: GET https://www.magicbricks.com/propertyDetails/3-BHK-950-Sq-ft-Builder-Floor-Apartment-FOR-Rent-Safdarjung-Enclave-in-New-Delhi&id=4d423833373638353931#cardid-83768591 "HTTP/1.1 200 OK"
2026-07-09 16:32:14,590 [INFO] HTTP Request: GET https://www.magicbricks.com/dda-flats-sector-a-pocket-b-&-c-vasant-kunj-new-delhi-pdpid-4d4235303333313839#cardid-84459509 "HTTP/1.1 200 OK"
2026-07-09 16:32:21,136 [INFO] HTTP Request: GET https://www.magicbricks.com/propertyDetails/3-BHK-1540-Sq-ft-Multistorey-Apartment-FOR-Rent-Moti-Nagar-in-New-Delhi&id=4d423635343637373439#cardid-65467749 "HTTP/1.1 200 OK"
2026-07-09 16:32:28,641 [INFO] HTTP Request: GET https://www.magicbricks.com/risland-sky-mansion-chhattarpur-new-delhi-pdpid-4d4235313239323237#cardid-85343457 "HTTP/1.1 200 OK"
2026-07-09 16:32:33,125 [INFO] HTTP Request: GET https://www.magicbricks.com/propertyDetails/2-BHK-750-Sq-ft-Builder-Floor-Apartment-FOR-Rent-Pitampura-in-New-Delhi&id=4d423834333733393935#cardid-84373995 "HTTP/1.1 200 OK"
2026-07-09 16:32:33,246 [INFO] Detail-page enrichment: 10/24 processed, 10 coordinates found so far
2026-07-09 16:32:38,239 [INFO] HTTP Request: GET https://www.magicbricks.com/propertyDetails/3-BHK-1440-Sq-ft-Builder-Floor-Apartment-FOR-Rent-Chittaranjan-Park-in-New-Delhi&id=4d423833353139353135#cardid-83519515 "HTTP/1.1 200 OK"
2026-07-09 16:32:43,752 [INFO] HTTP Request: GET https://www.magicbricks.com/ndmc-society-vikaspuri-new-delhi-pdpid-4d4235313638373331#cardid-84184807 "HTTP/1.1 200 OK"
2026-07-09 16:32:49,334 [INFO] HTTP Request: GET https://www.magicbricks.com/propertyDetails/3-BHK-1400-Sq-ft-Builder-Floor-Apartment-FOR-Rent-Pitampura-in-New-Delhi&id=4d423835333530393133#cardid-85350913 "HTTP/1.1 200 OK"
2026-07-09 16:32:54,517 [INFO] HTTP Request: GET https://www.magicbricks.com/bhagirathi-apartment-rohini-sector-9-new-delhi-pdpid-4d4235303835343531#cardid-82155781 "HTTP/1.1 200 OK"
2026-07-09 16:33:01,628 [INFO] HTTP Request: GET https://www.magicbricks.com/beverly-park-apartments-dwarka-sector-22-new-delhi-pdpid-4d4235303130353831#cardid-84386513 "HTTP/1.1 200 OK"
2026-07-09 16:33:07,130 [INFO] HTTP Request: GET https://www.magicbricks.com/skylark-apartment-dwarka-sector-6-new-delhi-pdpid-4d4235303131303836#cardid-85063833 "HTTP/1.1 200 OK"
2026-07-09 16:33:13,477 [INFO] HTTP Request: GET https://www.magicbricks.com/dera-mandi-farms-chhattarpur-new-delhi-pdpid-4d4235313835353035#cardid-85395389 "HTTP/1.1 200 OK"
2026-07-09 16:33:18,288 [INFO] HTTP Request: GET https://www.magicbricks.com/rama-krishna-apartments-dwarka-sector-23-new-delhi-pdpid-4d4235303130373534#cardid-85450675 "HTTP/1.1 200 OK"
2026-07-09 16:33:22,185 [INFO] HTTP Request: GET https://www.magicbricks.com/propertyDetails/5-BHK-400-Sq-yrd-Villa-FOR-Rent-Vasant-Kunj-in-New-Delhi&id=4d423831393637313631#cardid-81967161 "HTTP/1.1 200 OK"
2026-07-09 16:33:28,801 [INFO] HTTP Request: GET https://www.magicbricks.com/arvind-apartment-dwarka-sector-19-new-delhi-pdpid-4d4235303031323933#cardid-82627943 "HTTP/1.1 200 OK"
2026-07-09 16:33:29,363 [INFO] Detail-page enrichment: 20/24 processed, 20 coordinates found so far
2026-07-09 16:33:35,198 [INFO] HTTP Request: GET https://www.magicbricks.com/propertyDetails/2-BHK-750-Sq-ft-Multistorey-Apartment-FOR-Rent-Chhattarpur-in-New-Delhi&id=4d423835303035333437#cardid-85005347 "HTTP/1.1 200 OK"
2026-07-09 16:33:38,894 [INFO] HTTP Request: GET https://www.magicbricks.com/skylark-apartment-dwarka-sector-6-new-delhi-pdpid-4d4235303131303836#cardid-82162621 "HTTP/1.1 200 OK"
2026-07-09 16:33:43,679 [INFO] HTTP Request: GET https://www.magicbricks.com/dda-flats-sector-b-pocket-10-vasant-kunj-new-delhi-pdpid-4d4235303333313930#cardid-85324109 "HTTP/1.1 200 OK"
2026-07-09 16:33:48,770 [INFO] HTTP Request: GET https://www.magicbricks.com/upkari-apartments-dwarka-sector-12-new-delhi-pdpid-4d4235303130393734#cardid-16513856 "HTTP/1.1 200 OK"
2026-07-09 16:33:49,123 [INFO] Detail-page enrichment complete: 24/24 listings got real coordinates
2026-07-09 16:33:49,125 [INFO] Scraped 24 total listings
2026-07-09 16:33:49,130 [INFO] Wrote 24 listings to scraped_listings.jsonl
2026-07-09 16:45:27,195 [INFO] No city name in config — reverse-geocoding (12.9345, 77.6103)...
2026-07-09 16:45:27,836 [INFO] Resolved city: Bengaluru, state: Karnataka — using MagicBricks alias 'Bangalore' for the search URL
2026-07-09 16:45:27,841 [INFO] Saved resolved values back to C:\Users\riddh\OneDrive\Desktop\skymark-grid-project\config.json
2026-07-09 16:45:27,843 [INFO] Starting MagicBricks scrape run
2026-07-09 16:45:28,273 [INFO] Bootstrapping session via Playwright: https://www.magicbricks.com/property-for-rent/residential-real-estate?cityName=Bangalore&page=1
2026-07-09 16:45:34,535 [INFO] Skipping likely-commercial listing:   Office Space for Rent in Ashok Nagar Bangalore
2026-07-09 16:45:34,537 [INFO] Skipping likely-commercial listing:   Office Space for Rent in Mahatma Gandhi Road Bangalore
2026-07-09 16:45:34,539 [INFO] Skipping likely-commercial listing:   Office Space for Rent in Electronic City Bangalore
2026-07-09 16:45:34,544 [INFO] Skipping likely-commercial listing:   Office Space for Rent in Mahatma Gandhi Road Bangalore
2026-07-09 16:45:34,545 [INFO] Skipping likely-commercial listing:   Office Space for Rent in Block 9th Jayanagara Bangalore
2026-07-09 16:45:34,546 [INFO] Skipping likely-commercial listing:   Office Space for Rent in Lavelle Road Bangalore
2026-07-09 16:45:34,553 [INFO] Skipping likely-commercial listing:   Office Space for Rent in Epip Zone, Whitefield Bangalore
2026-07-09 16:45:34,554 [INFO] Skipping likely-commercial listing:   Office Space for Rent in Ulsoor Road Bangalore
2026-07-09 16:45:34,560 [INFO] Page 1: 22 listings parsed so far
2026-07-09 16:45:34,947 [INFO] Starting detail-page coordinate enrichment for 22 listings...
2026-07-09 16:45:41,023 [INFO] HTTP Request: GET https://www.magicbricks.com/prestige-white-meadows-whitefield-bangalore-pdpid-4d4235323434313337#cardid-64492737 "HTTP/1.1 200 OK"
2026-07-09 16:45:50,706 [INFO] HTTP Request: GET https://www.magicbricks.com/phoenix-kessaku-rajaji-nagar-bangalore-pdpid-4d4235313034363737#cardid-67941045 "HTTP/1.1 200 OK"
2026-07-09 16:45:55,125 [INFO] HTTP Request: GET https://www.magicbricks.com/mantri-serenity-kanakapura-road-bangalore-pdpid-4d4235303235353738#cardid-80534673 "HTTP/1.1 200 OK"
2026-07-09 16:46:03,121 [INFO] HTTP Request: GET https://www.magicbricks.com/eden-park-at-the-prestige-city-sarjapur-road-bangalore-pdpid-4d4235333138373237#cardid-85456175 "HTTP/1.1 200 OK"
2026-07-09 16:46:09,923 [INFO] HTTP Request: GET https://www.magicbricks.com/propertyDetails/2-BHK-1300-Sq-ft-Multistorey-Apartment-FOR-Rent-HSR-Layout-in-Bangalore&id=4d423835323731393231#cardid-85271921 "HTTP/1.1 200 OK"
2026-07-09 16:46:21,223 [INFO] HTTP Request: GET https://www.magicbricks.com/karle-zenith-hebbal-bangalore-pdpid-4d4235303231333139#cardid-83590129 "HTTP/1.1 200 OK"
2026-07-09 16:46:32,704 [INFO] HTTP Request: GET https://www.magicbricks.com/mantri-serenity-kanakapura-road-bangalore-pdpid-4d4235303235353738#cardid-85291699 "HTTP/1.1 200 OK"
2026-07-09 16:46:36,328 [INFO] HTTP Request: GET https://www.magicbricks.com/alembic-urban-forest-kadugodi-bangalore-pdpid-4d4235303831323630#cardid-85324419 "HTTP/1.1 301 Moved Permanently"
2026-07-09 16:46:37,214 [INFO] HTTP Request: GET https://www.magicbricks.com/alembic-urban-forest-whitefield-bangalore-pdpid-4d4235303831323630#cardid-85324419 "HTTP/1.1 200 OK"
2026-07-09 16:46:46,034 [INFO] HTTP Request: GET https://www.magicbricks.com/propertyDetails/4-BHK-4500-Sq-ft-Multistorey-Apartment-FOR-Rent-Lavelle-Road-in-Bangalore&id=4d423834393637363835#cardid-84967685 "HTTP/1.1 200 OK"
2026-07-09 16:46:52,655 [INFO] HTTP Request: GET https://www.magicbricks.com/embassy-lake-terraces-hebbal-bangalore-pdpid-4d4235303236343036#cardid-78519219 "HTTP/1.1 200 OK"
2026-07-09 16:46:52,763 [INFO] Detail-page enrichment: 10/22 processed, 10 coordinates found so far
2026-07-09 16:46:58,863 [INFO] HTTP Request: GET https://www.magicbricks.com/prestige-shantiniketan-whitefield-bangalore-pdpid-4d4235303139343539#cardid-85305751 "HTTP/1.1 200 OK"
2026-07-09 16:47:05,459 [INFO] HTTP Request: GET https://www.magicbricks.com/l&t-raintree-boulevard-hebbal-bangalore-pdpid-4d4235303836313833#cardid-83391729 "HTTP/1.1 200 OK"
2026-07-09 16:47:11,386 [INFO] HTTP Request: GET https://www.magicbricks.com/prestige-lakeside-habitat-whitefield-bangalore-pdpid-4d4235303139343638#cardid-85404695 "HTTP/1.1 200 OK"
2026-07-09 16:47:17,636 [INFO] HTTP Request: GET https://www.magicbricks.com/sobha-dream-gardens-thanisandra-bangalore-pdpid-4d4235313835393231#cardid-84992989 "HTTP/1.1 200 OK"
2026-07-09 16:47:23,636 [INFO] HTTP Request: GET https://www.magicbricks.com/mana-capitol-hadosiddapura-bangalore-pdpid-4d4235313835393139#cardid-73667231 "HTTP/1.1 301 Moved Permanently"
2026-07-09 16:47:24,195 [INFO] HTTP Request: GET https://www.magicbricks.com/mana-capitol-sarjapur-road-bangalore-pdpid-4d4235313835393139#cardid-73667231 "HTTP/1.1 200 OK"
2026-07-09 16:47:29,852 [INFO] HTTP Request: GET https://www.magicbricks.com/chaitanya-la-grove-whitefield-bangalore-pdpid-4d4235313736393431#cardid-83841473 "HTTP/1.1 200 OK"
2026-07-09 16:47:32,607 [INFO] HTTP Request: GET https://www.magicbricks.com/embassy-lake-terraces-hebbal-bangalore-pdpid-4d4235303236343036#cardid-80573333 "HTTP/1.1 200 OK"
2026-07-09 16:47:36,805 [INFO] HTTP Request: GET https://www.magicbricks.com/sobha-dream-gardens-manyata-tech-park-bangalore-pdpid-4d4235313835393231#cardid-80522843 "HTTP/1.1 301 Moved Permanently"
2026-07-09 16:47:36,830 [INFO] HTTP Request: GET https://www.magicbricks.com/sobha-dream-gardens-thanisandra-bangalore-pdpid-4d4235313835393231#cardid-80522843 "HTTP/1.1 200 OK"
2026-07-09 16:47:41,432 [INFO] HTTP Request: GET https://www.magicbricks.com/brigade-el-dorado-huvinayakanahalli-bangalore-pdpid-4d4235313234343235#cardid-82465649 "HTTP/1.1 200 OK"
2026-07-09 16:47:46,841 [INFO] HTTP Request: GET https://www.magicbricks.com/prestige-woodland-park-st-thomas-town-cooke-town-bangalore-pdpid-4d4235313631373739#cardid-84789033 "HTTP/1.1 301 Moved Permanently"
2026-07-09 16:47:47,427 [INFO] HTTP Request: GET https://www.magicbricks.com/prestige-woodland-park-cooke-town-bangalore-pdpid-4d4235313631373739#cardid-84789033 "HTTP/1.1 200 OK"
2026-07-09 16:47:47,527 [INFO] Detail-page enrichment: 20/22 processed, 20 coordinates found so far
2026-07-09 16:47:51,878 [INFO] HTTP Request: GET https://www.magicbricks.com/aspen-greens-at-the-prestige-city-sarjapur-road-bangalore-pdpid-4d4235333430313931#cardid-84618005 "HTTP/1.1 200 OK"
2026-07-09 16:47:56,645 [INFO] HTTP Request: GET https://www.magicbricks.com/purva-palm-beach-ajamalppa-layout-bangalore-pdpid-4d4235303337393936#cardid-85357485 "HTTP/1.1 301 Moved Permanently"
2026-07-09 16:47:57,966 [INFO] HTTP Request: GET https://www.magicbricks.com/purva-palm-beach-hennur-main-road-bangalore-pdpid-4d4235303337393936#cardid-85357485 "HTTP/1.1 200 OK"
2026-07-09 16:47:58,077 [INFO] Detail-page enrichment complete: 22/22 listings got real coordinates
2026-07-09 16:47:58,078 [INFO] Scraped 22 total listings
2026-07-09 16:47:58,080 [INFO] Wrote 22 listings to scraped_listings.jsonl
2026-07-09 17:08:16,364 [INFO] No city name in config — reverse-geocoding (12.9345, 77.6103)...
2026-07-09 17:08:16,648 [INFO] Resolved city: Bengaluru, state: Karnataka — using MagicBricks alias 'Bangalore' for the search URL
2026-07-09 17:08:16,650 [INFO] Saved resolved values back to C:\Users\riddh\OneDrive\Desktop\skymark-grid-project\config.json
2026-07-09 17:08:16,656 [INFO] Starting MagicBricks scrape run
2026-07-09 17:08:17,439 [INFO] Bootstrapping session via Playwright: https://www.magicbricks.com/property-for-rent/residential-real-estate?cityName=Bangalore&page=1
2026-07-09 17:08:22,912 [INFO] Skipping likely-commercial listing:   Office Space for Rent in Ashok Nagar Bangalore
2026-07-09 17:08:22,916 [INFO] Skipping likely-commercial listing:   Office Space for Rent in Mahatma Gandhi Road Bangalore
2026-07-09 17:08:22,919 [INFO] Skipping likely-commercial listing:   Office Space for Rent in Electronic City Bangalore
2026-07-09 17:08:22,929 [INFO] Skipping likely-commercial listing:   Office Space for Rent in Mahatma Gandhi Road Bangalore
2026-07-09 17:08:22,931 [INFO] Skipping likely-commercial listing:   Office Space for Rent in Block 9th Jayanagara Bangalore
2026-07-09 17:08:22,932 [INFO] Skipping likely-commercial listing:   Office Space for Rent in Lavelle Road Bangalore
2026-07-09 17:08:22,951 [INFO] Skipping likely-commercial listing:   Office Space for Rent in Epip Zone, Whitefield Bangalore
2026-07-09 17:08:22,954 [INFO] Skipping likely-commercial listing:   Office Space for Rent in Ulsoor Road Bangalore
2026-07-09 17:08:22,967 [INFO] Page 1: 22 listings parsed so far
2026-07-09 17:08:23,602 [INFO] Starting detail-page coordinate enrichment for 22 listings...
2026-07-09 17:08:28,177 [INFO] HTTP Request: GET https://www.magicbricks.com/prestige-white-meadows-whitefield-bangalore-pdpid-4d4235323434313337#cardid-64492737 "HTTP/1.1 200 OK"
2026-07-09 17:08:38,280 [INFO] HTTP Request: GET https://www.magicbricks.com/phoenix-kessaku-rajaji-nagar-bangalore-pdpid-4d4235313034363737#cardid-67941045 "HTTP/1.1 200 OK"
2026-07-09 17:08:41,954 [INFO] HTTP Request: GET https://www.magicbricks.com/mantri-serenity-kanakapura-road-bangalore-pdpid-4d4235303235353738#cardid-80534673 "HTTP/1.1 200 OK"
2026-07-09 17:08:46,588 [INFO] HTTP Request: GET https://www.magicbricks.com/eden-park-at-the-prestige-city-sarjapur-road-bangalore-pdpid-4d4235333138373237#cardid-85456175 "HTTP/1.1 200 OK"
2026-07-09 17:08:50,713 [INFO] HTTP Request: GET https://www.magicbricks.com/propertyDetails/2-BHK-1300-Sq-ft-Multistorey-Apartment-FOR-Rent-HSR-Layout-in-Bangalore&id=4d423835323731393231#cardid-85271921 "HTTP/1.1 200 OK"
2026-07-09 17:08:55,524 [INFO] HTTP Request: GET https://www.magicbricks.com/karle-zenith-hebbal-bangalore-pdpid-4d4235303231333139#cardid-83590129 "HTTP/1.1 200 OK"
2026-07-09 17:09:03,356 [INFO] HTTP Request: GET https://www.magicbricks.com/mantri-serenity-kanakapura-road-bangalore-pdpid-4d4235303235353738#cardid-85291699 "HTTP/1.1 200 OK"
2026-07-09 17:09:06,932 [INFO] HTTP Request: GET https://www.magicbricks.com/alembic-urban-forest-kadugodi-bangalore-pdpid-4d4235303831323630#cardid-85324419 "HTTP/1.1 301 Moved Permanently"
2026-07-09 17:09:07,978 [INFO] HTTP Request: GET https://www.magicbricks.com/alembic-urban-forest-whitefield-bangalore-pdpid-4d4235303831323630#cardid-85324419 "HTTP/1.1 200 OK"
2026-07-09 17:09:13,908 [INFO] HTTP Request: GET https://www.magicbricks.com/propertyDetails/4-BHK-4500-Sq-ft-Multistorey-Apartment-FOR-Rent-Lavelle-Road-in-Bangalore&id=4d423834393637363835#cardid-84967685 "HTTP/1.1 200 OK"
2026-07-09 17:09:19,631 [INFO] HTTP Request: GET https://www.magicbricks.com/embassy-lake-terraces-hebbal-bangalore-pdpid-4d4235303236343036#cardid-78519219 "HTTP/1.1 200 OK"
2026-07-09 17:09:19,794 [INFO] Detail-page enrichment: 10/22 processed, 10 coordinates found so far
2026-07-09 17:09:25,369 [INFO] HTTP Request: GET https://www.magicbricks.com/prestige-shantiniketan-whitefield-bangalore-pdpid-4d4235303139343539#cardid-85305751 "HTTP/1.1 200 OK"
2026-07-09 17:09:29,266 [INFO] HTTP Request: GET https://www.magicbricks.com/l&t-raintree-boulevard-hebbal-bangalore-pdpid-4d4235303836313833#cardid-83391729 "HTTP/1.1 200 OK"
2026-07-09 17:09:33,860 [INFO] HTTP Request: GET https://www.magicbricks.com/prestige-lakeside-habitat-whitefield-bangalore-pdpid-4d4235303139343638#cardid-85404695 "HTTP/1.1 200 OK"
2026-07-09 17:09:37,261 [INFO] HTTP Request: GET https://www.magicbricks.com/sobha-dream-gardens-thanisandra-bangalore-pdpid-4d4235313835393231#cardid-84992989 "HTTP/1.1 200 OK"
2026-07-09 17:09:40,487 [INFO] HTTP Request: GET https://www.magicbricks.com/mana-capitol-hadosiddapura-bangalore-pdpid-4d4235313835393139#cardid-73667231 "HTTP/1.1 301 Moved Permanently"
2026-07-09 17:09:41,234 [INFO] HTTP Request: GET https://www.magicbricks.com/mana-capitol-sarjapur-road-bangalore-pdpid-4d4235313835393139#cardid-73667231 "HTTP/1.1 200 OK"
2026-07-09 17:09:48,721 [INFO] HTTP Request: GET https://www.magicbricks.com/chaitanya-la-grove-whitefield-bangalore-pdpid-4d4235313736393431#cardid-83841473 "HTTP/1.1 200 OK"
2026-07-09 17:09:52,109 [INFO] HTTP Request: GET https://www.magicbricks.com/embassy-lake-terraces-hebbal-bangalore-pdpid-4d4235303236343036#cardid-80573333 "HTTP/1.1 200 OK"
2026-07-09 17:09:55,643 [INFO] HTTP Request: GET https://www.magicbricks.com/sobha-dream-gardens-manyata-tech-park-bangalore-pdpid-4d4235313835393231#cardid-80522843 "HTTP/1.1 301 Moved Permanently"
2026-07-09 17:09:55,665 [INFO] HTTP Request: GET https://www.magicbricks.com/sobha-dream-gardens-thanisandra-bangalore-pdpid-4d4235313835393231#cardid-80522843 "HTTP/1.1 200 OK"
2026-07-09 17:09:59,555 [INFO] HTTP Request: GET https://www.magicbricks.com/brigade-el-dorado-huvinayakanahalli-bangalore-pdpid-4d4235313234343235#cardid-82465649 "HTTP/1.1 200 OK"
2026-07-09 17:10:04,166 [INFO] HTTP Request: GET https://www.magicbricks.com/prestige-woodland-park-st-thomas-town-cooke-town-bangalore-pdpid-4d4235313631373739#cardid-84789033 "HTTP/1.1 301 Moved Permanently"
2026-07-09 17:10:04,188 [INFO] HTTP Request: GET https://www.magicbricks.com/prestige-woodland-park-cooke-town-bangalore-pdpid-4d4235313631373739#cardid-84789033 "HTTP/1.1 200 OK"
2026-07-09 17:10:04,331 [INFO] Detail-page enrichment: 20/22 processed, 20 coordinates found so far
2026-07-09 17:10:07,695 [INFO] HTTP Request: GET https://www.magicbricks.com/aspen-greens-at-the-prestige-city-sarjapur-road-bangalore-pdpid-4d4235333430313931#cardid-84618005 "HTTP/1.1 200 OK"
2026-07-09 17:10:10,452 [INFO] HTTP Request: GET https://www.magicbricks.com/purva-palm-beach-ajamalppa-layout-bangalore-pdpid-4d4235303337393936#cardid-85357485 "HTTP/1.1 301 Moved Permanently"
2026-07-09 17:10:10,474 [INFO] HTTP Request: GET https://www.magicbricks.com/purva-palm-beach-hennur-main-road-bangalore-pdpid-4d4235303337393936#cardid-85357485 "HTTP/1.1 200 OK"
2026-07-09 17:10:10,654 [INFO] Detail-page enrichment complete: 22/22 listings got real coordinates
2026-07-09 17:10:10,657 [INFO] Scraped 22 total listings
2026-07-09 17:10:10,660 [INFO] Wrote 22 listings to scraped_listings.jsonl
2026-07-09 17:10:58,377 [INFO] No city name in config — reverse-geocoding (12.9075, 77.585)...
2026-07-09 17:10:59,525 [INFO] Resolved city: Bengaluru, state: Karnataka — using MagicBricks alias 'Bangalore' for the search URL
2026-07-09 17:10:59,527 [INFO] Saved resolved values back to C:\Users\riddh\OneDrive\Desktop\skymark-grid-project\config.json
2026-07-09 17:10:59,536 [INFO] Starting MagicBricks scrape run
2026-07-09 17:11:00,337 [INFO] Bootstrapping session via Playwright: https://www.magicbricks.com/property-for-rent/residential-real-estate?cityName=Bangalore&page=1
2026-07-09 17:11:02,878 [INFO] Skipping likely-commercial listing:   Office Space for Rent in Ashok Nagar Bangalore
2026-07-09 17:11:02,881 [INFO] Skipping likely-commercial listing:   Office Space for Rent in Mahatma Gandhi Road Bangalore
2026-07-09 17:11:02,884 [INFO] Skipping likely-commercial listing:   Office Space for Rent in Electronic City Bangalore
2026-07-09 17:11:02,895 [INFO] Skipping likely-commercial listing:   Office Space for Rent in Mahatma Gandhi Road Bangalore
2026-07-09 17:11:02,897 [INFO] Skipping likely-commercial listing:   Office Space for Rent in Block 9th Jayanagara Bangalore
2026-07-09 17:11:02,898 [INFO] Skipping likely-commercial listing:   Office Space for Rent in Lavelle Road Bangalore
2026-07-09 17:11:02,911 [INFO] Skipping likely-commercial listing:   Office Space for Rent in Epip Zone, Whitefield Bangalore
2026-07-09 17:11:02,913 [INFO] Skipping likely-commercial listing:   Office Space for Rent in Ulsoor Road Bangalore
2026-07-09 17:11:02,923 [INFO] Page 1: 22 listings parsed so far
2026-07-09 17:11:03,544 [INFO] Starting detail-page coordinate enrichment for 22 listings...
2026-07-09 17:11:09,630 [INFO] HTTP Request: GET https://www.magicbricks.com/prestige-white-meadows-whitefield-bangalore-pdpid-4d4235323434313337#cardid-64492737 "HTTP/1.1 200 OK"
2026-07-09 17:11:15,761 [INFO] HTTP Request: GET https://www.magicbricks.com/phoenix-kessaku-rajaji-nagar-bangalore-pdpid-4d4235313034363737#cardid-67941045 "HTTP/1.1 200 OK"
2026-07-09 17:11:21,428 [INFO] HTTP Request: GET https://www.magicbricks.com/mantri-serenity-kanakapura-road-bangalore-pdpid-4d4235303235353738#cardid-80534673 "HTTP/1.1 200 OK"
2026-07-09 17:11:26,243 [INFO] HTTP Request: GET https://www.magicbricks.com/eden-park-at-the-prestige-city-sarjapur-road-bangalore-pdpid-4d4235333138373237#cardid-85456175 "HTTP/1.1 200 OK"
2026-07-09 17:11:37,232 [INFO] HTTP Request: GET https://www.magicbricks.com/propertyDetails/2-BHK-1300-Sq-ft-Multistorey-Apartment-FOR-Rent-HSR-Layout-in-Bangalore&id=4d423835323731393231#cardid-85271921 "HTTP/1.1 200 OK"
2026-07-09 17:11:41,538 [INFO] HTTP Request: GET https://www.magicbricks.com/karle-zenith-hebbal-bangalore-pdpid-4d4235303231333139#cardid-83590129 "HTTP/1.1 200 OK"
2026-07-09 17:11:52,584 [INFO] HTTP Request: GET https://www.magicbricks.com/mantri-serenity-kanakapura-road-bangalore-pdpid-4d4235303235353738#cardid-85291699 "HTTP/1.1 200 OK"
2026-07-09 17:11:57,318 [INFO] HTTP Request: GET https://www.magicbricks.com/alembic-urban-forest-kadugodi-bangalore-pdpid-4d4235303831323630#cardid-85324419 "HTTP/1.1 301 Moved Permanently"
2026-07-09 17:11:57,723 [INFO] HTTP Request: GET https://www.magicbricks.com/alembic-urban-forest-whitefield-bangalore-pdpid-4d4235303831323630#cardid-85324419 "HTTP/1.1 200 OK"
2026-07-09 17:12:05,401 [INFO] HTTP Request: GET https://www.magicbricks.com/propertyDetails/4-BHK-4500-Sq-ft-Multistorey-Apartment-FOR-Rent-Lavelle-Road-in-Bangalore&id=4d423834393637363835#cardid-84967685 "HTTP/1.1 200 OK"
2026-07-09 17:12:10,941 [INFO] HTTP Request: GET https://www.magicbricks.com/embassy-lake-terraces-hebbal-bangalore-pdpid-4d4235303236343036#cardid-78519219 "HTTP/1.1 200 OK"
2026-07-09 17:12:12,531 [INFO] Detail-page enrichment: 10/22 processed, 10 coordinates found so far
2026-07-09 17:12:17,698 [INFO] HTTP Request: GET https://www.magicbricks.com/prestige-shantiniketan-whitefield-bangalore-pdpid-4d4235303139343539#cardid-85305751 "HTTP/1.1 200 OK"
2026-07-09 17:12:22,952 [INFO] HTTP Request: GET https://www.magicbricks.com/l&t-raintree-boulevard-hebbal-bangalore-pdpid-4d4235303836313833#cardid-83391729 "HTTP/1.1 200 OK"
2026-07-09 17:12:26,782 [INFO] HTTP Request: GET https://www.magicbricks.com/prestige-lakeside-habitat-whitefield-bangalore-pdpid-4d4235303139343638#cardid-85404695 "HTTP/1.1 200 OK"
2026-07-09 17:12:30,608 [INFO] HTTP Request: GET https://www.magicbricks.com/sobha-dream-gardens-thanisandra-bangalore-pdpid-4d4235313835393231#cardid-84992989 "HTTP/1.1 200 OK"
2026-07-09 17:12:33,363 [INFO] HTTP Request: GET https://www.magicbricks.com/mana-capitol-hadosiddapura-bangalore-pdpid-4d4235313835393139#cardid-73667231 "HTTP/1.1 301 Moved Permanently"
2026-07-09 17:12:33,399 [INFO] HTTP Request: GET https://www.magicbricks.com/mana-capitol-sarjapur-road-bangalore-pdpid-4d4235313835393139#cardid-73667231 "HTTP/1.1 200 OK"
2026-07-09 17:12:39,204 [INFO] HTTP Request: GET https://www.magicbricks.com/chaitanya-la-grove-whitefield-bangalore-pdpid-4d4235313736393431#cardid-83841473 "HTTP/1.1 200 OK"
2026-07-09 17:12:42,986 [INFO] HTTP Request: GET https://www.magicbricks.com/embassy-lake-terraces-hebbal-bangalore-pdpid-4d4235303236343036#cardid-80573333 "HTTP/1.1 200 OK"
2026-07-09 17:12:47,896 [INFO] HTTP Request: GET https://www.magicbricks.com/sobha-dream-gardens-manyata-tech-park-bangalore-pdpid-4d4235313835393231#cardid-80522843 "HTTP/1.1 301 Moved Permanently"
2026-07-09 17:12:48,014 [INFO] HTTP Request: GET https://www.magicbricks.com/sobha-dream-gardens-thanisandra-bangalore-pdpid-4d4235313835393231#cardid-80522843 "HTTP/1.1 200 OK"
2026-07-09 17:12:54,462 [INFO] HTTP Request: GET https://www.magicbricks.com/brigade-el-dorado-huvinayakanahalli-bangalore-pdpid-4d4235313234343235#cardid-82465649 "HTTP/1.1 200 OK"
2026-07-09 17:13:02,426 [INFO] HTTP Request: GET https://www.magicbricks.com/prestige-woodland-park-st-thomas-town-cooke-town-bangalore-pdpid-4d4235313631373739#cardid-84789033 "HTTP/1.1 301 Moved Permanently"
2026-07-09 17:13:03,882 [INFO] HTTP Request: GET https://www.magicbricks.com/prestige-woodland-park-cooke-town-bangalore-pdpid-4d4235313631373739#cardid-84789033 "HTTP/1.1 200 OK"
2026-07-09 17:13:04,044 [INFO] Detail-page enrichment: 20/22 processed, 20 coordinates found so far
2026-07-09 17:13:10,826 [INFO] HTTP Request: GET https://www.magicbricks.com/aspen-greens-at-the-prestige-city-sarjapur-road-bangalore-pdpid-4d4235333430313931#cardid-84618005 "HTTP/1.1 200 OK"
2026-07-09 17:13:16,276 [INFO] HTTP Request: GET https://www.magicbricks.com/purva-palm-beach-ajamalppa-layout-bangalore-pdpid-4d4235303337393936#cardid-85357485 "HTTP/1.1 301 Moved Permanently"
2026-07-09 17:13:18,117 [INFO] HTTP Request: GET https://www.magicbricks.com/purva-palm-beach-hennur-main-road-bangalore-pdpid-4d4235303337393936#cardid-85357485 "HTTP/1.1 200 OK"
2026-07-09 17:13:18,275 [INFO] Detail-page enrichment complete: 22/22 listings got real coordinates
2026-07-09 17:13:18,276 [INFO] Scraped 22 total listings
2026-07-09 17:13:18,279 [INFO] Wrote 22 listings to scraped_listings.jsonl
2026-07-09 18:57:22,490 [INFO] No city name in config — reverse-geocoding (28.677947, 77.358498)...
2026-07-09 18:57:23,314 [INFO] Resolved city: Ghaziabad, state: Uttar Pradesh
2026-07-09 18:57:23,317 [INFO] Saved resolved values back to C:\Users\riddh\OneDrive\Desktop\skymark-grid-project\config.json
2026-07-09 18:57:23,324 [INFO] Starting MagicBricks scrape run
2026-07-09 18:57:24,019 [INFO] Bootstrapping session via Playwright: https://www.magicbricks.com/property-for-rent/residential-real-estate?cityName=Ghaziabad&page=1
2026-07-09 18:57:28,029 [INFO] Skipping likely-commercial listing:  Warehouse/ Godown for Rent in Meerut Road Ghaziabad
2026-07-09 18:57:28,038 [INFO] Skipping likely-commercial listing:   Office Space for Rent in Gyankhand 4 Ghaziabad
2026-07-09 18:57:28,045 [INFO] Skipping likely-commercial listing:   Office Space for Rent in Kaushambi Ghaziabad
2026-07-09 18:57:28,046 [INFO] Skipping likely-commercial listing:  Industrial Shed for Rent in Sahibabad Ghaziabad
2026-07-09 18:57:28,050 [INFO] Skipping likely-commercial listing:  Warehouse/ Godown for Rent in Shastri Nagar Ghaziabad
2026-07-09 18:57:28,054 [INFO] Skipping likely-commercial listing:   Office Space for Rent in Sector 5 Rajendra Nagar Ghaziabad
2026-07-09 18:57:28,057 [INFO] Skipping likely-commercial listing:   Office Space for Rent in Omaxe Park Plaza, Shakti Khand 2, Indirapuram Ghaziabad
2026-07-09 18:57:28,058 [INFO] Page 1: 23 listings parsed so far
2026-07-09 18:57:28,535 [INFO] Starting detail-page coordinate enrichment for 23 listings...
2026-07-09 18:57:35,404 [INFO] HTTP Request: GET https://www.magicbricks.com/niho-scottish-garden-indirapuram-ghaziabad-pdpid-4d4235303030363233#cardid-85310457 "HTTP/1.1 200 OK"
2026-07-09 18:57:39,494 [INFO] HTTP Request: GET https://www.magicbricks.com/gaur-global-village-crossings-republik-ghaziabad-pdpid-4d4235303232323134#cardid-84005543 "HTTP/1.1 200 OK"
2026-07-09 18:57:43,079 [INFO] HTTP Request: GET https://www.magicbricks.com/propertyDetails/5-BHK-3500-Sq-ft-Builder-Floor-Apartment-FOR-Rent-Vaishali-in-Ghaziabad&id=4d423834373730373939#cardid-84770799 "HTTP/1.1 200 OK"
2026-07-09 18:57:47,789 [INFO] HTTP Request: GET https://www.magicbricks.com/forever-prabhat-heights-crossings-republik-ghaziabad-pdpid-4d4235343138353333#cardid-83695063 "HTTP/1.1 200 OK"
2026-07-09 18:57:53,011 [INFO] HTTP Request: GET https://www.magicbricks.com/propertyDetails/2-BHK-1250-Sq-ft-Multistorey-Apartment-FOR-Rent-Crossings-Republik-in-Ghaziabad&id=4d423635303433353231#cardid-65043521 "HTTP/1.1 200 OK"
2026-07-09 18:57:57,107 [INFO] HTTP Request: GET https://www.magicbricks.com/gh-7-crossings-republik-vijay-nagar-ghaziabad-pdpid-4d4235323639383231#cardid-85288929 "HTTP/1.1 200 OK"
2026-07-09 18:58:02,331 [INFO] HTTP Request: GET https://www.magicbricks.com/shree-energy-classic-residency-j-block-raj-nagar-extension-ghaziabad-pdpid-4d4235323637343739#cardid-85385187 "HTTP/1.1 200 OK"
2026-07-09 18:58:08,066 [INFO] HTTP Request: GET https://www.magicbricks.com/ats-advantage-indirapuram-ghaziabad-pdpid-4d4235303031333930#cardid-82968733 "HTTP/1.1 200 OK"
2026-07-09 18:58:13,905 [INFO] HTTP Request: GET https://www.magicbricks.com/vvip-addresses-raj-nagar-extension-ghaziabad-pdpid-4d4235303136373831#cardid-84856795 "HTTP/1.1 200 OK"
2026-07-09 18:58:18,202 [INFO] HTTP Request: GET https://www.magicbricks.com/propertyDetails/4-BHK-2500-Sq-ft-Builder-Floor-Apartment-FOR-Rent-Ramprastha-Colony-in-Ghaziabad&id=4d423833393038393035#cardid-83908905 "HTTP/1.1 200 OK"
2026-07-09 18:58:18,268 [INFO] Detail-page enrichment: 10/23 processed, 10 coordinates found so far
2026-07-09 18:58:22,400 [INFO] HTTP Request: GET https://www.magicbricks.com/truvae-fragrance-homes-siddhartha-vihar-ghaziabad-pdpid-4d4235303734323932#cardid-83408503 "HTTP/1.1 200 OK"
2026-07-09 18:58:26,701 [INFO] HTTP Request: GET https://www.magicbricks.com/crossing-republic-gh-7-crossings-republik-ghaziabad-pdpid-4d4235303232383938#cardid-83034445 "HTTP/1.1 200 OK"
2026-07-09 18:58:32,640 [INFO] HTTP Request: GET https://www.magicbricks.com/nilaya-greens-raj-nagar-extension-ghaziabad-pdpid-4d4235313230393235#cardid-84488899 "HTTP/1.1 200 OK"
2026-07-09 18:58:36,533 [INFO] HTTP Request: GET https://www.magicbricks.com/merion-residency-i-crossings-republik-ghaziabad-pdpid-4d4235303130343134#cardid-84933445 "HTTP/1.1 200 OK"
2026-07-09 18:58:40,219 [INFO] HTTP Request: GET https://www.magicbricks.com/lotus-pond-indirapuram-ghaziabad-pdpid-4d4235303030363130#cardid-50180762 "HTTP/1.1 200 OK"
2026-07-09 18:58:43,734 [INFO] HTTP Request: GET https://www.magicbricks.com/ats-advantage-indirapuram-ghaziabad-pdpid-4d4235303031333930#cardid-84913773 "HTTP/1.1 200 OK"
2026-07-09 18:58:50,468 [INFO] HTTP Request: GET https://www.magicbricks.com/the-golden-gate-nh-24-ghaziabad-pdpid-4d4235303832343736#cardid-83558209 "HTTP/1.1 200 OK"
2026-07-09 18:58:57,634 [INFO] HTTP Request: GET https://www.magicbricks.com/rajnagar-residency-raj-nagar-extension-ghaziabad-pdpid-4d4235303230383037#cardid-83417497 "HTTP/1.1 200 OK"
2026-07-09 18:59:03,477 [INFO] HTTP Request: GET https://www.magicbricks.com/proview-delhi-99-phase-ii-bhopura-ghaziabad-pdpid-4d4235323637383935#cardid-85210863 "HTTP/1.1 200 OK"
2026-07-09 18:59:07,764 [INFO] HTTP Request: GET https://www.magicbricks.com/propertyDetails/1-BHK-505-Sq-ft-Multistorey-Apartment-FOR-Rent-Raj-Nagar-Extension-in-Ghaziabad&id=4d423835343130353333#cardid-85410533 "HTTP/1.1 200 OK"
2026-07-09 18:59:07,840 [INFO] Detail-page enrichment: 20/23 processed, 20 coordinates found so far
2026-07-09 18:59:13,703 [INFO] HTTP Request: GET https://www.magicbricks.com/propertyDetails/2-BHK-1200-Sq-ft-Builder-Floor-Apartment-FOR-Rent-Indirapuram-in-Ghaziabad&id=4d423834383533303835#cardid-84853085 "HTTP/1.1 200 OK"
2026-07-09 18:59:17,863 [INFO] HTTP Request: GET https://www.magicbricks.com/propertyDetails/2-BHK-90-Sq-m-Builder-Floor-Apartment-FOR-Rent-Vaishali-Sector-6-in-Ghaziabad&id=4d423834373035313131#cardid-84705111 "HTTP/1.1 200 OK"
2026-07-09 18:59:21,076 [INFO] HTTP Request: GET https://www.magicbricks.com/saviour-greenisle-crossings-republik-ghaziabad-pdpid-4d4235303235373033#cardid-85431481 "HTTP/1.1 200 OK"
2026-07-09 18:59:21,384 [INFO] Detail-page enrichment complete: 23/23 listings got real coordinates
2026-07-09 18:59:21,385 [INFO] Scraped 23 total listings
2026-07-09 18:59:21,390 [INFO] Wrote 23 listings to scraped_listings.jsonl
2026-07-09 20:35:08,161 [INFO] No city name in config — reverse-geocoding (28.5074, 77.3912)...
2026-07-09 20:35:08,927 [INFO] Resolved city: Noida, state: Uttar Pradesh
2026-07-09 20:35:08,928 [INFO] Saved resolved values back to C:\Users\riddh\OneDrive\Desktop\skymark-grid-project\config.json
2026-07-09 20:35:08,936 [INFO] Starting MagicBricks scrape run
2026-07-09 20:35:10,778 [INFO] Bootstrapping session via Playwright: https://www.magicbricks.com/property-for-rent/residential-real-estate?cityName=Noida&page=1
2026-07-09 20:35:16,000 [INFO] Skipping likely-commercial listing:   Office Space for Rent in Sector 63 Noida
2026-07-09 20:35:16,006 [INFO] Skipping likely-commercial listing:   Office Space for Rent in Block C Sector 6 Noida
2026-07-09 20:35:16,012 [INFO] Skipping likely-commercial listing:   Office Space for Rent in Sector 125, Noida Express Way Noida
2026-07-09 20:35:16,015 [INFO] Skipping likely-commercial listing:   Office Space for Rent in Sector 140A Noida
2026-07-09 20:35:16,017 [WARNING] Rejecting implausible monthly_rent=3000000.0 for cardid=85085647 (source text: 3000000) — outside the 1,000-1,000,000 sanity range.
2026-07-09 20:35:16,020 [INFO] Skipping likely-commercial listing:  Industrial Building for Rent in C Block Sector 63 Noida
2026-07-09 20:35:16,048 [INFO] Page 1: 25 listings parsed so far
2026-07-09 20:35:17,120 [INFO] Starting detail-page coordinate enrichment for 25 listings...
2026-07-09 20:35:22,951 [INFO] HTTP Request: GET https://www.magicbricks.com/aba-cleo-county-sector-121-noida-pdpid-4d4235303139303230#cardid-83303695 "HTTP/1.1 200 OK"
2026-07-09 20:35:28,795 [INFO] HTTP Request: GET https://www.magicbricks.com/nirala-estate-phase-2-noida-extension-noida-pdpid-4d4235303230313135#cardid-76107271 "HTTP/1.1 200 OK"
2026-07-09 20:35:33,305 [INFO] HTTP Request: GET https://www.magicbricks.com/jaypee-klassic-sector-134-noida-pdpid-4d4235303231353035#cardid-85257169 "HTTP/1.1 200 OK"
2026-07-09 20:35:39,033 [INFO] HTTP Request: GET https://www.magicbricks.com/prateek-stylome-sector-45-noida-pdpid-4d4235303139353130#cardid-80680265 "HTTP/1.1 200 OK"
2026-07-09 20:35:42,493 [INFO] HTTP Request: GET https://www.magicbricks.com/propertyDetails/3-BHK-3302-Sq-ft-Multistorey-Apartment-FOR-Rent-Sector-108-Parx-Laureate-in-Noida&id=4d423536343231333933#cardid-56421393 "HTTP/1.1 200 OK"
2026-07-09 20:35:48,523 [INFO] HTTP Request: GET https://www.magicbricks.com/county-107-sector-107-noida-pdpid-4d4235313234373439#cardid-79645351 "HTTP/1.1 200 OK"
2026-07-09 20:35:54,132 [INFO] HTTP Request: GET https://www.magicbricks.com/amrapali-princely-estate-sector-76-noida-pdpid-4d4235303030383638#cardid-84553355 "HTTP/1.1 200 OK"
2026-07-09 20:35:57,547 [INFO] HTTP Request: GET https://www.magicbricks.com/aba-cleo-county-sector-121-noida-pdpid-4d4235303139303230#cardid-84462421 "HTTP/1.1 200 OK"
2026-07-09 20:36:00,940 [INFO] HTTP Request: GET https://www.magicbricks.com/gaur-city-14th-avenue-noida-extension-noida-pdpid-4d4235323234343431#cardid-85412461 "HTTP/1.1 200 OK"
2026-07-09 20:36:06,266 [INFO] HTTP Request: GET https://www.magicbricks.com/aba-cleo-county-sector-121-noida-pdpid-4d4235303139303230#cardid-82564699 "HTTP/1.1 200 OK"
2026-07-09 20:36:06,589 [INFO] Detail-page enrichment: 10/25 processed, 10 coordinates found so far
2026-07-09 20:36:10,776 [INFO] HTTP Request: GET https://www.magicbricks.com/eldeco-utopia-sector-93a-noida-pdpid-4d4235303031303036#cardid-84658989 "HTTP/1.1 200 OK"
2026-07-09 20:36:17,954 [INFO] HTTP Request: GET https://www.magicbricks.com/mahagun-moderne-sector-78-noida-pdpid-4d4235303230373436#cardid-85448705 "HTTP/1.1 200 OK"
2026-07-09 20:36:23,171 [INFO] HTTP Request: GET https://www.magicbricks.com/godrej-woods-sector-43-noida-pdpid-4d4235323330313731#cardid-85394881 "HTTP/1.1 200 OK"
2026-07-09 20:36:29,429 [INFO] HTTP Request: GET https://www.magicbricks.com/jaypee-greens-knights-court-sector-128-noida-pdpid-4d4235303235383036#cardid-85406619 "HTTP/1.1 200 OK"
2026-07-09 20:36:34,953 [INFO] HTTP Request: GET https://www.magicbricks.com/pearls-gateway-towers-sector-44-noida-pdpid-4d4235303130333138#cardid-84164867 "HTTP/1.1 200 OK"
2026-07-09 20:36:39,739 [INFO] HTTP Request: GET https://www.magicbricks.com/kalpataru-vista-sultanpur-noida-pdpid-4d4235313135383335#cardid-85223913 "HTTP/1.1 301 Moved Permanently"
2026-07-09 20:36:40,171 [INFO] HTTP Request: GET https://www.magicbricks.com/kalpataru-vista-sector-128-noida-pdpid-4d4235313135383335#cardid-85223913 "HTTP/1.1 200 OK"
2026-07-09 20:36:45,186 [INFO] HTTP Request: GET https://www.magicbricks.com/crc-the-flagship-sector-140a-noida-pdpid-4d4235333934313335#cardid-85085647 "HTTP/1.1 200 OK"
2026-07-09 20:36:48,959 [INFO] HTTP Request: GET https://www.magicbricks.com/royal-nest-noida-extension-noida-pdpid-4d4235303933393337#cardid-85362321 "HTTP/1.1 200 OK"
2026-07-09 20:36:53,991 [INFO] HTTP Request: GET https://www.magicbricks.com/amrapali-centurian-park-terrace-homes-noida-extension-noida-pdpid-4d4235303031323133#cardid-85410977 "HTTP/1.1 200 OK"
2026-07-09 20:36:57,782 [INFO] HTTP Request: GET https://www.magicbricks.com/county-107-sector-107-noida-pdpid-4d4235313234373439#cardid-85105799 "HTTP/1.1 200 OK"
2026-07-09 20:36:58,070 [INFO] Detail-page enrichment: 20/25 processed, 20 coordinates found so far
2026-07-09 20:37:03,210 [INFO] HTTP Request: GET https://www.magicbricks.com/grand-ajnara-heritage-sector-74-noida-pdpid-4d4235303233393931#cardid-82467133 "HTTP/1.1 200 OK"
2026-07-09 20:37:09,306 [INFO] HTTP Request: GET https://www.magicbricks.com/godrej-woods-sector-43-noida-pdpid-4d4235323330313731#cardid-85288747 "HTTP/1.1 200 OK"
2026-07-09 20:37:13,145 [INFO] HTTP Request: GET https://www.magicbricks.com/eldeco-live-by-the-greens-sector-150-noida-pdpid-4d4235313139363239#cardid-85195455 "HTTP/1.1 200 OK"
2026-07-09 20:37:16,831 [INFO] HTTP Request: GET https://www.magicbricks.com/propertyDetails/3-BHK-2510-Sq-ft-Multistorey-Apartment-FOR-Rent-Sector-75-in-Noida&id=4d423834383236343533#cardid-84826453 "HTTP/1.1 200 OK"
2026-07-09 20:37:21,031 [INFO] HTTP Request: GET https://www.magicbricks.com/jaypee-wish-town-klassic-sector-129-noida-pdpid-4d4235303130313439#cardid-84647849 "HTTP/1.1 200 OK"
2026-07-09 20:37:21,300 [INFO] Detail-page enrichment complete: 25/25 listings got real coordinates
2026-07-09 20:37:21,302 [INFO] Scraped 25 total listings
2026-07-09 20:37:21,306 [INFO] Wrote 25 listings to scraped_listings.jsonl
2026-07-09 20:44:15,570 [INFO] No city name in config — reverse-geocoding (34.1526, 77.5771)...
2026-07-09 20:44:16,671 [INFO] Resolved city: Leh, state: Ladakh
2026-07-09 20:44:16,674 [INFO] Saved resolved values back to C:\Users\riddh\OneDrive\Desktop\skymark-grid-project\config.json
2026-07-09 20:44:16,680 [INFO] Starting MagicBricks scrape run
2026-07-09 20:44:17,633 [INFO] Bootstrapping session via Playwright: https://www.magicbricks.com/property-for-rent/residential-real-estate?cityName=Leh&page=1
2026-07-09 20:44:21,938 [INFO] Skipping likely-commercial listing:   Showroom for Rent in Housing colony Leh
2026-07-09 20:44:21,938 [INFO] Page 1: 2 listings parsed so far
2026-07-09 20:44:22,489 [INFO] Starting detail-page coordinate enrichment for 2 listings...
2026-07-09 20:44:26,608 [INFO] HTTP Request: GET https://www.magicbricks.com/propertyDetails/4-BHK-15-Sq-ft-Residential-House-FOR-Rent-in-Leh&id=4d423835313034393133#cardid-85104913 "HTTP/1.1 200 OK"
2026-07-09 20:44:33,059 [INFO] HTTP Request: GET https://www.magicbricks.com/propertyDetails/1-BHK-290-Sq-ft-Multistorey-Apartment-FOR-Rent-in-Leh&id=4d423439363738313234#cardid-49678124 "HTTP/1.1 200 OK"
2026-07-09 20:44:33,155 [INFO] Detail-page enrichment complete: 0/2 listings got real coordinates
2026-07-09 20:44:33,156 [INFO] Scraped 2 total listings
2026-07-09 20:44:33,158 [INFO] Wrote 2 listings to scraped_listings.jsonl
2026-07-13 10:45:02,872 [INFO] No city name in config — reverse-geocoding (17.4482, 78.3915)...
2026-07-13 10:45:03,675 [INFO] Resolved city: Hyderabad, state: Telangana
2026-07-13 10:45:03,677 [INFO] Saved resolved values back to C:\Users\riddh\OneDrive\Desktop\skymark-grid-project\config.json
2026-07-13 10:45:03,691 [INFO] Starting MagicBricks scrape run
2026-07-13 10:45:13,011 [INFO] Bootstrapping session via Playwright: https://www.magicbricks.com/property-for-rent/residential-real-estate?cityName=Hyderabad&page=1
2026-07-13 10:45:31,299 [INFO] Skipping likely-commercial listing:   Office Space for Rent in Laxmi Cyber City, Hitech City Hyderabad
2026-07-13 10:45:31,303 [INFO] Skipping likely-commercial listing:   Office Space for Rent in Banjara Hills, NH 9 Hyderabad
2026-07-13 10:45:31,326 [WARNING] Rejecting implausible monthly_rent=1462000.0 for cardid=84657537 (source text: 1462000) — outside the 1,000-1,000,000 sanity range.
2026-07-13 10:45:31,326 [INFO] Skipping likely-commercial listing:   Office Space for Rent in Kothaguda Hyderabad
2026-07-13 10:45:31,340 [INFO] Skipping likely-commercial listing:   Office Space for Rent in Jubilee Hills Hyderabad
2026-07-13 10:45:31,357 [INFO] Skipping likely-commercial listing:   Office Space for Rent in Doyens Colony, Serilingampally Hyderabad
2026-07-13 10:45:31,363 [INFO] Skipping likely-commercial listing:   Office Space for Rent in Ameerpet, NH 9 Hyderabad
2026-07-13 10:45:31,369 [INFO] Skipping likely-commercial listing:   Office Space for Rent in Telecom Nagar Gachibowli Hyderabad
2026-07-13 10:45:31,378 [INFO] Skipping likely-commercial listing:   Office Space for Rent in Sai Nagar Nagole Hyderabad
2026-07-13 10:45:31,382 [INFO] Skipping likely-commercial listing:   Office Space for Rent in Gachibowli Hyderabad
2026-07-13 10:45:31,391 [INFO] Skipping likely-commercial listing:   Office Space for Rent in Raja Rajeshwara Nagar Hyderabad
2026-07-13 10:45:31,396 [INFO] Skipping likely-commercial listing:   Office Space for Rent in Somajiguda, NH 9 Hyderabad
2026-07-13 10:45:31,403 [INFO] Skipping likely-commercial listing:   Office Space for Rent in Alwal Hyderabad
2026-07-13 10:45:31,407 [INFO] Skipping likely-commercial listing:   Office Space for Rent in Prashanti Nagar IDA Kukatpally Hyderabad
2026-07-13 10:45:31,412 [INFO] Skipping likely-commercial listing:  Warehouse/ Godown for Rent in Chandulal Baradari Hyderabad
2026-07-13 10:45:31,420 [INFO] Skipping likely-commercial listing:   Office Space for Rent in Punjagutta, NH 9 Hyderabad
2026-07-13 10:45:31,424 [INFO] Skipping likely-commercial listing:   Office Space for Rent in Gachibowli Hyderabad
2026-07-13 10:45:31,428 [INFO] Skipping likely-commercial listing:   Office Space for Rent in Shivam Road Hyderabad
2026-07-13 10:45:31,429 [INFO] Page 1: 13 listings parsed so far
2026-07-13 10:45:36,961 [INFO] Starting detail-page coordinate enrichment for 13 listings...
2026-07-13 10:45:44,864 [INFO] HTTP Request: GET https://www.magicbricks.com/propertyDetails/3-BHK-2000-Sq-ft-Multistorey-Apartment-FOR-Rent-BL-Nagar-in-Hyderabad&id=4d423834373433333535#cardid-84743355 "HTTP/1.1 200 OK"
2026-07-13 10:45:51,025 [INFO] HTTP Request: GET https://www.magicbricks.com/aparna-serene-park-kondapur-hyderabad-pdpid-4d4235303937343131#cardid-80699485 "HTTP/1.1 200 OK"
2026-07-13 10:45:57,969 [INFO] HTTP Request: GET https://www.magicbricks.com/kondapur-kondapur-hyderabad-pdpid-4d4235313237363935#cardid-85372871 "HTTP/1.1 200 OK"
2026-07-13 10:46:04,323 [INFO] HTTP Request: GET https://www.magicbricks.com/phoenix-golf-edge-gachibowli-hyderabad-pdpid-4d4235303131363938#cardid-85428213 "HTTP/1.1 200 OK"
2026-07-13 10:46:11,485 [INFO] HTTP Request: GET https://www.magicbricks.com/raheja-vistas-nacharam-hyderabad-pdpid-4d4235303430373135#cardid-85045851 "HTTP/1.1 200 OK"
2026-07-13 10:46:17,054 [INFO] HTTP Request: GET https://www.magicbricks.com/jayabheri-the-summit-narsingi-hyderabad-pdpid-4d4235313136393333#cardid-85481241 "HTTP/1.1 200 OK"
2026-07-13 10:46:22,851 [INFO] HTTP Request: GET https://www.magicbricks.com/pranava-interlux-hitech-city-hyderabad-pdpid-4d4235333332333937#cardid-85300039 "HTTP/1.1 200 OK"
2026-07-13 10:46:26,828 [INFO] HTTP Request: GET https://www.magicbricks.com/sumadhura-the-olympus-financial-district-hyderabad-pdpid-4d4235333737373939#cardid-85488295 "HTTP/1.1 301 Moved Permanently"
2026-07-13 10:46:27,976 [INFO] HTTP Request: GET https://www.magicbricks.com/sumadhura-the-olympus-nanakram-guda-hyderabad-pdpid-4d4235333737373939#cardid-85488295 "HTTP/1.1 200 OK"
2026-07-13 10:46:33,315 [INFO] HTTP Request: GET https://www.magicbricks.com/trendset-winz-gachibowli-hyderabad-pdpid-4d4235303030313135#cardid-85420831 "HTTP/1.1 200 OK"
2026-07-13 10:46:40,786 [INFO] HTTP Request: GET https://www.magicbricks.com/prestige-ivy-league-hitech-city-hyderabad-pdpid-4d4235303736393837#cardid-84458813 "HTTP/1.1 200 OK"
2026-07-13 10:46:41,262 [INFO] Detail-page enrichment: 10/13 processed, 10 coordinates found so far
2026-07-13 10:46:46,295 [INFO] HTTP Request: GET https://www.magicbricks.com/candeur-crescent-serilingampally-hyderabad-pdpid-4d4235333332353339#cardid-85329175 "HTTP/1.1 200 OK"
2026-07-13 10:46:51,002 [INFO] HTTP Request: GET https://www.magicbricks.com/propertyDetails/3-BHK-2000-Sq-ft-Multistorey-Apartment-FOR-Rent-Manikonda-in-Hyderabad&id=4d423835343637303137#cardid-85467017 "HTTP/1.1 200 OK"
2026-07-13 10:46:57,957 [INFO] HTTP Request: GET https://www.magicbricks.com/propertyDetails/3200-Sq-ft-Commercial-Land-FOR-Rent-Kandlakoya-in-Hyderabad&id=4d423833313336393835#cardid-83136985 "HTTP/1.1 200 OK"
2026-07-13 10:46:58,046 [INFO] Detail-page enrichment complete: 13/13 listings got real coordinates
2026-07-13 10:46:58,047 [INFO] Scraped 13 total listings
2026-07-13 10:46:58,063 [INFO] Wrote 13 listings to scraped_listings.jsonl
2026-07-13 10:47:50,345 [INFO] No city name in config — reverse-geocoding (23.0225, 72.525)...
2026-07-13 10:47:50,902 [INFO] Resolved city: Sarkhej, state: Gujarat
2026-07-13 10:47:50,903 [INFO] Saved resolved values back to C:\Users\riddh\OneDrive\Desktop\skymark-grid-project\config.json
2026-07-13 10:47:50,909 [INFO] Starting MagicBricks scrape run
2026-07-13 10:47:51,634 [INFO] Bootstrapping session via Playwright: https://www.magicbricks.com/property-for-rent/residential-real-estate?cityName=Sarkhej&page=1
2026-07-13 10:48:14,625 [WARNING] Listing card selector didn't show up — page may have been served a captcha/interstitial. Inspect a screenshot before assuming the scraper is broken vs. the selector being stale.
2026-07-13 10:48:54,081 [ERROR] Zero listing containers found. Diagnosis: NO-RESULTS PAGE (not a block): MagicBricks returned a legitimate 'no listings match these filters' page — e.g. this city may not support the full bedroom range or property-type list requested. Check bootstrap_debug.png to see exactly which filter got rejected; retrying the same request won't help, the search parameters need adjusting.
2026-07-13 10:48:54,081 [INFO] DOM parse returned nothing, trying JSON blob fallback...
2026-07-13 10:48:54,085 [INFO] Page 1: 0 listings parsed so far
2026-07-13 10:48:56,116 [INFO] Starting detail-page coordinate enrichment for 0 listings...
2026-07-13 10:48:56,117 [INFO] Detail-page enrichment complete: 0/0 listings got real coordinates
2026-07-13 10:48:56,139 [INFO] Scraped 0 total listings
2026-07-13 10:48:56,142 [INFO] Wrote 0 listings to scraped_listings.jsonl
2026-07-13 10:49:42,971 [INFO] No city name in config — reverse-geocoding (26.8467, 81.0072)...
2026-07-13 10:49:43,843 [INFO] Resolved city: Lucknow, state: Uttar Pradesh
2026-07-13 10:49:43,845 [INFO] Saved resolved values back to C:\Users\riddh\OneDrive\Desktop\skymark-grid-project\config.json
2026-07-13 10:49:43,849 [INFO] Starting MagicBricks scrape run
2026-07-13 10:49:47,293 [INFO] Bootstrapping session via Playwright: https://www.magicbricks.com/property-for-rent/residential-real-estate?cityName=Lucknow&page=1
2026-07-13 10:50:01,730 [INFO] Skipping likely-commercial listing:   Shop for Rent in RR Orchid Estate, Kanpur Road Lucknow
2026-07-13 10:50:01,743 [INFO] Skipping likely-commercial listing:   Office Space for Rent in Purvanchal Capital Tower, Vibhuti Khand Lucknow
2026-07-13 10:50:01,752 [INFO] Skipping likely-commercial listing:   Shop for Rent in Viraj Khand Lucknow
2026-07-13 10:50:01,760 [INFO] Skipping likely-commercial listing:   Showroom for Rent in Sector 2 Vikas Nagar Lucknow
2026-07-13 10:50:01,764 [INFO] Skipping likely-commercial listing:   Office Space for Rent in Vikas Nagar Lucknow
2026-07-13 10:50:01,774 [INFO] Skipping likely-commercial listing:   Showroom for Rent in Banthra Lucknow
2026-07-13 10:50:01,781 [INFO] Skipping likely-commercial listing:   Shop for Rent in Arjun Ganj Lucknow
2026-07-13 10:50:01,784 [INFO] Skipping likely-commercial listing:   Shop for Rent in Bijnor Road Lucknow
2026-07-13 10:50:01,788 [INFO] Skipping likely-commercial listing:   Office Space for Rent in Gomti Nagar Lucknow
2026-07-13 10:50:01,792 [INFO] Skipping likely-commercial listing:   Showroom for Rent in Jankipuram Extension Lucknow
2026-07-13 10:50:01,812 [INFO] Skipping likely-commercial listing:   Shop for Rent in Budheshwar Lucknow
2026-07-13 10:50:01,816 [INFO] Skipping likely-commercial listing:   Showroom for Rent in Shivaji Marg Lucknow
2026-07-13 10:50:01,820 [INFO] Skipping likely-commercial listing:   Office Space for Rent in Ratan Square, Hazratganj Lucknow
2026-07-13 10:50:01,829 [INFO] Skipping likely-commercial listing:   Showroom for Rent in Vishal Khand Lucknow
2026-07-13 10:50:01,840 [INFO] Skipping likely-commercial listing:   Office Space for Rent in Vikrant Khand Lucknow
2026-07-13 10:50:01,843 [INFO] Skipping likely-commercial listing:  Industrial Building for Rent in Sector 10 Indira Nagar Lucknow
2026-07-13 10:50:01,844 [INFO] Page 1: 14 listings parsed so far
2026-07-13 10:50:03,487 [INFO] Starting detail-page coordinate enrichment for 14 listings...
2026-07-13 10:50:10,180 [INFO] HTTP Request: GET https://www.magicbricks.com/purvanchal-kings-court-gomti-nagar-lucknow-pdpid-4d4235303934343631#cardid-85168369 "HTTP/1.1 200 OK"
2026-07-13 10:50:14,386 [INFO] HTTP Request: GET https://www.magicbricks.com/rohtas-pulmeria-gomti-nagar-lucknow-pdpid-4d4235303239323133#cardid-82351183 "HTTP/1.1 200 OK"
2026-07-13 10:50:18,854 [INFO] HTTP Request: GET https://www.magicbricks.com/propertyDetails/2-BHK-1400-Sq-ft-Multistorey-Apartment-FOR-Rent-Aliganj-in-Lucknow&id=4d423834313933373133#cardid-84193713 "HTTP/1.1 200 OK"
2026-07-13 10:50:24,420 [INFO] HTTP Request: GET https://www.magicbricks.com/viraj-bbd-green-city-faizabad-road-lucknow-pdpid-4d4235303031373638#cardid-83510161 "HTTP/1.1 200 OK"
2026-07-13 10:50:29,107 [INFO] HTTP Request: GET https://www.magicbricks.com/propertyDetails/2-BHK-1200-Sq-ft-Residential-House-FOR-Rent-Jankipuram-in-Lucknow&id=4d423833393238393531#cardid-83928951 "HTTP/1.1 200 OK"
2026-07-13 10:50:34,736 [INFO] HTTP Request: GET https://www.magicbricks.com/eldeco-city-breeze-madehgunj-lucknow-pdpid-4d4235303834383531#cardid-85429973 "HTTP/1.1 301 Moved Permanently"
2026-07-13 10:50:35,577 [INFO] HTTP Request: GET https://www.magicbricks.com/eldeco-city-breeze-sitapur-road-lucknow-pdpid-4d4235303834383531#cardid-85429973 "HTTP/1.1 200 OK"
2026-07-13 10:50:41,817 [INFO] HTTP Request: GET https://www.magicbricks.com/swapnil-sangam-bijnor-road-lucknow-pdpid-4d4235313136363235#cardid-85492593 "HTTP/1.1 200 OK"
2026-07-13 10:50:46,514 [INFO] HTTP Request: GET https://www.magicbricks.com/propertyDetails/2-BHK-1250-Sq-ft-Residential-House-FOR-Rent-Mayur-Vihar-in-Lucknow&id=4d423835343933303731#cardid-85493071 "HTTP/1.1 200 OK"
2026-07-13 10:50:51,351 [INFO] HTTP Request: GET https://www.magicbricks.com/lda-shravan-apartment-hindnagar-colony-lucknow-pdpid-4d4235323939353739#cardid-84804563 "HTTP/1.1 200 OK"
2026-07-13 10:50:55,752 [INFO] HTTP Request: GET https://www.magicbricks.com/propertyDetails/2-BHK-1400-Sq-ft-Residential-House-FOR-Rent-Nizampur-Malhaur-in-Lucknow&id=4d423831363134363535#cardid-81614655 "HTTP/1.1 200 OK"
2026-07-13 10:50:55,877 [INFO] Detail-page enrichment: 10/14 processed, 10 coordinates found so far
2026-07-13 10:51:02,202 [INFO] HTTP Request: GET https://www.magicbricks.com/propertyDetails/2-BHK-600-Sq-ft-Residential-House-FOR-Rent-Kalyanpur-West-in-Lucknow&id=4d423739393231313535#cardid-79921155 "HTTP/1.1 200 OK"
2026-07-13 10:51:07,626 [INFO] HTTP Request: GET https://www.magicbricks.com/propertyDetails/2-BHK-1400-Sq-ft-Residential-House-FOR-Rent-Sainik-Nagar-in-Lucknow&id=4d423834333831323131#cardid-84381211 "HTTP/1.1 200 OK"
2026-07-13 10:51:12,739 [INFO] HTTP Request: GET https://www.magicbricks.com/propertyDetails/2-BHK-2600-Sq-ft-Residential-House-FOR-Rent-Rashmi-Khand-in-Lucknow&id=4d423832383838333333#cardid-82888333 "HTTP/1.1 200 OK"
2026-07-13 10:51:17,147 [INFO] HTTP Request: GET https://www.magicbricks.com/prabhat-chauraha-jankipuram-lucknow-pdpid-4d4235343130333935#cardid-85067651 "HTTP/1.1 200 OK"
2026-07-13 10:51:17,442 [INFO] Detail-page enrichment complete: 14/14 listings got real coordinates
2026-07-13 10:51:17,443 [INFO] Scraped 14 total listings
2026-07-13 10:51:17,446 [INFO] Wrote 14 listings to scraped_listings.jsonl
2026-07-13 12:34:37,289 [INFO] No city name in config — reverse-geocoding (28.5074, 77.3912)...
2026-07-13 12:34:38,530 [INFO] Resolved city: Noida, state: Uttar Pradesh
2026-07-13 12:34:38,532 [INFO] Saved resolved values back to C:\Users\riddh\OneDrive\Desktop\skymark-grid-project\config.json
2026-07-13 12:34:38,539 [INFO] Starting MagicBricks scrape run
2026-07-13 12:35:33,432 [INFO] No city name in config — reverse-geocoding (28.5074, 77.3912)...
2026-07-13 12:35:33,552 [INFO] Resolved city: Noida, state: Uttar Pradesh
2026-07-13 12:35:33,554 [INFO] Saved resolved values back to C:\Users\riddh\OneDrive\Desktop\skymark-grid-project\config.json
2026-07-13 12:35:33,560 [INFO] Starting MagicBricks scrape run
2026-07-13 12:37:33,117 [INFO] No city name in config — reverse-geocoding (28.5074, 77.3912)...
2026-07-13 12:37:33,204 [INFO] Resolved city: Noida, state: Uttar Pradesh
2026-07-13 12:37:33,206 [INFO] Saved resolved values back to C:\Users\riddh\OneDrive\Desktop\skymark-grid-project\config.json
2026-07-13 12:37:33,211 [INFO] Starting MagicBricks scrape run
2026-07-13 12:46:42,786 [INFO] No city name in config — reverse-geocoding (28.5074, 77.3912)...
2026-07-13 12:46:42,978 [INFO] Resolved city: Noida, state: Uttar Pradesh
2026-07-13 12:46:42,979 [INFO] Saved resolved values back to C:\Users\riddh\OneDrive\Desktop\skymark-grid-project\config.json
2026-07-13 12:46:42,982 [INFO] Starting MagicBricks scrape run
2026-07-13 12:46:48,588 [INFO] Bootstrapping session via Playwright: https://www.magicbricks.com/property-for-rent/residential-real-estate?cityName=Noida&page=1
2026-07-13 12:47:16,327 [INFO] Skipping likely-commercial listing:   Office Space for Rent in Sector 140A Noida
2026-07-13 12:47:16,353 [INFO] Skipping likely-commercial listing:   Office Space for Rent in Block A Sector 3 Noida
2026-07-13 12:47:16,361 [INFO] Skipping likely-commercial listing:   Office Space for Rent in Sector 62, NH 24 Noida
2026-07-13 12:47:16,366 [INFO] Skipping likely-commercial listing:   Office Space for Rent in Film City Noida
2026-07-13 12:47:16,373 [INFO] Skipping likely-commercial listing:  Industrial Building for Rent in Hosiery Complex, Noida Extension, Dadri Road Noida
2026-07-13 12:47:16,376 [WARNING] Rejecting implausible monthly_rent=1800000.0 for cardid=85094297 (source text: 1800000) — outside the 1,000-1,000,000 sanity range.
2026-07-13 12:47:16,377 [INFO] Skipping likely-commercial listing:   Office Space for Rent in Sector 140A Noida
2026-07-13 12:47:16,387 [INFO] Skipping likely-commercial listing:  Industrial Building for Rent in A Block Sector 63 Noida
2026-07-13 12:47:16,391 [INFO] Skipping likely-commercial listing:   Shop for Rent in Sector 93A, Noida Express Way Noida
2026-07-13 12:47:16,432 [INFO] Skipping likely-commercial listing:   Office Space for Rent in Sector 62, NH 24 Noida
2026-07-13 12:47:16,436 [WARNING] Rejecting implausible monthly_rent=1260000.0 for cardid=85452395 (source text: 1260000) — outside the 1,000-1,000,000 sanity range.
2026-07-13 12:47:16,437 [INFO] Skipping likely-commercial listing:  Industrial Building for Rent in Block C Sector 57 Noida
2026-07-13 12:47:16,437 [INFO] Page 1: 20 listings parsed so far
2026-07-13 12:47:27,668 [INFO] HTTP Request: GET https://www.magicbricks.com/property-for-rent/residential-real-estate?cityName=Noida&page=2 "HTTP/1.1 200 OK"
2026-07-13 12:47:28,044 [INFO] Skipping likely-commercial listing:   Shop for Rent in Sector 18, Noida sector 18 Metro Noida
2026-07-13 12:47:28,058 [INFO] Skipping likely-commercial listing:   Office Space for Rent in Sector 96 Noida
2026-07-13 12:47:28,065 [INFO] Skipping likely-commercial listing:   Office Space for Rent in Sector 154, Noida Express Way Noida
2026-07-13 12:47:28,084 [INFO] Skipping likely-commercial listing:   Office Space for Rent in Block B Sector 132 Noida
2026-07-13 12:47:28,099 [WARNING] Rejecting implausible monthly_rent=1200000.0 for cardid=83310679 (source text: 1200000) — outside the 1,000-1,000,000 sanity range.
2026-07-13 12:47:28,101 [INFO] Skipping likely-commercial listing:   Showroom for Rent in Sector 5 Noida
2026-07-13 12:47:28,112 [INFO] Skipping likely-commercial listing:  Industrial Land for Rent in Block A Phase 2 Noida Noida
2026-07-13 12:47:28,120 [INFO] Skipping likely-commercial listing:   Office Space for Rent in Industrial Area Noida
2026-07-13 12:47:28,123 [INFO] Skipping likely-commercial listing:   Office Space for Rent in Sector 18, Noida sector 18 Metro Noida
2026-07-13 12:47:28,127 [INFO] Skipping likely-commercial listing:   Office Space for Rent in Sector 18, Noida sector 18 Metro Noida
2026-07-13 12:47:28,135 [INFO] Skipping likely-commercial listing:  Warehouse/ Godown for Rent in Sector 70 Noida
2026-07-13 12:47:28,139 [INFO] Skipping likely-commercial listing:   Office Space for Rent in Sector 2 Noida
2026-07-13 12:47:28,145 [INFO] Skipping likely-commercial listing:   Office Space for Rent in Sector 90 Noida
2026-07-13 12:47:28,149 [INFO] Page 2: +18 listings (running total: 38)
2026-07-13 12:47:28,149 [INFO] Starting detail-page coordinate enrichment for 38 listings...
2026-07-13 12:47:34,459 [INFO] HTTP Request: GET https://www.magicbricks.com/aba-cleo-county-sector-121-noida-pdpid-4d4235303139303230#cardid-83303695 "HTTP/1.1 200 OK"
2026-07-13 12:47:39,963 [INFO] HTTP Request: GET https://www.magicbricks.com/ajnara-homes-noida-extension-noida-pdpid-4d4235303030393235#cardid-41287745 "HTTP/1.1 200 OK"
2026-07-13 12:47:46,033 [INFO] HTTP Request: GET https://www.magicbricks.com/jaypee-kosmos-sector-134-noida-pdpid-4d4235303030383436#cardid-84256721 "HTTP/1.1 200 OK"
2026-07-13 12:47:49,842 [INFO] HTTP Request: GET https://www.magicbricks.com/prateek-stylome-sector-45-noida-pdpid-4d4235303139353130#cardid-80680265 "HTTP/1.1 200 OK"
2026-07-13 12:47:53,964 [INFO] HTTP Request: GET https://www.magicbricks.com/propertyDetails/3-BHK-3302-Sq-ft-Multistorey-Apartment-FOR-Rent-Sector-108-Parx-Laureate-in-Noida&id=4d423536343231333933#cardid-56421393 "HTTP/1.1 200 OK"
2026-07-13 12:47:58,744 [INFO] HTTP Request: GET https://www.magicbricks.com/pearls-gateway-towers-sector-44-noida-pdpid-4d4235303130333138#cardid-85006209 "HTTP/1.1 200 OK"
2026-07-13 12:48:03,574 [INFO] HTTP Request: GET https://www.magicbricks.com/gulshan-dynasty-sector-144-noida-pdpid-4d4235313330393031#cardid-79645625 "HTTP/1.1 200 OK"
2026-07-13 12:48:07,403 [INFO] HTTP Request: GET https://www.magicbricks.com/aba-cleo-county-sector-121-noida-pdpid-4d4235303139303230#cardid-82980771 "HTTP/1.1 200 OK"
2026-07-13 12:48:13,741 [INFO] HTTP Request: GET https://www.magicbricks.com/aba-cleo-county-sector-121-noida-pdpid-4d4235303139303230#cardid-84082387 "HTTP/1.1 200 OK"
2026-07-13 12:48:19,632 [INFO] HTTP Request: GET https://www.magicbricks.com/prateek-stylome-sector-45-noida-pdpid-4d4235303139353130#cardid-85489835 "HTTP/1.1 200 OK"
2026-07-13 12:48:20,224 [INFO] Detail-page enrichment: 10/38 processed, 10 coordinates found so far
2026-07-13 12:48:26,542 [INFO] HTTP Request: GET https://www.magicbricks.com/kalpataru-vista-sultanpur-noida-pdpid-4d4235313135383335#cardid-85223913 "HTTP/1.1 301 Moved Permanently"
2026-07-13 12:48:29,238 [INFO] HTTP Request: GET https://www.magicbricks.com/kalpataru-vista-sector-128-noida-pdpid-4d4235313135383335#cardid-85223913 "HTTP/1.1 200 OK"
2026-07-13 12:48:35,147 [INFO] HTTP Request: GET https://www.magicbricks.com/gaur-city-14th-avenue-noida-extension-noida-pdpid-4d4235323234343431#cardid-85412461 "HTTP/1.1 200 OK"
2026-07-13 12:48:39,040 [INFO] HTTP Request: GET https://www.magicbricks.com/grand-ajnara-heritage-sector-74-noida-pdpid-4d4235303233393931#cardid-82467133 "HTTP/1.1 200 OK"
2026-07-13 12:48:43,891 [INFO] HTTP Request: GET https://www.magicbricks.com/jaypee-greens-knights-court-sector-128-noida-pdpid-4d4235303235383036#cardid-85406583 "HTTP/1.1 200 OK"
2026-07-13 12:48:49,172 [INFO] HTTP Request: GET https://www.magicbricks.com/eldeco-live-by-the-greens-sector-150-noida-pdpid-4d4235313139363239#cardid-85195455 "HTTP/1.1 200 OK"
2026-07-13 12:48:56,051 [INFO] HTTP Request: GET https://www.magicbricks.com/propertyDetails/3-BHK-2510-Sq-ft-Multistorey-Apartment-FOR-Rent-Sector-75-in-Noida&id=4d423834383236343533#cardid-84826453 "HTTP/1.1 200 OK"
2026-07-13 12:49:00,056 [INFO] HTTP Request: GET https://www.magicbricks.com/jaypee-wish-town-klassic-sector-129-noida-pdpid-4d4235303130313439#cardid-84647849 "HTTP/1.1 200 OK"
2026-07-13 12:49:04,230 [INFO] HTTP Request: GET https://www.magicbricks.com/kalpataru-vista-sector-128-noida-pdpid-4d4235313135383335#cardid-85166909 "HTTP/1.1 200 OK"
2026-07-13 12:49:10,710 [INFO] HTTP Request: GET https://www.magicbricks.com/ivy-county-sector-75-noida-pdpid-4d4235313236393639#cardid-85195443 "HTTP/1.1 200 OK"
2026-07-13 12:49:17,559 [INFO] HTTP Request: GET https://www.magicbricks.com/royal-nest-noida-extension-noida-pdpid-4d4235303933393337#cardid-85362321 "HTTP/1.1 200 OK"
2026-07-13 12:49:17,842 [INFO] Detail-page enrichment: 20/38 processed, 20 coordinates found so far
2026-07-13 12:49:23,925 [INFO] HTTP Request: GET https://www.magicbricks.com/panchsheel-pratishtha-sector-75-noida-pdpid-4d4235303139383038#cardid-82774183 "HTTP/1.1 200 OK"
2026-07-13 12:49:28,252 [INFO] HTTP Request: GET https://www.magicbricks.com/aba-cleo-county-sector-121-noida-pdpid-4d4235303139303230#cardid-84266103 "HTTP/1.1 200 OK"
2026-07-13 12:49:32,099 [INFO] HTTP Request: GET https://www.magicbricks.com/samridhi-luxuriya-avenue-sector-150-noida-pdpid-4d4235303833353733#cardid-82000853 "HTTP/1.1 200 OK"
2026-07-13 12:49:39,699 [INFO] HTTP Request: GET https://www.magicbricks.com/jaypee-greens-imperial-court-sector-128-noida-pdpid-4d4235303235313135#cardid-84344239 "HTTP/1.1 200 OK"
2026-07-13 12:49:45,102 [INFO] HTTP Request: GET https://www.magicbricks.com/civitech-stadia-sector-79-noida-pdpid-4d4235303232393932#cardid-83539221 "HTTP/1.1 200 OK"
2026-07-13 12:49:50,686 [INFO] HTTP Request: GET https://www.magicbricks.com/ivy-county-sector-75-noida-pdpid-4d4235313236393639#cardid-84414117 "HTTP/1.1 200 OK"
2026-07-13 12:49:56,763 [INFO] HTTP Request: GET https://www.magicbricks.com/mahagun-moderne-sector-78-noida-pdpid-4d4235303230373436#cardid-55945075 "HTTP/1.1 200 OK"
2026-07-13 12:50:01,891 [INFO] HTTP Request: GET https://www.magicbricks.com/amrapali-princely-estate-sector-76-noida-pdpid-4d4235303030383638#cardid-84553355 "HTTP/1.1 200 OK"
2026-07-13 12:50:06,191 [INFO] HTTP Request: GET https://www.magicbricks.com/aba-cleo-county-sector-121-noida-pdpid-4d4235303139303230#cardid-79112525 "HTTP/1.1 200 OK"
2026-07-13 12:50:11,163 [INFO] HTTP Request: GET https://www.magicbricks.com/propertyDetails/3-BHK-2700-Sq-ft-Residential-House-FOR-Rent-Sector-46-Block-A-in-Noida&id=4d423834303336353031#cardid-84036501 "HTTP/1.1 200 OK"
2026-07-13 12:50:12,506 [INFO] Detail-page enrichment: 30/38 processed, 30 coordinates found so far
2026-07-13 12:50:18,266 [INFO] HTTP Request: GET https://www.magicbricks.com/propertyDetails/3-BHK-1695-Sq-ft-Multistorey-Apartment-FOR-Rent-Sector-143-in-Noida&id=4d423832313930363435#cardid-82190645 "HTTP/1.1 200 OK"
2026-07-13 12:50:25,339 [INFO] HTTP Request: GET https://www.magicbricks.com/gulshan-bellina-noida-extension-noida-pdpid-4d4235303730363734#cardid-85181755 "HTTP/1.1 200 OK"
2026-07-13 12:50:29,953 [INFO] HTTP Request: GET https://www.magicbricks.com/aditya-celebrity-homes-sector-76-noida-pdpid-4d4235303237383030#cardid-83863503 "HTTP/1.1 200 OK"
2026-07-13 12:50:36,968 [INFO] HTTP Request: GET https://www.magicbricks.com/mahagun-manor-sector-50-noida-pdpid-4d4235303130323034#cardid-85463945 "HTTP/1.1 200 OK"
2026-07-13 12:50:42,353 [INFO] HTTP Request: GET https://www.magicbricks.com/supertech-capetown-sector-74-noida-pdpid-4d4235303137353133#cardid-82991791 "HTTP/1.1 200 OK"
2026-07-13 12:50:49,391 [INFO] HTTP Request: GET https://www.magicbricks.com/supertech-ecociti-sector-137-noida-pdpid-4d4235303137353239#cardid-83937675 "HTTP/1.1 200 OK"
2026-07-13 12:50:54,826 [INFO] HTTP Request: GET https://www.magicbricks.com/amrapali-silicon-city-sector-76-noida-pdpid-4d4235303233383639#cardid-85054991 "HTTP/1.1 200 OK"
2026-07-13 12:51:01,551 [INFO] HTTP Request: GET https://www.magicbricks.com/gateway-apartment-sector-51-noida-pdpid-4d4235303130383137#cardid-27467133 "HTTP/1.1 200 OK"
2026-07-13 12:51:01,965 [INFO] Detail-page enrichment complete: 38/38 listings got real coordinates
2026-07-13 12:51:01,966 [INFO] Scraped 38 total listings
2026-07-13 12:51:01,971 [INFO] Wrote 38 listings to scraped_listings.jsonl
2026-07-13 12:55:46,122 [INFO] No city name in config — reverse-geocoding (34.1526, 77.5771)...
2026-07-13 12:55:47,685 [INFO] Resolved city: Leh, state: Ladakh
2026-07-13 12:55:47,687 [INFO] Saved resolved values back to C:\Users\riddh\OneDrive\Desktop\skymark-grid-project\config.json
2026-07-13 12:55:47,693 [INFO] Starting MagicBricks scrape run
2026-07-13 12:55:48,237 [INFO] Bootstrapping session via Playwright: https://www.magicbricks.com/property-for-rent/residential-real-estate?cityName=Leh&page=1
2026-07-13 12:55:54,269 [INFO] Skipping likely-commercial listing:   Showroom for Rent in Housing colony Leh
2026-07-13 12:55:54,269 [INFO] Page 1: 2 listings parsed so far
2026-07-13 12:55:54,662 [INFO] Starting detail-page coordinate enrichment for 2 listings...
2026-07-13 12:55:59,882 [INFO] HTTP Request: GET https://www.magicbricks.com/propertyDetails/4-BHK-15-Sq-ft-Residential-House-FOR-Rent-in-Leh&id=4d423835313034393133#cardid-85104913 "HTTP/1.1 200 OK"
2026-07-13 12:56:05,335 [INFO] HTTP Request: GET https://www.magicbricks.com/propertyDetails/1-BHK-290-Sq-ft-Multistorey-Apartment-FOR-Rent-in-Leh&id=4d423439363738313234#cardid-49678124 "HTTP/1.1 200 OK"
2026-07-13 12:56:05,389 [INFO] Detail-page enrichment complete: 0/2 listings got real coordinates
2026-07-13 12:56:05,390 [INFO] Scraped 2 total listings
2026-07-13 12:56:05,391 [INFO] Wrote 2 listings to scraped_listings.jsonl
2026-07-13 13:05:20,414 [INFO] No city name in config — reverse-geocoding (17.4482, 78.3915)...
2026-07-13 13:05:21,425 [INFO] Resolved city: Hyderabad, state: Telangana
2026-07-13 13:05:21,427 [INFO] Saved resolved values back to C:\Users\riddh\OneDrive\Desktop\skymark-grid-project\config.json
2026-07-13 13:05:21,430 [INFO] Starting MagicBricks scrape run
2026-07-13 13:05:23,053 [INFO] Bootstrapping session via Playwright: https://www.magicbricks.com/property-for-rent/residential-real-estate?cityName=Hyderabad&page=1
2026-07-13 13:05:32,151 [INFO] Skipping likely-commercial listing:   Office Space for Rent in Laxmi Cyber City, Hitech City Hyderabad
2026-07-13 13:05:32,155 [INFO] Skipping likely-commercial listing:   Office Space for Rent in Banjara Hills, NH 9 Hyderabad
2026-07-13 13:05:32,177 [WARNING] Rejecting implausible monthly_rent=1462000.0 for cardid=84657537 (source text: 1462000) — outside the 1,000-1,000,000 sanity range.
2026-07-13 13:05:32,177 [INFO] Skipping likely-commercial listing:   Office Space for Rent in Kothaguda Hyderabad
2026-07-13 13:05:32,187 [INFO] Skipping likely-commercial listing:   Office Space for Rent in Jubilee Hills Hyderabad
2026-07-13 13:05:32,203 [INFO] Skipping likely-commercial listing:   Office Space for Rent in Doyens Colony, Serilingampally Hyderabad
2026-07-13 13:05:32,208 [INFO] Skipping likely-commercial listing:   Office Space for Rent in Ameerpet, NH 9 Hyderabad
2026-07-13 13:05:32,212 [INFO] Skipping likely-commercial listing:   Office Space for Rent in Telecom Nagar Gachibowli Hyderabad
2026-07-13 13:05:32,220 [INFO] Skipping likely-commercial listing:   Office Space for Rent in Sai Nagar Nagole Hyderabad
2026-07-13 13:05:32,224 [INFO] Skipping likely-commercial listing:   Office Space for Rent in Gachibowli Hyderabad
2026-07-13 13:05:32,232 [INFO] Skipping likely-commercial listing:   Office Space for Rent in Raja Rajeshwara Nagar Hyderabad
2026-07-13 13:05:32,236 [INFO] Skipping likely-commercial listing:   Office Space for Rent in Somajiguda, NH 9 Hyderabad
2026-07-13 13:05:32,241 [INFO] Skipping likely-commercial listing:   Office Space for Rent in Alwal Hyderabad
2026-07-13 13:05:32,244 [INFO] Skipping likely-commercial listing:   Office Space for Rent in Prashanti Nagar IDA Kukatpally Hyderabad
2026-07-13 13:05:32,247 [INFO] Skipping likely-commercial listing:  Warehouse/ Godown for Rent in Chandulal Baradari Hyderabad
2026-07-13 13:05:32,255 [INFO] Skipping likely-commercial listing:   Office Space for Rent in Punjagutta, NH 9 Hyderabad
2026-07-13 13:05:32,258 [INFO] Skipping likely-commercial listing:   Office Space for Rent in Gachibowli Hyderabad
2026-07-13 13:05:32,262 [INFO] Skipping likely-commercial listing:   Office Space for Rent in Shivam Road Hyderabad
2026-07-13 13:05:32,263 [INFO] Page 1: 13 listings parsed so far
2026-07-13 13:05:40,149 [INFO] HTTP Request: GET https://www.magicbricks.com/property-for-rent/residential-real-estate?cityName=Hyderabad&page=2 "HTTP/1.1 200 OK"
2026-07-13 13:05:40,454 [INFO] Skipping likely-commercial listing:   Office Space for Rent in Santosh Nagar Hyderabad
2026-07-13 13:05:40,459 [WARNING] Rejecting implausible monthly_rent=1400000.0 for cardid=84372025 (source text: 1400000) — outside the 1,000-1,000,000 sanity range.
2026-07-13 13:05:40,459 [INFO] Skipping likely-commercial listing:   Office Space for Rent in Nagendra Nagar Hyderabad
2026-07-13 13:05:40,464 [INFO] Skipping likely-commercial listing:   Office Space for Rent in Toli Chowki Hyderabad
2026-07-13 13:05:40,469 [INFO] Skipping likely-commercial listing:   Office Space for Rent in Chaitanyapuri, Kothapet Hyderabad
2026-07-13 13:05:40,473 [INFO] Skipping likely-commercial listing:   Showroom for Rent in Musheerabad Hyderabad
2026-07-13 13:05:40,478 [INFO] Skipping likely-commercial listing:   Office Space for Rent in Vittal Rao Nagar, Hitech City Hyderabad
2026-07-13 13:05:40,482 [INFO] Skipping likely-commercial listing:   Office Space for Rent in Vasanth Nagar, NH 9 Hyderabad
2026-07-13 13:05:40,504 [INFO] Skipping likely-commercial listing:   Showroom for Rent in Old Alwal Hyderabad
2026-07-13 13:05:40,508 [INFO] Skipping likely-commercial listing:   Office Space for Rent in Gachibowli Hyderabad
2026-07-13 13:05:40,517 [INFO] Skipping likely-commercial listing:   Office Space for Rent in Kalasiguda Hyderabad
2026-07-13 13:05:40,526 [INFO] Skipping likely-commercial listing:   Office Space for Rent in Uppal, NH 2 2 Hyderabad
2026-07-13 13:05:40,530 [INFO] Skipping likely-commercial listing:   Office Space for Rent in Gachibowli Hyderabad
2026-07-13 13:05:40,547 [INFO] Skipping likely-commercial listing:  Industrial Shed for Rent in Chandanvelly Road Hyderabad
2026-07-13 13:05:40,552 [INFO] Skipping likely-commercial listing:   Office Space for Rent in Gaddiannaram Hyderabad
2026-07-13 13:05:40,562 [INFO] Skipping likely-commercial listing:   Shop for Rent in Gandipet Hyderabad
2026-07-13 13:05:40,570 [INFO] Skipping likely-commercial listing:   Office Space for Rent in Madhapur Hyderabad
2026-07-13 13:05:40,571 [INFO] Page 2: +14 listings (running total: 27)
2026-07-13 13:05:40,571 [INFO] Starting detail-page coordinate enrichment for 27 listings...
2026-07-13 13:05:46,548 [INFO] HTTP Request: GET https://www.magicbricks.com/propertyDetails/3-BHK-2000-Sq-ft-Multistorey-Apartment-FOR-Rent-BL-Nagar-in-Hyderabad&id=4d423834373433333535#cardid-84743355 "HTTP/1.1 200 OK"
2026-07-13 13:05:50,323 [INFO] HTTP Request: GET https://www.magicbricks.com/aparna-serene-park-kondapur-hyderabad-pdpid-4d4235303937343131#cardid-80699485 "HTTP/1.1 200 OK"
2026-07-13 13:05:55,594 [INFO] HTTP Request: GET https://www.magicbricks.com/kondapur-kondapur-hyderabad-pdpid-4d4235313237363935#cardid-85372871 "HTTP/1.1 200 OK"
2026-07-13 13:06:02,499 [INFO] HTTP Request: GET https://www.magicbricks.com/phoenix-golf-edge-gachibowli-hyderabad-pdpid-4d4235303131363938#cardid-85428213 "HTTP/1.1 200 OK"
2026-07-13 13:06:08,458 [INFO] HTTP Request: GET https://www.magicbricks.com/raheja-vistas-nacharam-hyderabad-pdpid-4d4235303430373135#cardid-85045851 "HTTP/1.1 200 OK"
2026-07-13 13:06:13,431 [INFO] HTTP Request: GET https://www.magicbricks.com/jayabheri-the-summit-narsingi-hyderabad-pdpid-4d4235313136393333#cardid-85481241 "HTTP/1.1 200 OK"
2026-07-13 13:06:19,100 [INFO] HTTP Request: GET https://www.magicbricks.com/pranava-interlux-hitech-city-hyderabad-pdpid-4d4235333332333937#cardid-85300039 "HTTP/1.1 200 OK"
2026-07-13 13:06:26,655 [INFO] HTTP Request: GET https://www.magicbricks.com/sumadhura-the-olympus-financial-district-hyderabad-pdpid-4d4235333737373939#cardid-85488295 "HTTP/1.1 301 Moved Permanently"
2026-07-13 13:06:27,612 [INFO] HTTP Request: GET https://www.magicbricks.com/sumadhura-the-olympus-nanakram-guda-hyderabad-pdpid-4d4235333737373939#cardid-85488295 "HTTP/1.1 200 OK"
2026-07-13 13:06:33,752 [INFO] HTTP Request: GET https://www.magicbricks.com/trendset-winz-gachibowli-hyderabad-pdpid-4d4235303030313135#cardid-85420831 "HTTP/1.1 200 OK"
2026-07-13 13:06:38,546 [INFO] HTTP Request: GET https://www.magicbricks.com/prestige-ivy-league-hitech-city-hyderabad-pdpid-4d4235303736393837#cardid-84458813 "HTTP/1.1 200 OK"
2026-07-13 13:06:39,060 [INFO] Detail-page enrichment: 10/27 processed, 10 coordinates found so far
2026-07-13 13:06:44,920 [INFO] HTTP Request: GET https://www.magicbricks.com/candeur-crescent-serilingampally-hyderabad-pdpid-4d4235333332353339#cardid-85329175 "HTTP/1.1 200 OK"
2026-07-13 13:06:52,389 [INFO] HTTP Request: GET https://www.magicbricks.com/propertyDetails/3-BHK-2000-Sq-ft-Multistorey-Apartment-FOR-Rent-Manikonda-in-Hyderabad&id=4d423835343637303137#cardid-85467017 "HTTP/1.1 200 OK"
2026-07-13 13:07:00,160 [INFO] HTTP Request: GET https://www.magicbricks.com/propertyDetails/3200-Sq-ft-Commercial-Land-FOR-Rent-Kandlakoya-in-Hyderabad&id=4d423833313336393835#cardid-83136985 "HTTP/1.1 200 OK"
2026-07-13 13:07:05,403 [INFO] HTTP Request: GET https://www.magicbricks.com/praneeth-pranav-valley-bachupally-hyderabad-pdpid-4d4235303139353333#cardid-84222053 "HTTP/1.1 200 OK"
2026-07-13 13:07:11,600 [INFO] HTTP Request: GET https://www.magicbricks.com/propertyDetails/3-BHK-1880-Sq-ft-Multistorey-Apartment-FOR-Rent-Miyapur-in-Hyderabad&id=4d423834343432303835#cardid-84442085 "HTTP/1.1 200 OK"
2026-07-13 13:07:16,073 [INFO] HTTP Request: GET https://www.magicbricks.com/sandheera-bhavani-high-nest-isnapur-hyderabad-pdpid-4d4235333639343931#cardid-83843657 "HTTP/1.1 200 OK"
2026-07-13 13:07:22,185 [INFO] HTTP Request: GET https://www.magicbricks.com/patel-smondo-gachibowli-hyderabad-pdpid-4d4235303139363638#cardid-85444555 "HTTP/1.1 200 OK"
2026-07-13 13:07:29,689 [INFO] HTTP Request: GET https://www.magicbricks.com/sonthalia-fortune-sky-villas-kokapet-hyderabad-pdpid-4d4235313733313139#cardid-80633581 "HTTP/1.1 200 OK"
2026-07-13 13:07:35,910 [INFO] HTTP Request: GET https://www.magicbricks.com/ivr-hill-ridge-springs-gachibowli-hyderabad-pdpid-4d4235323638333433#cardid-84166905 "HTTP/1.1 200 OK"
2026-07-13 13:07:40,395 [INFO] HTTP Request: GET https://www.magicbricks.com/propertyDetails/3-BHK-4000-Sq-ft-Residential-House-FOR-Rent-Bowenpally-Market-Yard-Road-in-Hyderabad&id=4d423834323037313039#cardid-84207109 "HTTP/1.1 200 OK"
2026-07-13 13:07:40,542 [INFO] Detail-page enrichment: 20/27 processed, 20 coordinates found so far
2026-07-13 13:07:44,302 [INFO] HTTP Request: GET https://www.magicbricks.com/propertyDetails/4-BHK-2900-Sq-ft-Multistorey-Apartment-FOR-Rent-Venkat-Nagar-in-Hyderabad&id=4d423834333635333433#cardid-84365343 "HTTP/1.1 200 OK"
2026-07-13 13:07:49,213 [INFO] HTTP Request: GET https://www.magicbricks.com/nebula-aavaas-miyapur-hyderabad-pdpid-4d4235313139373131#cardid-85514853 "HTTP/1.1 200 OK"
2026-07-13 13:07:55,968 [INFO] HTTP Request: GET https://www.magicbricks.com/propertyDetails/3-BHK-2800-Sq-ft-Residential-House-FOR-Rent-Jubilee-Hills-Check-Post-Road-in-Hyderabad&id=4d423831303439313735#cardid-81049175 "HTTP/1.1 200 OK"
2026-07-13 13:08:00,992 [INFO] HTTP Request: GET https://www.magicbricks.com/propertyDetails/2-BHK-1500-Sq-ft-Multistorey-Apartment-FOR-Rent-Adibatla-in-Hyderabad&id=4d423833363337363535#cardid-83637655 "HTTP/1.1 200 OK"
2026-07-13 13:08:07,959 [INFO] HTTP Request: GET https://www.magicbricks.com/aurobindo-kohinoor-izzathnagar-hyderabad-pdpid-4d4235343138383431#cardid-83825117 "HTTP/1.1 200 OK"
2026-07-13 13:08:12,113 [INFO] HTTP Request: GET https://www.magicbricks.com/propertyDetails/3-BHK-3250-Sq-ft-Builder-Floor-Apartment-FOR-Rent-Banjara-Hills-in-Hyderabad&id=4d4238383433313232#cardid-8843122 "HTTP/1.1 200 OK"
2026-07-13 13:08:15,856 [INFO] HTTP Request: GET https://www.magicbricks.com/lansum-el-dorado-narsingi-hyderabad-pdpid-4d4235333236303539#cardid-85322697 "HTTP/1.1 200 OK"
2026-07-13 13:08:16,470 [INFO] Detail-page enrichment complete: 27/27 listings got real coordinates
2026-07-13 13:08:16,472 [INFO] Scraped 27 total listings
2026-07-13 13:08:16,478 [INFO] Wrote 27 listings to scraped_listings.jsonl
2026-07-13 13:09:03,307 [INFO] No city name in config — reverse-geocoding (23.0225, 72.525)...
2026-07-13 13:09:04,260 [INFO] Resolved city: Sarkhej, state: Gujarat
2026-07-13 13:09:04,261 [INFO] Saved resolved values back to C:\Users\riddh\OneDrive\Desktop\skymark-grid-project\config.json
2026-07-13 13:09:04,265 [INFO] Starting MagicBricks scrape run
2026-07-13 13:09:04,825 [INFO] Bootstrapping session via Playwright: https://www.magicbricks.com/property-for-rent/residential-real-estate?cityName=Sarkhej&page=1
2026-07-13 13:09:28,237 [WARNING] Listing card selector didn't show up — page may have been served a captcha/interstitial. Inspect a screenshot before assuming the scraper is broken vs. the selector being stale.
2026-07-13 13:10:05,133 [ERROR] Zero listing containers found. Diagnosis: NO-RESULTS PAGE (not a block): MagicBricks returned a legitimate 'no listings match these filters' page — e.g. this city may not support the full bedroom range or property-type list requested. Check bootstrap_debug.png to see exactly which filter got rejected; retrying the same request won't help, the search parameters need adjusting.
2026-07-13 13:10:05,133 [INFO] DOM parse returned nothing, trying JSON blob fallback...
2026-07-13 13:10:05,137 [INFO] Page 1: 0 listings parsed so far
2026-07-13 13:10:11,263 [INFO] HTTP Request: GET https://www.magicbricks.com/property-for-rent/residential-real-estate?cityName=Sarkhej&page=2 "HTTP/1.1 200 OK"
2026-07-13 13:10:11,339 [ERROR] Zero listing containers found. Diagnosis: UNKNOWN: neither a recognized bot-check marker nor a recognized no-results marker was found in the page — could be a genuine markup change on MagicBricks' side. Check bootstrap_debug.png directly.
2026-07-13 13:10:11,339 [INFO] DOM parse returned nothing, trying JSON blob fallback...
2026-07-13 13:10:11,341 [INFO] Page 2 returned 0 listings — assuming end of results, stopping.
2026-07-13 13:10:11,342 [INFO] Starting detail-page coordinate enrichment for 0 listings...
2026-07-13 13:10:11,342 [INFO] Detail-page enrichment complete: 0/0 listings got real coordinates
2026-07-13 13:10:11,344 [INFO] Scraped 0 total listings
2026-07-13 13:10:11,345 [INFO] Wrote 0 listings to scraped_listings.jsonl
2026-07-13 13:10:57,045 [INFO] No city name in config — reverse-geocoding (26.8467, 81.0072)...
2026-07-13 13:10:57,674 [INFO] Resolved city: Lucknow, state: Uttar Pradesh
2026-07-13 13:10:57,676 [INFO] Saved resolved values back to C:\Users\riddh\OneDrive\Desktop\skymark-grid-project\config.json
2026-07-13 13:10:57,682 [INFO] Starting MagicBricks scrape run
2026-07-13 13:10:58,252 [INFO] Bootstrapping session via Playwright: https://www.magicbricks.com/property-for-rent/residential-real-estate?cityName=Lucknow&page=1
2026-07-13 13:11:39,837 [INFO] Skipping likely-commercial listing:   Shop for Rent in RR Orchid Estate, Kanpur Road Lucknow
2026-07-13 13:11:39,849 [INFO] Skipping likely-commercial listing:   Office Space for Rent in Purvanchal Capital Tower, Vibhuti Khand Lucknow
2026-07-13 13:11:39,857 [INFO] Skipping likely-commercial listing:   Shop for Rent in Viraj Khand Lucknow
2026-07-13 13:11:39,865 [INFO] Skipping likely-commercial listing:   Showroom for Rent in Sector 2 Vikas Nagar Lucknow
2026-07-13 13:11:39,869 [INFO] Skipping likely-commercial listing:   Office Space for Rent in Vikas Nagar Lucknow
2026-07-13 13:11:39,878 [INFO] Skipping likely-commercial listing:   Showroom for Rent in Banthra Lucknow
2026-07-13 13:11:39,885 [INFO] Skipping likely-commercial listing:   Shop for Rent in Arjun Ganj Lucknow
2026-07-13 13:11:39,889 [INFO] Skipping likely-commercial listing:   Shop for Rent in Bijnor Road Lucknow
2026-07-13 13:11:39,892 [INFO] Skipping likely-commercial listing:   Office Space for Rent in Gomti Nagar Lucknow
2026-07-13 13:11:39,896 [INFO] Skipping likely-commercial listing:   Showroom for Rent in Jankipuram Extension Lucknow
2026-07-13 13:11:39,914 [INFO] Skipping likely-commercial listing:   Shop for Rent in Budheshwar Lucknow
2026-07-13 13:11:39,917 [INFO] Skipping likely-commercial listing:   Showroom for Rent in Shivaji Marg Lucknow
2026-07-13 13:11:39,920 [INFO] Skipping likely-commercial listing:   Office Space for Rent in Ratan Square, Hazratganj Lucknow
2026-07-13 13:11:39,927 [INFO] Skipping likely-commercial listing:   Showroom for Rent in Vishal Khand Lucknow
2026-07-13 13:11:39,937 [INFO] Skipping likely-commercial listing:   Office Space for Rent in Vikrant Khand Lucknow
2026-07-13 13:11:39,940 [INFO] Skipping likely-commercial listing:  Industrial Building for Rent in Sector 10 Indira Nagar Lucknow
2026-07-13 13:11:39,940 [INFO] Page 1: 14 listings parsed so far
2026-07-13 13:11:47,729 [INFO] HTTP Request: GET https://www.magicbricks.com/property-for-rent/residential-real-estate?cityName=Lucknow&page=2 "HTTP/1.1 200 OK"
2026-07-13 13:11:48,102 [INFO] Skipping likely-commercial listing:   Shop for Rent in Vijay Khand Lucknow
2026-07-13 13:11:48,108 [INFO] Skipping likely-commercial listing:   Office Space for Rent in Vibhuti Khand Lucknow
2026-07-13 13:11:48,118 [INFO] Skipping likely-commercial listing:   Shop for Rent in Gosainganj Lucknow
2026-07-13 13:11:48,123 [INFO] Skipping likely-commercial listing:   Showroom for Rent in Indralok Colony Lucknow
2026-07-13 13:11:48,133 [INFO] Skipping likely-commercial listing:  Warehouse/ Godown for Rent in Ram Nagar Colony Lucknow
2026-07-13 13:11:48,156 [INFO] Skipping likely-commercial listing:   Shop for Rent in Krishna Nagar Lucknow
2026-07-13 13:11:48,164 [INFO] Skipping likely-commercial listing:   Office Space for Rent in Vibhuti Khand Lucknow
2026-07-13 13:11:48,169 [INFO] Skipping likely-commercial listing:  Warehouse/ Godown for Rent in Harauni Road Lucknow
2026-07-13 13:11:48,176 [INFO] Skipping likely-commercial listing:   Office Space for Rent in Ahiran Khera Lucknow
2026-07-13 13:11:48,180 [INFO] Skipping likely-commercial listing:   Shop for Rent in Udaiganj Lucknow
2026-07-13 13:11:48,191 [INFO] Skipping likely-commercial listing:  Warehouse/ Godown for Rent in Bijnor Road Lucknow
2026-07-13 13:11:48,195 [INFO] Skipping likely-commercial listing:   Office Space for Rent in Ratan Square, Vidhan Sabha Marg Lucknow
2026-07-13 13:11:48,214 [INFO] Skipping likely-commercial listing:   Office Space for Rent in Mahanagar Lucknow
2026-07-13 13:11:48,220 [INFO] Skipping likely-commercial listing:   Office Space for Rent in Arjun Ganj Lucknow
2026-07-13 13:11:48,256 [INFO] Skipping likely-commercial listing:   Office Space for Rent in Sector 20 Indira Nagar Lucknow
2026-07-13 13:11:48,265 [WARNING] Rejecting implausible monthly_rent=1260000.0 for cardid=82720375 (source text: 1260000) — outside the 1,000-1,000,000 sanity range.
2026-07-13 13:11:48,266 [INFO] Skipping likely-commercial listing:   Office Space for Rent in Viraj Khand Lucknow
2026-07-13 13:11:48,272 [INFO] Skipping likely-commercial listing:   Office Space for Rent in Indira Nagar Lucknow
2026-07-13 13:11:48,280 [INFO] Skipping likely-commercial listing:   Office Space for Rent in Vikas Nagar Lucknow
2026-07-13 13:11:48,280 [INFO] Page 2: +12 listings (running total: 26)
2026-07-13 13:11:48,280 [INFO] Starting detail-page coordinate enrichment for 26 listings...
2026-07-13 13:11:52,834 [INFO] HTTP Request: GET https://www.magicbricks.com/purvanchal-kings-court-gomti-nagar-lucknow-pdpid-4d4235303934343631#cardid-85168369 "HTTP/1.1 200 OK"
2026-07-13 13:11:59,394 [INFO] HTTP Request: GET https://www.magicbricks.com/rohtas-pulmeria-gomti-nagar-lucknow-pdpid-4d4235303239323133#cardid-82351183 "HTTP/1.1 200 OK"
2026-07-13 13:12:06,066 [INFO] HTTP Request: GET https://www.magicbricks.com/propertyDetails/2-BHK-1400-Sq-ft-Multistorey-Apartment-FOR-Rent-Aliganj-in-Lucknow&id=4d423834313933373133#cardid-84193713 "HTTP/1.1 200 OK"
2026-07-13 13:12:12,244 [INFO] HTTP Request: GET https://www.magicbricks.com/viraj-bbd-green-city-faizabad-road-lucknow-pdpid-4d4235303031373638#cardid-83510161 "HTTP/1.1 200 OK"
2026-07-13 13:12:17,037 [INFO] HTTP Request: GET https://www.magicbricks.com/propertyDetails/2-BHK-1200-Sq-ft-Residential-House-FOR-Rent-Jankipuram-in-Lucknow&id=4d423833393238393531#cardid-83928951 "HTTP/1.1 200 OK"
2026-07-13 13:12:21,481 [INFO] HTTP Request: GET https://www.magicbricks.com/eldeco-city-breeze-madehgunj-lucknow-pdpid-4d4235303834383531#cardid-85429973 "HTTP/1.1 301 Moved Permanently"
2026-07-13 13:12:22,112 [INFO] HTTP Request: GET https://www.magicbricks.com/eldeco-city-breeze-sitapur-road-lucknow-pdpid-4d4235303834383531#cardid-85429973 "HTTP/1.1 200 OK"
2026-07-13 13:12:29,200 [INFO] HTTP Request: GET https://www.magicbricks.com/swapnil-sangam-bijnor-road-lucknow-pdpid-4d4235313136363235#cardid-85492593 "HTTP/1.1 200 OK"
2026-07-13 13:12:33,999 [INFO] HTTP Request: GET https://www.magicbricks.com/propertyDetails/2-BHK-1250-Sq-ft-Residential-House-FOR-Rent-Mayur-Vihar-in-Lucknow&id=4d423835343933303731#cardid-85493071 "HTTP/1.1 200 OK"
2026-07-13 13:12:42,118 [INFO] HTTP Request: GET https://www.magicbricks.com/lda-shravan-apartment-hindnagar-colony-lucknow-pdpid-4d4235323939353739#cardid-84804563 "HTTP/1.1 200 OK"
2026-07-13 13:12:50,463 [INFO] HTTP Request: GET https://www.magicbricks.com/propertyDetails/2-BHK-1400-Sq-ft-Residential-House-FOR-Rent-Nizampur-Malhaur-in-Lucknow&id=4d423831363134363535#cardid-81614655 "HTTP/1.1 200 OK"
2026-07-13 13:12:50,705 [INFO] Detail-page enrichment: 10/26 processed, 10 coordinates found so far
2026-07-13 13:12:55,002 [INFO] HTTP Request: GET https://www.magicbricks.com/propertyDetails/2-BHK-600-Sq-ft-Residential-House-FOR-Rent-Kalyanpur-West-in-Lucknow&id=4d423739393231313535#cardid-79921155 "HTTP/1.1 200 OK"
2026-07-13 13:13:00,100 [INFO] HTTP Request: GET https://www.magicbricks.com/propertyDetails/2-BHK-1400-Sq-ft-Residential-House-FOR-Rent-Sainik-Nagar-in-Lucknow&id=4d423834333831323131#cardid-84381211 "HTTP/1.1 200 OK"
2026-07-13 13:13:04,367 [INFO] HTTP Request: GET https://www.magicbricks.com/propertyDetails/2-BHK-2600-Sq-ft-Residential-House-FOR-Rent-Rashmi-Khand-in-Lucknow&id=4d423832383838333333#cardid-82888333 "HTTP/1.1 200 OK"
2026-07-13 13:13:09,110 [INFO] HTTP Request: GET https://www.magicbricks.com/prabhat-chauraha-jankipuram-lucknow-pdpid-4d4235343130333935#cardid-85067651 "HTTP/1.1 200 OK"
2026-07-13 13:13:12,571 [INFO] HTTP Request: GET https://www.magicbricks.com/propertyDetails/3-BHK-1800-Sq-ft-Residential-House-FOR-Rent-Gomtinagar-Extension-in-Lucknow&id=4d423835303136303639#cardid-85016069 "HTTP/1.1 200 OK"
2026-07-13 13:13:16,496 [INFO] HTTP Request: GET https://www.magicbricks.com/lda-kabir-nagar-devpur-para-multistoried-hans-khera-lucknow-pdpid-4d4235343336373431#cardid-84738897 "HTTP/1.1 200 OK"
2026-07-13 13:13:25,822 [INFO] HTTP Request: GET https://www.magicbricks.com/propertyDetails/44670-Sq-ft-Commercial-Land-FOR-Rent-Deva-Road-in-Lucknow&id=4d423834343631393935#cardid-84461995 "HTTP/1.1 200 OK"
2026-07-13 13:13:31,564 [INFO] HTTP Request: GET https://www.magicbricks.com/propertyDetails/2-BHK-1800-Sq-ft-Residential-House-FOR-Rent-Sector-K-Aliganj-in-Lucknow&id=4d423738373330363837#cardid-78730687 "HTTP/1.1 200 OK"
2026-07-13 13:13:35,690 [INFO] HTTP Request: GET https://www.magicbricks.com/propertyDetails/1-BHK-100-Sq-ft-Builder-Floor-Apartment-FOR-Rent-Gomti-Nagar-in-Lucknow&id=4d423835323232363733#cardid-85222673 "HTTP/1.1 200 OK"
2026-07-13 13:13:40,461 [INFO] HTTP Request: GET https://www.magicbricks.com/omaxe-hazratganj-residency-gomti-nagar-extension-bypass-road-lucknow-pdpid-4d4235313030323033#cardid-85498019 "HTTP/1.1 200 OK"
2026-07-13 13:13:41,223 [INFO] Detail-page enrichment: 20/26 processed, 20 coordinates found so far
2026-07-13 13:13:49,159 [INFO] HTTP Request: GET https://www.magicbricks.com/propertyDetails/2-BHK-1500-Sq-ft-Residential-House-FOR-Rent-Jankipuram-Extension-in-Lucknow&id=4d423833383639303635#cardid-83869065 "HTTP/1.1 200 OK"
2026-07-13 13:13:56,294 [INFO] HTTP Request: GET https://www.magicbricks.com/propertyDetails/3-BHK-1650-Sq-ft-Villa-FOR-Rent-BBD-Green-City-in-Lucknow&id=4d423833363333373033#cardid-83633703 "HTTP/1.1 200 OK"
2026-07-13 13:14:00,617 [INFO] HTTP Request: GET https://www.magicbricks.com/emaar-gomti-greens-gomtinagar-extension-lucknow-pdpid-4d4235303232343436#cardid-85216447 "HTTP/1.1 200 OK"
2026-07-13 13:14:07,254 [INFO] HTTP Request: GET https://www.magicbricks.com/propertyDetails/2-BHK-1100-Sq-ft-Residential-House-FOR-Rent-Kursi-Road-in-Lucknow&id=4d423834373031343437#cardid-84701447 "HTTP/1.1 200 OK"
2026-07-13 13:14:13,306 [INFO] HTTP Request: GET https://www.magicbricks.com/propertyDetails/3-BHK-2500-Sq-ft-Residential-House-FOR-Rent-in-Lucknow&id=4d423438363238353733#cardid-48628573 "HTTP/1.1 200 OK"
2026-07-13 13:14:19,158 [INFO] HTTP Request: GET https://www.magicbricks.com/propertyDetails/2800-Sq-ft-Commercial-Land-FOR-Rent-Kanchana-Bihari-Marg-in-Lucknow&id=4d423834373637333035#cardid-84767305 "HTTP/1.1 200 OK"
2026-07-13 13:14:19,219 [INFO] Detail-page enrichment complete: 25/26 listings got real coordinates
2026-07-13 13:14:19,220 [INFO] Scraped 26 total listings
2026-07-13 13:14:19,225 [INFO] Wrote 26 listings to scraped_listings.jsonl
2026-07-13 13:16:40,289 [INFO] No city name in config — reverse-geocoding (28.5074, 77.3912)...
2026-07-13 13:16:40,419 [INFO] Resolved city: Noida, state: Uttar Pradesh
2026-07-13 13:16:40,421 [INFO] Saved resolved values back to C:\Users\riddh\OneDrive\Desktop\skymark-grid-project\config.json
2026-07-13 13:16:40,424 [INFO] Starting MagicBricks scrape run
2026-07-13 13:16:41,325 [INFO] Bootstrapping session via Playwright: https://www.magicbricks.com/property-for-rent/residential-real-estate?cityName=Noida&page=1
2026-07-13 13:16:46,227 [INFO] Skipping likely-commercial listing:   Office Space for Rent in Sector 140A Noida
2026-07-13 13:16:46,262 [INFO] Skipping likely-commercial listing:   Office Space for Rent in Block A Sector 3 Noida
2026-07-13 13:16:46,270 [INFO] Skipping likely-commercial listing:   Office Space for Rent in Sector 62, NH 24 Noida
2026-07-13 13:16:46,275 [INFO] Skipping likely-commercial listing:   Office Space for Rent in Film City Noida
2026-07-13 13:16:46,283 [INFO] Skipping likely-commercial listing:  Industrial Building for Rent in Hosiery Complex, Noida Extension, Dadri Road Noida
2026-07-13 13:16:46,287 [WARNING] Rejecting implausible monthly_rent=1800000.0 for cardid=85094297 (source text: 1800000) — outside the 1,000-1,000,000 sanity range.
2026-07-13 13:16:46,288 [INFO] Skipping likely-commercial listing:   Office Space for Rent in Sector 140A Noida
2026-07-13 13:16:46,297 [INFO] Skipping likely-commercial listing:  Industrial Building for Rent in A Block Sector 63 Noida
2026-07-13 13:16:46,300 [INFO] Skipping likely-commercial listing:   Shop for Rent in Sector 93A, Noida Express Way Noida
2026-07-13 13:16:46,345 [INFO] Skipping likely-commercial listing:   Office Space for Rent in Sector 62, NH 24 Noida
2026-07-13 13:16:46,351 [WARNING] Rejecting implausible monthly_rent=1260000.0 for cardid=85452395 (source text: 1260000) — outside the 1,000-1,000,000 sanity range.
2026-07-13 13:16:46,352 [INFO] Skipping likely-commercial listing:  Industrial Building for Rent in Block C Sector 57 Noida
2026-07-13 13:16:46,352 [INFO] Page 1: 20 listings parsed so far
2026-07-13 13:16:53,565 [INFO] HTTP Request: GET https://www.magicbricks.com/property-for-rent/residential-real-estate?cityName=Noida&page=2 "HTTP/1.1 200 OK"
2026-07-13 13:16:54,084 [INFO] Skipping likely-commercial listing:   Shop for Rent in Sector 18, Noida sector 18 Metro Noida
2026-07-13 13:16:54,102 [INFO] Skipping likely-commercial listing:   Office Space for Rent in Sector 96 Noida
2026-07-13 13:16:54,114 [INFO] Skipping likely-commercial listing:   Office Space for Rent in Sector 154, Noida Express Way Noida
2026-07-13 13:16:54,141 [INFO] Skipping likely-commercial listing:   Office Space for Rent in Block B Sector 132 Noida
2026-07-13 13:16:54,166 [WARNING] Rejecting implausible monthly_rent=1200000.0 for cardid=83310679 (source text: 1200000) — outside the 1,000-1,000,000 sanity range.
2026-07-13 13:16:54,168 [INFO] Skipping likely-commercial listing:   Showroom for Rent in Sector 5 Noida
2026-07-13 13:16:54,183 [INFO] Skipping likely-commercial listing:  Industrial Land for Rent in Block A Phase 2 Noida Noida
2026-07-13 13:16:54,196 [INFO] Skipping likely-commercial listing:   Office Space for Rent in Industrial Area Noida
2026-07-13 13:16:54,201 [INFO] Skipping likely-commercial listing:   Office Space for Rent in Sector 18, Noida sector 18 Metro Noida
2026-07-13 13:16:54,207 [INFO] Skipping likely-commercial listing:   Office Space for Rent in Sector 18, Noida sector 18 Metro Noida
2026-07-13 13:16:54,218 [INFO] Skipping likely-commercial listing:  Warehouse/ Godown for Rent in Sector 70 Noida
2026-07-13 13:16:54,224 [INFO] Skipping likely-commercial listing:   Office Space for Rent in Sector 2 Noida
2026-07-13 13:16:54,234 [INFO] Skipping likely-commercial listing:   Office Space for Rent in Sector 90 Noida
2026-07-13 13:16:54,240 [INFO] Page 2: +18 listings (running total: 38)
2026-07-13 13:16:54,241 [INFO] Starting detail-page coordinate enrichment for 38 listings...
2026-07-13 13:16:57,656 [INFO] HTTP Request: GET https://www.magicbricks.com/aba-cleo-county-sector-121-noida-pdpid-4d4235303139303230#cardid-83303695 "HTTP/1.1 200 OK"
2026-07-13 13:17:02,560 [INFO] HTTP Request: GET https://www.magicbricks.com/ajnara-homes-noida-extension-noida-pdpid-4d4235303030393235#cardid-41287745 "HTTP/1.1 200 OK"
2026-07-13 13:17:07,214 [INFO] HTTP Request: GET https://www.magicbricks.com/jaypee-kosmos-sector-134-noida-pdpid-4d4235303030383436#cardid-84256721 "HTTP/1.1 200 OK"
2026-07-13 13:17:11,726 [INFO] HTTP Request: GET https://www.magicbricks.com/prateek-stylome-sector-45-noida-pdpid-4d4235303139353130#cardid-80680265 "HTTP/1.1 200 OK"
2026-07-13 13:17:15,936 [INFO] HTTP Request: GET https://www.magicbricks.com/propertyDetails/3-BHK-3302-Sq-ft-Multistorey-Apartment-FOR-Rent-Sector-108-Parx-Laureate-in-Noida&id=4d423536343231333933#cardid-56421393 "HTTP/1.1 200 OK"
2026-07-13 13:17:20,279 [INFO] HTTP Request: GET https://www.magicbricks.com/pearls-gateway-towers-sector-44-noida-pdpid-4d4235303130333138#cardid-85006209 "HTTP/1.1 200 OK"
2026-07-13 13:17:25,428 [INFO] HTTP Request: GET https://www.magicbricks.com/gulshan-dynasty-sector-144-noida-pdpid-4d4235313330393031#cardid-79645625 "HTTP/1.1 200 OK"
2026-07-13 13:17:29,643 [INFO] HTTP Request: GET https://www.magicbricks.com/aba-cleo-county-sector-121-noida-pdpid-4d4235303139303230#cardid-82980771 "HTTP/1.1 200 OK"
2026-07-13 13:17:34,321 [INFO] HTTP Request: GET https://www.magicbricks.com/aba-cleo-county-sector-121-noida-pdpid-4d4235303139303230#cardid-84082387 "HTTP/1.1 200 OK"
2026-07-13 13:17:38,628 [INFO] HTTP Request: GET https://www.magicbricks.com/prateek-stylome-sector-45-noida-pdpid-4d4235303139353130#cardid-85489835 "HTTP/1.1 200 OK"
2026-07-13 13:17:38,932 [INFO] Detail-page enrichment: 10/38 processed, 10 coordinates found so far
2026-07-13 13:17:44,523 [INFO] HTTP Request: GET https://www.magicbricks.com/kalpataru-vista-sultanpur-noida-pdpid-4d4235313135383335#cardid-85223913 "HTTP/1.1 301 Moved Permanently"
2026-07-13 13:17:44,732 [INFO] HTTP Request: GET https://www.magicbricks.com/kalpataru-vista-sector-128-noida-pdpid-4d4235313135383335#cardid-85223913 "HTTP/1.1 200 OK"
2026-07-13 13:17:49,986 [INFO] HTTP Request: GET https://www.magicbricks.com/gaur-city-14th-avenue-noida-extension-noida-pdpid-4d4235323234343431#cardid-85412461 "HTTP/1.1 200 OK"
2026-07-13 13:17:55,646 [INFO] HTTP Request: GET https://www.magicbricks.com/grand-ajnara-heritage-sector-74-noida-pdpid-4d4235303233393931#cardid-82467133 "HTTP/1.1 200 OK"
2026-07-13 13:17:59,320 [INFO] HTTP Request: GET https://www.magicbricks.com/jaypee-greens-knights-court-sector-128-noida-pdpid-4d4235303235383036#cardid-85406583 "HTTP/1.1 200 OK"
2026-07-13 13:18:04,911 [INFO] HTTP Request: GET https://www.magicbricks.com/eldeco-live-by-the-greens-sector-150-noida-pdpid-4d4235313139363239#cardid-85195455 "HTTP/1.1 200 OK"
2026-07-13 13:18:11,391 [INFO] HTTP Request: GET https://www.magicbricks.com/propertyDetails/3-BHK-2510-Sq-ft-Multistorey-Apartment-FOR-Rent-Sector-75-in-Noida&id=4d423834383236343533#cardid-84826453 "HTTP/1.1 200 OK"
2026-07-13 13:18:16,472 [INFO] HTTP Request: GET https://www.magicbricks.com/jaypee-wish-town-klassic-sector-129-noida-pdpid-4d4235303130313439#cardid-84647849 "HTTP/1.1 200 OK"
2026-07-13 13:18:20,899 [INFO] HTTP Request: GET https://www.magicbricks.com/kalpataru-vista-sector-128-noida-pdpid-4d4235313135383335#cardid-85166909 "HTTP/1.1 200 OK"
2026-07-13 13:18:26,478 [INFO] HTTP Request: GET https://www.magicbricks.com/ivy-county-sector-75-noida-pdpid-4d4235313236393639#cardid-85195443 "HTTP/1.1 200 OK"
2026-07-13 13:18:31,148 [INFO] HTTP Request: GET https://www.magicbricks.com/royal-nest-noida-extension-noida-pdpid-4d4235303933393337#cardid-85362321 "HTTP/1.1 200 OK"
2026-07-13 13:18:31,773 [INFO] Detail-page enrichment: 20/38 processed, 20 coordinates found so far
2026-07-13 13:18:35,981 [INFO] HTTP Request: GET https://www.magicbricks.com/panchsheel-pratishtha-sector-75-noida-pdpid-4d4235303139383038#cardid-82774183 "HTTP/1.1 200 OK"
2026-07-13 13:18:42,189 [INFO] HTTP Request: GET https://www.magicbricks.com/aba-cleo-county-sector-121-noida-pdpid-4d4235303139303230#cardid-84266103 "HTTP/1.1 200 OK"
2026-07-13 13:18:47,626 [INFO] HTTP Request: GET https://www.magicbricks.com/samridhi-luxuriya-avenue-sector-150-noida-pdpid-4d4235303833353733#cardid-82000853 "HTTP/1.1 200 OK"
2026-07-13 13:18:54,722 [INFO] HTTP Request: GET https://www.magicbricks.com/jaypee-greens-imperial-court-sector-128-noida-pdpid-4d4235303235313135#cardid-84344239 "HTTP/1.1 200 OK"
2026-07-13 13:19:01,362 [INFO] HTTP Request: GET https://www.magicbricks.com/civitech-stadia-sector-79-noida-pdpid-4d4235303232393932#cardid-83539221 "HTTP/1.1 200 OK"
2026-07-13 13:19:05,050 [INFO] HTTP Request: GET https://www.magicbricks.com/ivy-county-sector-75-noida-pdpid-4d4235313236393639#cardid-84414117 "HTTP/1.1 200 OK"
2026-07-13 13:19:08,436 [INFO] HTTP Request: GET https://www.magicbricks.com/mahagun-moderne-sector-78-noida-pdpid-4d4235303230373436#cardid-55945075 "HTTP/1.1 200 OK"
2026-07-13 13:19:14,272 [INFO] HTTP Request: GET https://www.magicbricks.com/amrapali-princely-estate-sector-76-noida-pdpid-4d4235303030383638#cardid-84553355 "HTTP/1.1 200 OK"
2026-07-13 13:19:20,071 [INFO] HTTP Request: GET https://www.magicbricks.com/aba-cleo-county-sector-121-noida-pdpid-4d4235303139303230#cardid-79112525 "HTTP/1.1 200 OK"
2026-07-13 13:19:23,988 [INFO] HTTP Request: GET https://www.magicbricks.com/propertyDetails/3-BHK-2700-Sq-ft-Residential-House-FOR-Rent-Sector-46-Block-A-in-Noida&id=4d423834303336353031#cardid-84036501 "HTTP/1.1 200 OK"
2026-07-13 13:19:24,177 [INFO] Detail-page enrichment: 30/38 processed, 30 coordinates found so far
2026-07-13 13:19:30,038 [INFO] HTTP Request: GET https://www.magicbricks.com/propertyDetails/3-BHK-1695-Sq-ft-Multistorey-Apartment-FOR-Rent-Sector-143-in-Noida&id=4d423832313930363435#cardid-82190645 "HTTP/1.1 200 OK"
2026-07-13 13:19:34,656 [INFO] HTTP Request: GET https://www.magicbricks.com/gulshan-bellina-noida-extension-noida-pdpid-4d4235303730363734#cardid-85181755 "HTTP/1.1 200 OK"
2026-07-13 13:19:39,459 [INFO] HTTP Request: GET https://www.magicbricks.com/aditya-celebrity-homes-sector-76-noida-pdpid-4d4235303237383030#cardid-83863503 "HTTP/1.1 200 OK"
2026-07-13 13:19:44,056 [INFO] HTTP Request: GET https://www.magicbricks.com/mahagun-manor-sector-50-noida-pdpid-4d4235303130323034#cardid-85463945 "HTTP/1.1 200 OK"
2026-07-13 13:19:47,694 [INFO] HTTP Request: GET https://www.magicbricks.com/supertech-capetown-sector-74-noida-pdpid-4d4235303137353133#cardid-82991791 "HTTP/1.1 200 OK"
2026-07-13 13:19:51,389 [INFO] HTTP Request: GET https://www.magicbricks.com/supertech-ecociti-sector-137-noida-pdpid-4d4235303137353239#cardid-83937675 "HTTP/1.1 200 OK"
2026-07-13 13:19:58,171 [INFO] HTTP Request: GET https://www.magicbricks.com/amrapali-silicon-city-sector-76-noida-pdpid-4d4235303233383639#cardid-85054991 "HTTP/1.1 200 OK"
2026-07-13 13:20:02,456 [INFO] HTTP Request: GET https://www.magicbricks.com/gateway-apartment-sector-51-noida-pdpid-4d4235303130383137#cardid-27467133 "HTTP/1.1 200 OK"
2026-07-13 13:20:02,720 [INFO] Detail-page enrichment complete: 38/38 listings got real coordinates
2026-07-13 13:20:02,721 [INFO] Scraped 38 total listings
2026-07-13 13:20:02,725 [INFO] Wrote 38 listings to scraped_listings.jsonl
2026-07-13 13:21:07,977 [INFO] No city name in config — reverse-geocoding (28.5074, 77.3912)...
2026-07-13 13:21:08,098 [INFO] Resolved city: Noida, state: Uttar Pradesh
2026-07-13 13:21:08,100 [INFO] Saved resolved values back to C:\Users\riddh\OneDrive\Desktop\skymark-grid-project\config.json
2026-07-13 13:21:08,104 [INFO] Starting MagicBricks scrape run
2026-07-13 13:21:09,337 [INFO] Bootstrapping session via Playwright: https://www.magicbricks.com/property-for-rent/residential-real-estate?cityName=Noida&page=1
2026-07-13 13:21:41,159 [INFO] Skipping likely-commercial listing:   Office Space for Rent in Sector 140A Noida
2026-07-13 13:21:41,192 [INFO] Skipping likely-commercial listing:   Office Space for Rent in Block A Sector 3 Noida
2026-07-13 13:21:41,202 [INFO] Skipping likely-commercial listing:   Office Space for Rent in Sector 62, NH 24 Noida
2026-07-13 13:21:41,206 [INFO] Skipping likely-commercial listing:   Office Space for Rent in Film City Noida
2026-07-13 13:21:41,212 [INFO] Skipping likely-commercial listing:  Industrial Building for Rent in Hosiery Complex, Noida Extension, Dadri Road Noida
2026-07-13 13:21:41,217 [WARNING] Rejecting implausible monthly_rent=1800000.0 for cardid=85094297 (source text: 1800000) — outside the 1,000-1,000,000 sanity range.
2026-07-13 13:21:41,217 [INFO] Skipping likely-commercial listing:   Office Space for Rent in Sector 140A Noida
2026-07-13 13:21:41,224 [INFO] Skipping likely-commercial listing:  Industrial Building for Rent in A Block Sector 63 Noida
2026-07-13 13:21:41,230 [INFO] Skipping likely-commercial listing:   Shop for Rent in Sector 93A, Noida Express Way Noida
2026-07-13 13:21:41,264 [INFO] Skipping likely-commercial listing:   Office Space for Rent in Sector 62, NH 24 Noida
2026-07-13 13:21:41,268 [WARNING] Rejecting implausible monthly_rent=1260000.0 for cardid=85452395 (source text: 1260000) — outside the 1,000-1,000,000 sanity range.
2026-07-13 13:21:41,268 [INFO] Skipping likely-commercial listing:  Industrial Building for Rent in Block C Sector 57 Noida
2026-07-13 13:21:41,268 [INFO] Page 1: 20 listings parsed so far
2026-07-13 13:21:48,114 [INFO] HTTP Request: GET https://www.magicbricks.com/property-for-rent/residential-real-estate?cityName=Noida&page=2 "HTTP/1.1 200 OK"
2026-07-13 13:21:48,797 [INFO] Skipping likely-commercial listing:   Shop for Rent in Sector 18, Noida sector 18 Metro Noida
2026-07-13 13:21:48,810 [INFO] Skipping likely-commercial listing:   Office Space for Rent in Sector 96 Noida
2026-07-13 13:21:48,818 [INFO] Skipping likely-commercial listing:   Office Space for Rent in Sector 154, Noida Express Way Noida
2026-07-13 13:21:48,839 [INFO] Skipping likely-commercial listing:   Office Space for Rent in Block B Sector 132 Noida
2026-07-13 13:21:48,862 [WARNING] Rejecting implausible monthly_rent=1200000.0 for cardid=83310679 (source text: 1200000) — outside the 1,000-1,000,000 sanity range.
2026-07-13 13:21:48,863 [INFO] Skipping likely-commercial listing:   Showroom for Rent in Sector 5 Noida
2026-07-13 13:21:48,875 [INFO] Skipping likely-commercial listing:  Industrial Land for Rent in Block A Phase 2 Noida Noida
2026-07-13 13:21:48,884 [INFO] Skipping likely-commercial listing:   Office Space for Rent in Industrial Area Noida
2026-07-13 13:21:48,887 [INFO] Skipping likely-commercial listing:   Office Space for Rent in Sector 18, Noida sector 18 Metro Noida
2026-07-13 13:21:48,892 [INFO] Skipping likely-commercial listing:   Office Space for Rent in Sector 18, Noida sector 18 Metro Noida
2026-07-13 13:21:48,900 [INFO] Skipping likely-commercial listing:  Warehouse/ Godown for Rent in Sector 70 Noida
2026-07-13 13:21:48,904 [INFO] Skipping likely-commercial listing:   Office Space for Rent in Sector 2 Noida
2026-07-13 13:21:48,912 [INFO] Skipping likely-commercial listing:   Office Space for Rent in Sector 90 Noida
2026-07-13 13:21:48,916 [INFO] Page 2: +18 listings (running total: 38)
2026-07-13 13:21:52,554 [INFO] HTTP Request: GET https://www.magicbricks.com/property-for-rent/residential-real-estate?cityName=Noida&page=3 "HTTP/1.1 200 OK"
2026-07-13 13:21:52,892 [INFO] Skipping likely-commercial listing:   Shop for Rent in Block C Sector 41 Noida
2026-07-13 13:21:52,897 [INFO] Skipping likely-commercial listing:   Office Space for Rent in A Block Sector 83 Noida
2026-07-13 13:21:52,900 [INFO] Skipping likely-commercial listing:   Office Space for Rent in Sector 10 Noida
2026-07-13 13:21:52,918 [INFO] Skipping likely-commercial listing:   Office Space for Rent in Noida Extension Noida
2026-07-13 13:21:52,927 [INFO] Skipping likely-commercial listing:   Office Space for Rent in Sector 125, Noida Express Way Noida
2026-07-13 13:21:52,935 [INFO] Skipping likely-commercial listing:   Office Space for Rent in Block A Sector 59 Noida
2026-07-13 13:21:52,945 [INFO] Skipping likely-commercial listing:   Office Space for Rent in Block E Sector 3 Noida
2026-07-13 13:21:52,965 [INFO] Skipping likely-commercial listing:   Office Space for Rent in Sector 140A Noida
2026-07-13 13:21:52,970 [INFO] Skipping likely-commercial listing:   Office Space for Rent in Noida Greater Noida Expressway Noida
2026-07-13 13:21:52,977 [INFO] Skipping likely-commercial listing:   Shop for Rent in Aghapur, Sector 41 Noida
2026-07-13 13:21:52,990 [INFO] Skipping likely-commercial listing:   Office Space for Rent in B Block Sector 63 Noida
2026-07-13 13:21:53,006 [INFO] Skipping likely-commercial listing:   Office Space for Rent in Sector 16 Noida
2026-07-13 13:21:53,014 [INFO] Skipping likely-commercial listing:   Office Space for Rent in Pocket A Sector 18 Noida
2026-07-13 13:21:53,014 [INFO] Page 3: +17 listings (running total: 55)
2026-07-13 13:21:53,014 [INFO] Starting detail-page coordinate enrichment for 55 listings...
2026-07-13 13:21:55,970 [INFO] HTTP Request: GET https://www.magicbricks.com/aba-cleo-county-sector-121-noida-pdpid-4d4235303139303230#cardid-83303695 "HTTP/1.1 200 OK"
2026-07-13 13:22:00,263 [INFO] HTTP Request: GET https://www.magicbricks.com/ajnara-homes-noida-extension-noida-pdpid-4d4235303030393235#cardid-41287745 "HTTP/1.1 200 OK"
2026-07-13 13:22:05,227 [INFO] HTTP Request: GET https://www.magicbricks.com/jaypee-kosmos-sector-134-noida-pdpid-4d4235303030383436#cardid-84256721 "HTTP/1.1 200 OK"
2026-07-13 13:22:10,119 [INFO] HTTP Request: GET https://www.magicbricks.com/prateek-stylome-sector-45-noida-pdpid-4d4235303139353130#cardid-80680265 "HTTP/1.1 200 OK"
2026-07-13 13:22:16,700 [INFO] HTTP Request: GET https://www.magicbricks.com/propertyDetails/3-BHK-3302-Sq-ft-Multistorey-Apartment-FOR-Rent-Sector-108-Parx-Laureate-in-Noida&id=4d423536343231333933#cardid-56421393 "HTTP/1.1 200 OK"
2026-07-13 13:22:20,283 [INFO] HTTP Request: GET https://www.magicbricks.com/pearls-gateway-towers-sector-44-noida-pdpid-4d4235303130333138#cardid-85006209 "HTTP/1.1 200 OK"
2026-07-13 13:22:24,528 [INFO] HTTP Request: GET https://www.magicbricks.com/gulshan-dynasty-sector-144-noida-pdpid-4d4235313330393031#cardid-79645625 "HTTP/1.1 200 OK"
2026-07-13 13:22:29,817 [INFO] HTTP Request: GET https://www.magicbricks.com/aba-cleo-county-sector-121-noida-pdpid-4d4235303139303230#cardid-82980771 "HTTP/1.1 200 OK"
2026-07-13 13:22:33,959 [INFO] HTTP Request: GET https://www.magicbricks.com/aba-cleo-county-sector-121-noida-pdpid-4d4235303139303230#cardid-84082387 "HTTP/1.1 200 OK"
2026-07-13 13:22:38,933 [INFO] HTTP Request: GET https://www.magicbricks.com/prateek-stylome-sector-45-noida-pdpid-4d4235303139353130#cardid-85489835 "HTTP/1.1 200 OK"
2026-07-13 13:22:39,334 [INFO] Detail-page enrichment: 10/55 processed, 10 coordinates found so far
2026-07-13 13:22:44,076 [INFO] HTTP Request: GET https://www.magicbricks.com/kalpataru-vista-sultanpur-noida-pdpid-4d4235313135383335#cardid-85223913 "HTTP/1.1 301 Moved Permanently"
2026-07-13 13:22:44,302 [INFO] HTTP Request: GET https://www.magicbricks.com/kalpataru-vista-sector-128-noida-pdpid-4d4235313135383335#cardid-85223913 "HTTP/1.1 200 OK"
2026-07-13 13:22:49,323 [INFO] HTTP Request: GET https://www.magicbricks.com/gaur-city-14th-avenue-noida-extension-noida-pdpid-4d4235323234343431#cardid-85412461 "HTTP/1.1 200 OK"
2026-07-13 13:22:54,711 [INFO] HTTP Request: GET https://www.magicbricks.com/grand-ajnara-heritage-sector-74-noida-pdpid-4d4235303233393931#cardid-82467133 "HTTP/1.1 200 OK"
2026-07-13 13:23:00,172 [INFO] HTTP Request: GET https://www.magicbricks.com/jaypee-greens-knights-court-sector-128-noida-pdpid-4d4235303235383036#cardid-85406583 "HTTP/1.1 200 OK"
2026-07-13 13:23:05,996 [INFO] HTTP Request: GET https://www.magicbricks.com/eldeco-live-by-the-greens-sector-150-noida-pdpid-4d4235313139363239#cardid-85195455 "HTTP/1.1 200 OK"
2026-07-13 13:23:10,614 [INFO] HTTP Request: GET https://www.magicbricks.com/propertyDetails/3-BHK-2510-Sq-ft-Multistorey-Apartment-FOR-Rent-Sector-75-in-Noida&id=4d423834383236343533#cardid-84826453 "HTTP/1.1 200 OK"
2026-07-13 13:23:14,331 [INFO] HTTP Request: GET https://www.magicbricks.com/jaypee-wish-town-klassic-sector-129-noida-pdpid-4d4235303130313439#cardid-84647849 "HTTP/1.1 200 OK"
2026-07-13 13:23:19,124 [INFO] HTTP Request: GET https://www.magicbricks.com/kalpataru-vista-sector-128-noida-pdpid-4d4235313135383335#cardid-85166909 "HTTP/1.1 200 OK"
2026-07-13 13:23:23,821 [INFO] HTTP Request: GET https://www.magicbricks.com/ivy-county-sector-75-noida-pdpid-4d4235313236393639#cardid-85195443 "HTTP/1.1 200 OK"
2026-07-13 13:23:28,696 [INFO] HTTP Request: GET https://www.magicbricks.com/royal-nest-noida-extension-noida-pdpid-4d4235303933393337#cardid-85362321 "HTTP/1.1 200 OK"
2026-07-13 13:23:29,543 [INFO] Detail-page enrichment: 20/55 processed, 20 coordinates found so far
2026-07-13 13:23:33,260 [INFO] HTTP Request: GET https://www.magicbricks.com/panchsheel-pratishtha-sector-75-noida-pdpid-4d4235303139383038#cardid-82774183 "HTTP/1.1 200 OK"
2026-07-13 13:23:38,956 [INFO] HTTP Request: GET https://www.magicbricks.com/aba-cleo-county-sector-121-noida-pdpid-4d4235303139303230#cardid-84266103 "HTTP/1.1 200 OK"
2026-07-13 13:23:43,163 [INFO] HTTP Request: GET https://www.magicbricks.com/samridhi-luxuriya-avenue-sector-150-noida-pdpid-4d4235303833353733#cardid-82000853 "HTTP/1.1 200 OK"
2026-07-13 13:23:49,334 [INFO] HTTP Request: GET https://www.magicbricks.com/jaypee-greens-imperial-court-sector-128-noida-pdpid-4d4235303235313135#cardid-84344239 "HTTP/1.1 200 OK"
2026-07-13 13:23:54,675 [INFO] HTTP Request: GET https://www.magicbricks.com/civitech-stadia-sector-79-noida-pdpid-4d4235303232393932#cardid-83539221 "HTTP/1.1 200 OK"
2026-07-13 13:23:58,516 [INFO] HTTP Request: GET https://www.magicbricks.com/ivy-county-sector-75-noida-pdpid-4d4235313236393639#cardid-84414117 "HTTP/1.1 200 OK"
2026-07-13 13:24:02,482 [INFO] HTTP Request: GET https://www.magicbricks.com/mahagun-moderne-sector-78-noida-pdpid-4d4235303230373436#cardid-55945075 "HTTP/1.1 200 OK"
2026-07-13 13:24:06,542 [INFO] HTTP Request: GET https://www.magicbricks.com/amrapali-princely-estate-sector-76-noida-pdpid-4d4235303030383638#cardid-84553355 "HTTP/1.1 200 OK"
2026-07-13 13:24:12,247 [INFO] HTTP Request: GET https://www.magicbricks.com/aba-cleo-county-sector-121-noida-pdpid-4d4235303139303230#cardid-79112525 "HTTP/1.1 200 OK"
2026-07-13 13:24:18,876 [INFO] HTTP Request: GET https://www.magicbricks.com/propertyDetails/3-BHK-2700-Sq-ft-Residential-House-FOR-Rent-Sector-46-Block-A-in-Noida&id=4d423834303336353031#cardid-84036501 "HTTP/1.1 200 OK"
2026-07-13 13:24:19,034 [INFO] Detail-page enrichment: 30/55 processed, 30 coordinates found so far
2026-07-13 13:24:25,362 [INFO] HTTP Request: GET https://www.magicbricks.com/propertyDetails/3-BHK-1695-Sq-ft-Multistorey-Apartment-FOR-Rent-Sector-143-in-Noida&id=4d423832313930363435#cardid-82190645 "HTTP/1.1 200 OK"
2026-07-13 13:24:29,171 [INFO] HTTP Request: GET https://www.magicbricks.com/gulshan-bellina-noida-extension-noida-pdpid-4d4235303730363734#cardid-85181755 "HTTP/1.1 200 OK"
2026-07-13 13:24:34,944 [INFO] HTTP Request: GET https://www.magicbricks.com/aditya-celebrity-homes-sector-76-noida-pdpid-4d4235303237383030#cardid-83863503 "HTTP/1.1 200 OK"
2026-07-13 13:24:43,597 [INFO] HTTP Request: GET https://www.magicbricks.com/mahagun-manor-sector-50-noida-pdpid-4d4235303130323034#cardid-85463945 "HTTP/1.1 200 OK"
2026-07-13 13:24:48,394 [INFO] HTTP Request: GET https://www.magicbricks.com/supertech-capetown-sector-74-noida-pdpid-4d4235303137353133#cardid-82991791 "HTTP/1.1 200 OK"
2026-07-13 13:24:53,828 [INFO] HTTP Request: GET https://www.magicbricks.com/supertech-ecociti-sector-137-noida-pdpid-4d4235303137353239#cardid-83937675 "HTTP/1.1 200 OK"
2026-07-13 13:24:59,357 [INFO] HTTP Request: GET https://www.magicbricks.com/amrapali-silicon-city-sector-76-noida-pdpid-4d4235303233383639#cardid-85054991 "HTTP/1.1 200 OK"
2026-07-13 13:25:04,172 [INFO] HTTP Request: GET https://www.magicbricks.com/gateway-apartment-sector-51-noida-pdpid-4d4235303130383137#cardid-27467133 "HTTP/1.1 200 OK"
2026-07-13 13:25:09,093 [INFO] HTTP Request: GET https://www.magicbricks.com/propertyDetails/3-BHK-1540-Sq-ft-Multistorey-Apartment-FOR-Rent-Sector-143-in-Noida&id=4d423834313930333531#cardid-84190351 "HTTP/1.1 200 OK"
2026-07-13 13:25:17,999 [INFO] HTTP Request: GET https://www.magicbricks.com/propertyDetails/3-BHK-1350-Sq-ft-Multistorey-Apartment-FOR-Rent-Sector-107-in-Noida&id=4d423833393031373137#cardid-83901717 "HTTP/1.1 200 OK"
2026-07-13 13:25:18,240 [INFO] Detail-page enrichment: 40/55 processed, 40 coordinates found so far
2026-07-13 13:25:23,133 [INFO] HTTP Request: GET https://www.magicbricks.com/habitech-panchtatva-noida-extension-noida-pdpid-4d4235303139303039#cardid-84365545 "HTTP/1.1 200 OK"
2026-07-13 13:25:31,097 [INFO] HTTP Request: GET https://www.magicbricks.com/propertyDetails/3-BHK-1500-Sq-ft-Residential-House-FOR-Rent-Sector-45-in-Noida&id=4d423835303434333031#cardid-85044301 "HTTP/1.1 200 OK"
2026-07-13 13:25:36,110 [INFO] HTTP Request: GET https://www.magicbricks.com/ats-nobility-sector-4-noida-pdpid-4d4235313234333731#cardid-85168291 "HTTP/1.1 301 Moved Permanently"
2026-07-13 13:25:37,096 [INFO] HTTP Request: GET https://www.magicbricks.com/ats-nobility-noida-extension-noida-pdpid-4d4235313234333731#cardid-85168291 "HTTP/1.1 200 OK"
2026-07-13 13:25:41,445 [INFO] HTTP Request: GET https://www.magicbricks.com/propertyDetails/1-BHK-120-Sq-ft-Builder-Floor-Apartment-FOR-Rent-Sector-82-in-Noida&id=4d4239343636333935#cardid-9466395 "HTTP/1.1 200 OK"
2026-07-13 13:25:45,728 [INFO] HTTP Request: GET https://www.magicbricks.com/propertyDetails/3-BHK-1582-Sq-ft-Multistorey-Apartment-FOR-Rent-Sector-131-in-Noida&id=4d423835323639343637#cardid-85269467 "HTTP/1.1 200 OK"
2026-07-13 13:25:49,765 [INFO] HTTP Request: GET https://www.magicbricks.com/ace-starlit-noida-greater-noida-expressway-noida-pdpid-4d4235323930333931#cardid-84693871 "HTTP/1.1 301 Moved Permanently"
2026-07-13 13:25:50,319 [INFO] HTTP Request: GET https://www.magicbricks.com/ace-starlit-sector-152-noida-pdpid-4d4235323930333931#cardid-84693871 "HTTP/1.1 200 OK"
2026-07-13 13:25:55,466 [INFO] HTTP Request: GET https://www.magicbricks.com/godrej-woods-sector-43-block-a-noida-pdpid-4d4235323330313731#cardid-85327247 "HTTP/1.1 301 Moved Permanently"
2026-07-13 13:25:57,936 [INFO] HTTP Request: GET https://www.magicbricks.com/godrej-woods-sector-43-noida-pdpid-4d4235323330313731#cardid-85327247 "HTTP/1.1 200 OK"
2026-07-13 13:26:02,528 [INFO] HTTP Request: GET https://www.magicbricks.com/rwa-metro-apartments-sector-71-pocket-b-noida-pdpid-4d4235303131303731#cardid-84962673 "HTTP/1.1 301 Moved Permanently"
2026-07-13 13:26:03,373 [INFO] HTTP Request: GET https://www.magicbricks.com/rwa-metro-apartments-sector-71-noida-pdpid-4d4235303131303731#cardid-84962673 "HTTP/1.1 200 OK"
2026-07-13 13:26:08,405 [INFO] HTTP Request: GET https://www.magicbricks.com/logix-infotech-park-sector-59-noida-pdpid-4d4235323435353039#cardid-85009775 "HTTP/1.1 200 OK"
2026-07-13 13:26:12,421 [INFO] HTTP Request: GET https://www.magicbricks.com/amrapali-heart-beat-city-sector-107-noida-pdpid-4d4235303233383635#cardid-83915669 "HTTP/1.1 200 OK"
2026-07-13 13:26:13,533 [INFO] Detail-page enrichment: 50/55 processed, 50 coordinates found so far
2026-07-13 13:26:18,039 [INFO] HTTP Request: GET https://www.magicbricks.com/grace-sector-61-block-e-noida-pdpid-4d4235303030393537#cardid-59305959 "HTTP/1.1 301 Moved Permanently"
2026-07-13 13:26:19,759 [INFO] HTTP Request: GET https://www.magicbricks.com/grace-sector-61-noida-pdpid-4d4235303030393537#cardid-59305959 "HTTP/1.1 200 OK"
2026-07-13 13:26:24,794 [INFO] HTTP Request: GET https://www.magicbricks.com/propertyDetails/3-BHK-1440-Sq-ft-Builder-Floor-Apartment-FOR-Rent-Sector-104-in-Noida&id=4d423834343832353331#cardid-84482531 "HTTP/1.1 200 OK"
2026-07-13 13:26:30,404 [INFO] HTTP Request: GET https://www.magicbricks.com/jm-aroma-sector-75-noida-pdpid-4d4235303231343630#cardid-81693441 "HTTP/1.1 200 OK"
2026-07-13 13:26:35,199 [INFO] HTTP Request: GET https://www.magicbricks.com/ats-pious-hideaways-sector-150-noida-pdpid-4d4235313231383435#cardid-83985061 "HTTP/1.1 200 OK"
2026-07-13 13:26:39,979 [INFO] HTTP Request: GET https://www.magicbricks.com/propertyDetails/1-BHK-530-Sq-ft-Multistorey-Apartment-FOR-Rent-Noida-Extension-in-Noida&id=4d423834343038343839#cardid-84408489 "HTTP/1.1 200 OK"
2026-07-13 13:26:40,281 [INFO] Detail-page enrichment complete: 55/55 listings got real coordinates
2026-07-13 13:26:40,283 [INFO] Scraped 55 total listings
2026-07-13 13:26:40,294 [INFO] Wrote 55 listings to scraped_listings.jsonl
2026-07-13 13:47:05,836 [INFO] No city name in config — reverse-geocoding (28.6739, 77.3406)...
2026-07-13 13:47:06,768 [INFO] Resolved city: Ghaziabad, state: Uttar Pradesh
2026-07-13 13:47:06,770 [INFO] Saved resolved values back to C:\Users\riddh\OneDrive\Desktop\skymark-grid-project\config.json
2026-07-13 13:47:06,783 [INFO] Starting MagicBricks scrape run
2026-07-13 13:47:15,239 [INFO] Bootstrapping session via Playwright: https://www.magicbricks.com/property-for-rent/residential-real-estate?cityName=Ghaziabad&page=1
2026-07-13 13:48:03,498 [INFO] Skipping likely-commercial listing:  Warehouse/ Godown for Rent in Meerut Road Ghaziabad
2026-07-13 13:48:03,543 [INFO] Skipping likely-commercial listing:   Office Space for Rent in Kaushambi Ghaziabad
2026-07-13 13:48:03,545 [INFO] Skipping likely-commercial listing:  Warehouse/ Godown for Rent in Shastri Nagar Ghaziabad
2026-07-13 13:48:03,554 [INFO] Skipping likely-commercial listing:  Industrial Shed for Rent in Rajinder Nagar Industrial Area Ghaziabad
2026-07-13 13:48:03,558 [INFO] Skipping likely-commercial listing:   Office Space for Rent in Sector 5 Rajendra Nagar Ghaziabad
2026-07-13 13:48:03,560 [INFO] Skipping likely-commercial listing:   Shop for Rent in Nai Basti, Naya Ganj Ghaziabad
2026-07-13 13:48:03,576 [INFO] Skipping likely-commercial listing:   Office Space for Rent in Omaxe Park Plaza, Shakti Khand 2, Indirapuram Ghaziabad
2026-07-13 13:48:03,577 [INFO] Page 1: 23 listings parsed so far
2026-07-13 13:48:08,412 [INFO] Starting detail-page coordinate enrichment for 23 listings...
2026-07-13 13:48:13,764 [INFO] HTTP Request: GET https://www.magicbricks.com/east-avenue-indirapuram-ghaziabad-pdpid-4d4235303534313136#cardid-85380509 "HTTP/1.1 200 OK"
2026-07-13 13:48:18,347 [INFO] HTTP Request: GET https://www.magicbricks.com/propertyDetails/5-BHK-3500-Sq-ft-Builder-Floor-Apartment-FOR-Rent-Vaishali-in-Ghaziabad&id=4d423834373730373939#cardid-84770799 "HTTP/1.1 200 OK"
2026-07-13 13:48:23,275 [INFO] HTTP Request: GET https://www.magicbricks.com/ajnara-gen-x-crossings-republik-ghaziabad-pdpid-4d4235303330343332#cardid-83579427 "HTTP/1.1 200 OK"
2026-07-13 13:48:27,608 [INFO] HTTP Request: GET https://www.magicbricks.com/ajnara-gen-x-crossings-republik-ghaziabad-pdpid-4d4235303330343332#cardid-84494035 "HTTP/1.1 200 OK"
2026-07-13 13:48:33,844 [INFO] HTTP Request: GET https://www.magicbricks.com/propertyDetails/2-BHK-1250-Sq-ft-Multistorey-Apartment-FOR-Rent-Crossings-Republik-in-Ghaziabad&id=4d423635303433353231#cardid-65043521 "HTTP/1.1 200 OK"
2026-07-13 13:48:39,070 [INFO] HTTP Request: GET https://www.magicbricks.com/ats-advantage-indirapuram-ghaziabad-pdpid-4d4235303031333930#cardid-85508401 "HTTP/1.1 200 OK"
2026-07-13 13:48:44,157 [INFO] HTTP Request: GET https://www.magicbricks.com/propertyDetails/3-BHK-2115-Sq-ft-Multistorey-Apartment-FOR-Rent-NH-24-in-Ghaziabad&id=4d423835343239343339#cardid-85429439 "HTTP/1.1 200 OK"
2026-07-13 13:48:47,749 [INFO] HTTP Request: GET https://www.magicbricks.com/ats-advantage-indirapuram-ghaziabad-pdpid-4d4235303031333930#cardid-82968733 "HTTP/1.1 200 OK"
2026-07-13 13:48:52,663 [INFO] HTTP Request: GET https://www.magicbricks.com/propertyDetails/4-BHK-2500-Sq-ft-Builder-Floor-Apartment-FOR-Rent-Ramprastha-Colony-in-Ghaziabad&id=4d423833393038393035#cardid-83908905 "HTTP/1.1 200 OK"
2026-07-13 13:48:58,510 [INFO] HTTP Request: GET https://www.magicbricks.com/truvae-fragrance-homes-siddhartha-vihar-ghaziabad-pdpid-4d4235303734323932#cardid-83408503 "HTTP/1.1 200 OK"
2026-07-13 13:48:59,010 [INFO] Detail-page enrichment: 10/23 processed, 10 coordinates found so far
2026-07-13 13:49:02,392 [INFO] HTTP Request: GET https://www.magicbricks.com/crossing-republic-gh-7-crossings-republik-ghaziabad-pdpid-4d4235303232383938#cardid-83034445 "HTTP/1.1 200 OK"
2026-07-13 13:49:06,387 [INFO] HTTP Request: GET https://www.magicbricks.com/nilaya-greens-raj-nagar-extension-ghaziabad-pdpid-4d4235313230393235#cardid-84488899 "HTTP/1.1 200 OK"
2026-07-13 13:49:11,498 [INFO] HTTP Request: GET https://www.magicbricks.com/propertyDetails/2-BHK-990-Sq-ft-Residential-House-FOR-Rent-Chipiyana-Buzurg-in-Ghaziabad&id=4d423834363138383831#cardid-84618881 "HTTP/1.1 200 OK"
2026-07-13 13:49:17,548 [INFO] HTTP Request: GET https://www.magicbricks.com/skb-gold-coast-crossings-republik-ghaziabad-pdpid-4d4235303030323535#cardid-83355975 "HTTP/1.1 200 OK"
2026-07-13 13:49:22,983 [INFO] HTTP Request: GET https://www.magicbricks.com/ats-advantage-indirapuram-ghaziabad-pdpid-4d4235303031333930#cardid-84913773 "HTTP/1.1 200 OK"
2026-07-13 13:49:26,863 [INFO] HTTP Request: GET https://www.magicbricks.com/propertyDetails/2-BHK-900-Sq-ft-Builder-Floor-Apartment-FOR-Rent-Shakti-Khand-3-in-Ghaziabad&id=4d423732383832383739#cardid-72882879 "HTTP/1.1 200 OK"
2026-07-13 13:49:30,969 [INFO] HTTP Request: GET https://www.magicbricks.com/exotica-eastern-court-crossings-republik-ghaziabad-pdpid-4d4235303130303735#cardid-85517115 "HTTP/1.1 200 OK"
2026-07-13 13:49:35,476 [INFO] HTTP Request: GET https://www.magicbricks.com/the-golden-gate-nh-24-ghaziabad-pdpid-4d4235303832343736#cardid-83558209 "HTTP/1.1 200 OK"
2026-07-13 13:49:40,388 [INFO] HTTP Request: GET https://www.magicbricks.com/supertech-livingston-crossings-republik-ghaziabad-pdpid-4d4235303235383439#cardid-85512479 "HTTP/1.1 200 OK"
2026-07-13 13:49:46,519 [INFO] HTTP Request: GET https://www.magicbricks.com/anthem-kingdom-homes-raj-nagar-extension-ghaziabad-pdpid-4d4235303136353437#cardid-84481825 "HTTP/1.1 200 OK"
2026-07-13 13:49:46,839 [INFO] Detail-page enrichment: 20/23 processed, 20 coordinates found so far
2026-07-13 13:49:52,701 [INFO] HTTP Request: GET https://www.magicbricks.com/lotus-pond-indirapuram-ghaziabad-pdpid-4d4235303030363130#cardid-50180762 "HTTP/1.1 200 OK"
2026-07-13 13:49:58,409 [INFO] HTTP Request: GET https://www.magicbricks.com/propertyDetails/2-BHK-90-Sq-m-Builder-Floor-Apartment-FOR-Rent-Vaishali-Sector-6-in-Ghaziabad&id=4d423834373035313131#cardid-84705111 "HTTP/1.1 200 OK"
2026-07-13 13:50:06,568 [INFO] HTTP Request: GET https://www.magicbricks.com/propertyDetails/2-BHK-1200-Sq-ft-Builder-Floor-Apartment-FOR-Rent-Indirapuram-in-Ghaziabad&id=4d423834383533303835#cardid-84853085 "HTTP/1.1 200 OK"
2026-07-13 13:50:06,703 [INFO] Detail-page enrichment complete: 23/23 listings got real coordinates
2026-07-13 13:50:06,703 [INFO] Scraped 23 total listings
2026-07-13 13:50:06,708 [INFO] Wrote 23 listings to scraped_listings.jsonl
2026-07-13 14:20:29,179 [INFO] No city name in config — reverse-geocoding (28.6739, 77.3406)...
2026-07-13 14:20:29,397 [INFO] Resolved city: Ghaziabad, state: Uttar Pradesh
2026-07-13 14:20:29,398 [INFO] Saved resolved values back to C:\Users\riddh\OneDrive\Desktop\skymark-grid-project\config.json
2026-07-13 14:20:29,401 [INFO] Starting MagicBricks scrape run
2026-07-13 14:20:32,206 [INFO] Bootstrapping session via Playwright: https://www.magicbricks.com/property-for-rent/residential-real-estate?cityName=Ghaziabad&page=1
2026-07-13 14:20:43,802 [INFO] Skipping likely-commercial listing:  Warehouse/ Godown for Rent in Meerut Road Ghaziabad
2026-07-13 14:20:43,845 [INFO] Skipping likely-commercial listing:   Office Space for Rent in Kaushambi Ghaziabad
2026-07-13 14:20:43,849 [INFO] Skipping likely-commercial listing:  Warehouse/ Godown for Rent in Shastri Nagar Ghaziabad
2026-07-13 14:20:43,857 [INFO] Skipping likely-commercial listing:  Industrial Shed for Rent in Rajinder Nagar Industrial Area Ghaziabad
2026-07-13 14:20:43,860 [INFO] Skipping likely-commercial listing:   Office Space for Rent in Sector 5 Rajendra Nagar Ghaziabad
2026-07-13 14:20:43,863 [INFO] Skipping likely-commercial listing:   Shop for Rent in Nai Basti, Naya Ganj Ghaziabad
2026-07-13 14:20:43,877 [INFO] Skipping likely-commercial listing:   Office Space for Rent in Omaxe Park Plaza, Shakti Khand 2, Indirapuram Ghaziabad
2026-07-13 14:20:43,877 [INFO] Page 1: 23 listings parsed so far
2026-07-13 14:20:51,439 [INFO] HTTP Request: GET https://www.magicbricks.com/property-for-rent/residential-real-estate?cityName=Ghaziabad&page=2 "HTTP/1.1 200 OK"
2026-07-13 14:20:51,897 [INFO] Skipping likely-commercial listing:   Office Space for Rent in Gyankhand 4 Ghaziabad
2026-07-13 14:20:51,916 [WARNING] Rejecting implausible monthly_rent=1400000.0 for cardid=84647439 (source text: 1400000) — outside the 1,000-1,000,000 sanity range.
2026-07-13 14:20:51,917 [INFO] Skipping likely-commercial listing:   Shop for Rent in Victory Indirapuram Habitat Centre, Ahinsa Khand-1, Indirapuram Ghaziabad
2026-07-13 14:20:51,945 [INFO] Page 2: +28 listings (running total: 51)
2026-07-13 14:20:57,802 [INFO] HTTP Request: GET https://www.magicbricks.com/property-for-rent/residential-real-estate?cityName=Ghaziabad&page=3 "HTTP/1.1 200 OK"
2026-07-13 14:20:58,063 [INFO] Skipping likely-commercial listing:  Warehouse/ Godown for Rent in Tila More Ghaziabad
2026-07-13 14:20:58,069 [INFO] Skipping likely-commercial listing:   Office Space for Rent in Nehru Nagar 2 Ghaziabad
2026-07-13 14:20:58,080 [INFO] Skipping likely-commercial listing:   Office Space for Rent in Vasundhara Ghaziabad
2026-07-13 14:20:58,084 [INFO] Skipping likely-commercial listing:  Industrial Shed for Rent in Sahibabad Ghaziabad
2026-07-13 14:20:58,087 [INFO] Skipping likely-commercial listing:   Office Space for Rent in Block C Surya Nagar Ghaziabad
2026-07-13 14:20:58,095 [INFO] Skipping likely-commercial listing:   Office Space for Rent in Sector 4 Vaishali Ghaziabad
2026-07-13 14:20:58,099 [INFO] Skipping likely-commercial listing:   Shop for Rent in Sector 4 Vaishali Ghaziabad
2026-07-13 14:20:58,100 [INFO] Skipping likely-commercial listing:   Shop for Rent in AU Family Hub, National Highway 24 Ghaziabad
2026-07-13 14:20:58,107 [INFO] Skipping likely-commercial listing:   Shop for Rent in Wave City Ghaziabad
2026-07-13 14:20:58,116 [INFO] Skipping likely-commercial listing:  Industrial Building for Rent in Site 4 Sahibabad Industrial Area Ghaziabad
2026-07-13 14:20:58,143 [INFO] Page 3: +20 listings (running total: 71)
2026-07-13 14:20:58,144 [INFO] Starting detail-page coordinate enrichment for 71 listings...
2026-07-13 14:21:05,492 [INFO] HTTP Request: GET https://www.magicbricks.com/east-avenue-indirapuram-ghaziabad-pdpid-4d4235303534313136#cardid-85380509 "HTTP/1.1 200 OK"
2026-07-13 14:21:10,966 [INFO] HTTP Request: GET https://www.magicbricks.com/propertyDetails/5-BHK-3500-Sq-ft-Builder-Floor-Apartment-FOR-Rent-Vaishali-in-Ghaziabad&id=4d423834373730373939#cardid-84770799 "HTTP/1.1 200 OK"
2026-07-13 14:21:17,636 [INFO] HTTP Request: GET https://www.magicbricks.com/ajnara-gen-x-crossings-republik-ghaziabad-pdpid-4d4235303330343332#cardid-83579427 "HTTP/1.1 200 OK"
2026-07-13 14:21:20,821 [INFO] HTTP Request: GET https://www.magicbricks.com/ajnara-gen-x-crossings-republik-ghaziabad-pdpid-4d4235303330343332#cardid-84494035 "HTTP/1.1 200 OK"
2026-07-13 14:21:25,033 [INFO] HTTP Request: GET https://www.magicbricks.com/propertyDetails/2-BHK-1250-Sq-ft-Multistorey-Apartment-FOR-Rent-Crossings-Republik-in-Ghaziabad&id=4d423635303433353231#cardid-65043521 "HTTP/1.1 200 OK"
2026-07-13 14:21:28,824 [INFO] HTTP Request: GET https://www.magicbricks.com/ats-advantage-indirapuram-ghaziabad-pdpid-4d4235303031333930#cardid-85508401 "HTTP/1.1 200 OK"
2026-07-13 14:21:33,433 [INFO] HTTP Request: GET https://www.magicbricks.com/propertyDetails/3-BHK-2115-Sq-ft-Multistorey-Apartment-FOR-Rent-NH-24-in-Ghaziabad&id=4d423835343239343339#cardid-85429439 "HTTP/1.1 200 OK"
2026-07-13 14:21:37,839 [INFO] HTTP Request: GET https://www.magicbricks.com/ats-advantage-indirapuram-ghaziabad-pdpid-4d4235303031333930#cardid-82968733 "HTTP/1.1 200 OK"
2026-07-13 14:21:44,799 [INFO] HTTP Request: GET https://www.magicbricks.com/propertyDetails/4-BHK-2500-Sq-ft-Builder-Floor-Apartment-FOR-Rent-Ramprastha-Colony-in-Ghaziabad&id=4d423833393038393035#cardid-83908905 "HTTP/1.1 200 OK"
2026-07-13 14:21:48,285 [INFO] HTTP Request: GET https://www.magicbricks.com/truvae-fragrance-homes-siddhartha-vihar-ghaziabad-pdpid-4d4235303734323932#cardid-83408503 "HTTP/1.1 200 OK"
2026-07-13 14:21:48,552 [INFO] Detail-page enrichment: 10/71 processed, 10 coordinates found so far
2026-07-13 14:21:52,885 [INFO] HTTP Request: GET https://www.magicbricks.com/crossing-republic-gh-7-crossings-republik-ghaziabad-pdpid-4d4235303232383938#cardid-83034445 "HTTP/1.1 200 OK"
2026-07-13 14:21:58,525 [INFO] HTTP Request: GET https://www.magicbricks.com/nilaya-greens-raj-nagar-extension-ghaziabad-pdpid-4d4235313230393235#cardid-84488899 "HTTP/1.1 200 OK"
2026-07-13 14:22:05,197 [INFO] HTTP Request: GET https://www.magicbricks.com/propertyDetails/2-BHK-990-Sq-ft-Residential-House-FOR-Rent-Chipiyana-Buzurg-in-Ghaziabad&id=4d423834363138383831#cardid-84618881 "HTTP/1.1 200 OK"
2026-07-13 14:22:08,902 [INFO] HTTP Request: GET https://www.magicbricks.com/skb-gold-coast-crossings-republik-ghaziabad-pdpid-4d4235303030323535#cardid-83355975 "HTTP/1.1 200 OK"
2026-07-13 14:22:12,231 [INFO] HTTP Request: GET https://www.magicbricks.com/ats-advantage-indirapuram-ghaziabad-pdpid-4d4235303031333930#cardid-84913773 "HTTP/1.1 200 OK"
2026-07-13 14:22:16,842 [INFO] HTTP Request: GET https://www.magicbricks.com/propertyDetails/2-BHK-900-Sq-ft-Builder-Floor-Apartment-FOR-Rent-Shakti-Khand-3-in-Ghaziabad&id=4d423732383832383739#cardid-72882879 "HTTP/1.1 200 OK"
2026-07-13 14:22:21,052 [INFO] HTTP Request: GET https://www.magicbricks.com/exotica-eastern-court-crossings-republik-ghaziabad-pdpid-4d4235303130303735#cardid-85517115 "HTTP/1.1 200 OK"
2026-07-13 14:22:26,299 [INFO] HTTP Request: GET https://www.magicbricks.com/the-golden-gate-nh-24-ghaziabad-pdpid-4d4235303832343736#cardid-83558209 "HTTP/1.1 200 OK"
2026-07-13 14:22:29,658 [INFO] HTTP Request: GET https://www.magicbricks.com/supertech-livingston-crossings-republik-ghaziabad-pdpid-4d4235303235383439#cardid-85512479 "HTTP/1.1 200 OK"
2026-07-13 14:22:33,438 [INFO] HTTP Request: GET https://www.magicbricks.com/anthem-kingdom-homes-raj-nagar-extension-ghaziabad-pdpid-4d4235303136353437#cardid-84481825 "HTTP/1.1 200 OK"
2026-07-13 14:22:33,715 [INFO] Detail-page enrichment: 20/71 processed, 20 coordinates found so far
2026-07-13 14:22:38,027 [INFO] HTTP Request: GET https://www.magicbricks.com/lotus-pond-indirapuram-ghaziabad-pdpid-4d4235303030363130#cardid-50180762 "HTTP/1.1 200 OK"
2026-07-13 14:22:42,961 [INFO] HTTP Request: GET https://www.magicbricks.com/propertyDetails/2-BHK-90-Sq-m-Builder-Floor-Apartment-FOR-Rent-Vaishali-Sector-6-in-Ghaziabad&id=4d423834373035313131#cardid-84705111 "HTTP/1.1 200 OK"
2026-07-13 14:22:47,110 [INFO] HTTP Request: GET https://www.magicbricks.com/propertyDetails/2-BHK-1200-Sq-ft-Builder-Floor-Apartment-FOR-Rent-Indirapuram-in-Ghaziabad&id=4d423834383533303835#cardid-84853085 "HTTP/1.1 200 OK"
2026-07-13 14:22:53,097 [INFO] HTTP Request: GET https://www.magicbricks.com/prateek-grand-city-siddhartha-vihar-ghaziabad-pdpid-4d4235303239363635#cardid-84863731 "HTTP/1.1 200 OK"
2026-07-13 14:22:57,943 [INFO] HTTP Request: GET https://www.magicbricks.com/dwarikaraj-raj-garden-city-raj-nagar-extension-ghaziabad-pdpid-4d4235303232353435#cardid-85143181 "HTTP/1.1 200 OK"
2026-07-13 14:23:03,364 [INFO] HTTP Request: GET https://www.magicbricks.com/shri-balaji-residency-indirapuram-ghaziabad-pdpid-4d4235303039393631#cardid-76726373 "HTTP/1.1 200 OK"
2026-07-13 14:23:09,594 [INFO] HTTP Request: GET https://www.magicbricks.com/propertyDetails/90-Sq-ft-Residential-House-FOR-Rent-Vasundhara-Sector-9-in-Ghaziabad&id=4d423433343535333239#cardid-43455329 "HTTP/1.1 200 OK"
2026-07-13 14:23:15,516 [INFO] HTTP Request: GET https://www.magicbricks.com/propertyDetails/5-BHK-300-Sq-m-Villa-FOR-Rent-Indirapuram-in-Ghaziabad&id=4d423834343836383433#cardid-84486843 "HTTP/1.1 200 OK"
2026-07-13 14:23:23,082 [INFO] HTTP Request: GET https://www.magicbricks.com/vasu-fortune-residency-raj-nagar-extension-ghaziabad-pdpid-4d4235303136383931#cardid-84822379 "HTTP/1.1 200 OK"
2026-07-13 14:23:27,528 [INFO] HTTP Request: GET https://www.magicbricks.com/propertyDetails/1-BHK-350-Sq-ft-Builder-Floor-Apartment-FOR-Rent-Vaishali-Sector-3-in-Ghaziabad&id=4d423834333730383033#cardid-84370803 "HTTP/1.1 200 OK"
2026-07-13 14:23:27,630 [INFO] Detail-page enrichment: 30/71 processed, 30 coordinates found so far
2026-07-13 14:23:32,024 [INFO] HTTP Request: GET https://www.magicbricks.com/gaur-green-city-indirapuram-ghaziabad-pdpid-4d4235303030393530#cardid-85450945 "HTTP/1.1 200 OK"
2026-07-13 14:23:36,621 [INFO] HTTP Request: GET https://www.magicbricks.com/anthem-kingdom-homes-raj-nagar-extension-ghaziabad-pdpid-4d4235303136353437#cardid-85410533 "HTTP/1.1 200 OK"
2026-07-13 14:23:40,435 [INFO] HTTP Request: GET https://www.magicbricks.com/meenal-balmukunda-residency-raj-nagar-extension-ghaziabad-pdpid-4d4235303230343638#cardid-85327127 "HTTP/1.1 200 OK"
2026-07-13 14:23:46,771 [INFO] HTTP Request: GET https://www.magicbricks.com/rishabh-cloud-habitate9-towers-vaishali-ghaziabad-pdpid-4d4235323636323833#cardid-84597665 "HTTP/1.1 200 OK"
2026-07-13 14:23:50,360 [INFO] HTTP Request: GET https://www.magicbricks.com/krishna-apra-gardens-indirapuram-ghaziabad-pdpid-4d4235303030363833#cardid-85518905 "HTTP/1.1 200 OK"
2026-07-13 14:23:55,962 [INFO] HTTP Request: GET https://www.magicbricks.com/gulmohur-tower-sector-4-chiranjiv-vihar-ghaziabad-pdpid-4d4235303130343734#cardid-83357123 "HTTP/1.1 301 Moved Permanently"
2026-07-13 14:23:56,686 [INFO] HTTP Request: GET https://www.magicbricks.com/gulmohur-tower-chiranjiv-vihar-ghaziabad-pdpid-4d4235303130343734#cardid-83357123 "HTTP/1.1 200 OK"
2026-07-13 14:24:02,536 [INFO] HTTP Request: GET https://www.magicbricks.com/shipra-sun-tower-indirapuram-ghaziabad-pdpid-4d4235303130333933#cardid-85261517 "HTTP/1.1 200 OK"
2026-07-13 14:24:07,446 [INFO] HTTP Request: GET https://www.magicbricks.com/kdp-grand-savana-raj-nagar-extension-ghaziabad-pdpid-4d4235303231323830#cardid-85511197 "HTTP/1.1 200 OK"
2026-07-13 14:24:13,985 [INFO] HTTP Request: GET https://www.magicbricks.com/propertyDetails/3-BHK-1200-Sq-ft-Builder-Floor-Apartment-FOR-Rent-Niti-Khand-1-in-Ghaziabad&id=4d423739313435353333#cardid-79145533 "HTTP/1.1 200 OK"
2026-07-13 14:24:19,208 [INFO] HTTP Request: GET https://www.magicbricks.com/mahagun-mosaic-phase-2-vaishali-sector-4-ghaziabad-pdpid-4d4235323637363733#cardid-84999091 "HTTP/1.1 301 Moved Permanently"
2026-07-13 14:24:20,355 [INFO] HTTP Request: GET https://www.magicbricks.com/mahagun-mosaic-phase-2-vaishali-ghaziabad-pdpid-4d4235323637363733#cardid-84999091 "HTTP/1.1 200 OK"
2026-07-13 14:24:20,517 [INFO] Detail-page enrichment: 40/71 processed, 40 coordinates found so far
2026-07-13 14:24:23,919 [INFO] HTTP Request: GET https://www.magicbricks.com/ats-advantage-ahinsa-khand-1-ghaziabad-pdpid-4d4235303031333930#cardid-85522339 "HTTP/1.1 301 Moved Permanently"
2026-07-13 14:24:24,029 [INFO] HTTP Request: GET https://www.magicbricks.com/ats-advantage-indirapuram-ghaziabad-pdpid-4d4235303031333930#cardid-85522339 "HTTP/1.1 200 OK"
2026-07-13 14:24:30,340 [INFO] HTTP Request: GET https://www.magicbricks.com/metro-suites-vaishali-sector-4-ghaziabad-pdpid-4d4235303230323536#cardid-85491629 "HTTP/1.1 301 Moved Permanently"
2026-07-13 14:24:31,403 [INFO] HTTP Request: GET https://www.magicbricks.com/metro-suites-vaishali-ghaziabad-pdpid-4d4235303230323536#cardid-85491629 "HTTP/1.1 200 OK"
2026-07-13 14:24:36,827 [INFO] HTTP Request: GET https://www.magicbricks.com/exotica-eastern-court-crossings-republik-ghaziabad-pdpid-4d4235303130303735#cardid-85073721 "HTTP/1.1 200 OK"
2026-07-13 14:24:42,785 [INFO] HTTP Request: GET https://www.magicbricks.com/saviour-park-mohan-nagar-ghaziabad-pdpid-4d4235303130333834#cardid-80739911 "HTTP/1.1 200 OK"
2026-07-13 14:24:48,859 [INFO] HTTP Request: GET https://www.magicbricks.com/saya-gold-avenue-vaibhav-khand-ghaziabad-pdpid-4d4235303731333437#cardid-83307753 "HTTP/1.1 301 Moved Permanently"
2026-07-13 14:24:50,768 [INFO] HTTP Request: GET https://www.magicbricks.com/saya-gold-avenue-indirapuram-ghaziabad-pdpid-4d4235303731333437#cardid-83307753 "HTTP/1.1 200 OK"
2026-07-13 14:24:57,523 [INFO] HTTP Request: GET https://www.magicbricks.com/wave-veridia-nh-24-ghaziabad-pdpid-4d4235333137383931#cardid-81381611 "HTTP/1.1 200 OK"
2026-07-13 14:25:05,156 [INFO] HTTP Request: GET https://www.magicbricks.com/propertyDetails/3-BHK-1300-Sq-ft-Builder-Floor-Apartment-FOR-Rent-Gyan-Khand-1-in-Ghaziabad&id=4d423835303832323939#cardid-85082299 "HTTP/1.1 200 OK"
2026-07-13 14:25:10,686 [INFO] HTTP Request: GET https://www.magicbricks.com/wave-veridia-nh-24-ghaziabad-pdpid-4d4235333137383931#cardid-83503905 "HTTP/1.1 200 OK"
2026-07-13 14:25:16,982 [INFO] HTTP Request: GET https://www.magicbricks.com/proview-officer-city-raj-nagar-extension-ghaziabad-pdpid-4d4235303030373337#cardid-84689977 "HTTP/1.1 200 OK"
2026-07-13 14:25:24,335 [INFO] HTTP Request: GET https://www.magicbricks.com/propertyDetails/3-BHK-1400-Sq-ft-Builder-Floor-Apartment-FOR-Rent-Vaishali-Sector-5-in-Ghaziabad&id=4d423835333830373531#cardid-85380751 "HTTP/1.1 200 OK"
2026-07-13 14:25:24,497 [INFO] Detail-page enrichment: 50/71 processed, 50 coordinates found so far
2026-07-13 14:25:29,502 [INFO] HTTP Request: GET https://www.magicbricks.com/rishabh-cloud-9-towers-vaishali-vaishali-ghaziabad-pdpid-4d4235313136373535#cardid-85413281 "HTTP/1.1 200 OK"
2026-07-13 14:25:34,388 [INFO] HTTP Request: GET https://www.magicbricks.com/panchsheel-wellington-crossings-republik-ghaziabad-pdpid-4d4235303139383131#cardid-85099717 "HTTP/1.1 200 OK"
2026-07-13 14:25:38,672 [INFO] HTTP Request: GET https://www.magicbricks.com/vasu-fortune-residency-garhi-ghaziabad-pdpid-4d4235303136383931#cardid-77608597 "HTTP/1.1 301 Moved Permanently"
2026-07-13 14:25:38,787 [INFO] HTTP Request: GET https://www.magicbricks.com/vasu-fortune-residency-raj-nagar-extension-ghaziabad-pdpid-4d4235303136383931#cardid-77608597 "HTTP/1.1 200 OK"
2026-07-13 14:25:42,878 [INFO] HTTP Request: GET https://www.magicbricks.com/saviour-park-mohan-nagar-ghaziabad-pdpid-4d4235303130333834#cardid-85039743 "HTTP/1.1 200 OK"
2026-07-13 14:25:47,708 [INFO] HTTP Request: GET https://www.magicbricks.com/anthem-kingdom-homes-raj-nagar-extension-ghaziabad-pdpid-4d4235303136353437#cardid-85349287 "HTTP/1.1 200 OK"
2026-07-13 14:25:55,772 [INFO] HTTP Request: GET https://www.magicbricks.com/propertyDetails/1500-Sq-yrd-Commercial-Land-FOR-Rent-Vikas-Nagar-in-Ghaziabad&id=4d423833383930313231#cardid-83890121 "HTTP/1.1 200 OK"
2026-07-13 14:26:02,139 [INFO] HTTP Request: GET https://www.magicbricks.com/proview-delhi-99-phase-ii-bhopura-ghaziabad-pdpid-4d4235323637383935#cardid-85210863 "HTTP/1.1 200 OK"
2026-07-13 14:26:07,106 [INFO] HTTP Request: GET https://www.magicbricks.com/shipra-regal-apartment-indirapuram-ghaziabad-pdpid-4d4235313033303633#cardid-85107339 "HTTP/1.1 200 OK"
2026-07-13 14:26:10,827 [INFO] HTTP Request: GET https://www.magicbricks.com/sps-residency-indirapuram-ghaziabad-pdpid-4d4235303030353731#cardid-84855847 "HTTP/1.1 200 OK"
2026-07-13 14:26:14,218 [INFO] HTTP Request: GET https://www.magicbricks.com/prateek-grand-city-siddhartha-vihar-ghaziabad-pdpid-4d4235303239363635#cardid-84799753 "HTTP/1.1 200 OK"
2026-07-13 14:26:14,992 [INFO] Detail-page enrichment: 60/71 processed, 60 coordinates found so far
2026-07-13 14:26:23,013 [INFO] HTTP Request: GET https://www.magicbricks.com/wave-veridia-wave-city-ghaziabad-pdpid-4d4235333137383931#cardid-84950501 "HTTP/1.1 301 Moved Permanently"
2026-07-13 14:26:23,116 [INFO] HTTP Request: GET https://www.magicbricks.com/wave-veridia-nh-24-ghaziabad-pdpid-4d4235333137383931#cardid-84950501 "HTTP/1.1 200 OK"
2026-07-13 14:26:29,477 [INFO] HTTP Request: GET https://www.magicbricks.com/amrapali-royal-indirapuram-ghaziabad-pdpid-4d4235303031323135#cardid-85474823 "HTTP/1.1 200 OK"
2026-07-13 14:26:36,046 [INFO] HTTP Request: GET https://www.magicbricks.com/wave-dream-homes-nh-24-ghaziabad-pdpid-4d4235303136353939#cardid-85162499 "HTTP/1.1 200 OK"
2026-07-13 14:26:40,231 [INFO] HTTP Request: GET https://www.magicbricks.com/assotech-the-nest-crossings-republik-ghaziabad-pdpid-4d4235303039393435#cardid-85174745 "HTTP/1.1 200 OK"
2026-07-13 14:26:44,620 [INFO] HTTP Request: GET https://www.magicbricks.com/rishabh-cloud-9-towers-vaishali-kamma-1-ghaziabad-pdpid-4d4235313136373535#cardid-85442793 "HTTP/1.1 301 Moved Permanently"
2026-07-13 14:26:44,828 [INFO] HTTP Request: GET https://www.magicbricks.com/rishabh-cloud-9-towers-vaishali-vaishali-ghaziabad-pdpid-4d4235313136373535#cardid-85442793 "HTTP/1.1 200 OK"
2026-07-13 14:26:51,791 [INFO] HTTP Request: GET https://www.magicbricks.com/independent-builder-floor-at-niti-khand-indirapuram-indirapuram-ghaziabad-pdpid-4d4235343233363339#cardid-85436177 "HTTP/1.1 200 OK"
2026-07-13 14:26:56,334 [INFO] HTTP Request: GET https://www.magicbricks.com/gaur-valerio-ahinsa-khand-2-ghaziabad-pdpid-4d4235303030393532#cardid-85492993 "HTTP/1.1 301 Moved Permanently"
2026-07-13 14:26:57,360 [INFO] HTTP Request: GET https://www.magicbricks.com/gaur-valerio-indirapuram-ghaziabad-pdpid-4d4235303030393532#cardid-85492993 "HTTP/1.1 200 OK"
2026-07-13 14:27:01,000 [INFO] HTTP Request: GET https://www.magicbricks.com/propertyDetails/3-BHK-1450-Sq-ft-Multistorey-Apartment-FOR-Rent-Pandav-Nagar-in-Ghaziabad&id=4d423835353039393931#cardid-85509991 "HTTP/1.1 200 OK"
2026-07-13 14:27:05,816 [INFO] HTTP Request: GET https://www.magicbricks.com/aegis-trine-towers-ahinsa-khand-2-ghaziabad-pdpid-4d4235333234333233#cardid-85514675 "HTTP/1.1 301 Moved Permanently"
2026-07-13 14:27:09,117 [INFO] HTTP Request: GET https://www.magicbricks.com/aegis-trine-towers-indirapuram-ghaziabad-pdpid-4d4235333234333233#cardid-85514675 "HTTP/1.1 200 OK"
2026-07-13 14:27:15,151 [INFO] HTTP Request: GET https://www.magicbricks.com/hrc-professional-indirapuram-ghaziabad-pdpid-4d4235303131323932#cardid-85520055 "HTTP/1.1 200 OK"
2026-07-13 14:27:15,552 [INFO] Detail-page enrichment: 70/71 processed, 70 coordinates found so far
2026-07-13 14:27:20,970 [INFO] HTTP Request: GET https://www.magicbricks.com/savfab-jasmine-grove-nh-24-ghaziabad-pdpid-4d4235303338383030#cardid-85507607 "HTTP/1.1 200 OK"
2026-07-13 14:27:21,711 [INFO] Detail-page enrichment complete: 71/71 listings got real coordinates
2026-07-13 14:27:21,713 [INFO] Scraped 71 total listings
2026-07-13 14:27:21,719 [INFO] Wrote 71 listings to scraped_listings.jsonl
2026-07-13 15:47:02,489 [INFO] No city name in config — reverse-geocoding (28.6739, 77.3406)...
2026-07-13 15:47:04,019 [INFO] Resolved city: Ghaziabad, state: Uttar Pradesh
2026-07-13 15:47:04,021 [INFO] Saved resolved values back to C:\Users\riddh\OneDrive\Desktop\skymark-grid-project\config.json
2026-07-13 15:47:04,030 [INFO] Starting MagicBricks scrape run
2026-07-13 15:47:07,711 [INFO] Bootstrapping session via Playwright: https://www.magicbricks.com/property-for-rent/residential-real-estate?cityName=Ghaziabad&page=1
2026-07-13 15:47:49,830 [INFO] Skipping likely-commercial listing:  Warehouse/ Godown for Rent in Meerut Road Ghaziabad
2026-07-13 15:47:49,921 [INFO] Skipping likely-commercial listing:   Office Space for Rent in Kaushambi Ghaziabad
2026-07-13 15:47:49,925 [INFO] Skipping likely-commercial listing:  Warehouse/ Godown for Rent in Shastri Nagar Ghaziabad
2026-07-13 15:47:49,938 [INFO] Skipping likely-commercial listing:  Industrial Shed for Rent in Rajinder Nagar Industrial Area Ghaziabad
2026-07-13 15:47:49,943 [INFO] Skipping likely-commercial listing:   Office Space for Rent in Sector 5 Rajendra Nagar Ghaziabad
2026-07-13 15:47:49,951 [INFO] Skipping likely-commercial listing:   Shop for Rent in Nai Basti, Naya Ganj Ghaziabad
2026-07-13 15:47:49,986 [INFO] Skipping likely-commercial listing:   Office Space for Rent in Omaxe Park Plaza, Shakti Khand 2, Indirapuram Ghaziabad
2026-07-13 15:47:49,986 [INFO] Page 1: 23 listings parsed so far
2026-07-13 15:47:58,614 [INFO] HTTP Request: GET https://www.magicbricks.com/property-for-rent/residential-real-estate?cityName=Ghaziabad&page=2 "HTTP/1.1 200 OK"
2026-07-13 15:47:59,287 [INFO] Skipping likely-commercial listing:   Office Space for Rent in Gyankhand 4 Ghaziabad
2026-07-13 15:47:59,332 [WARNING] Rejecting implausible monthly_rent=1400000.0 for cardid=84647439 (source text: 1400000) — outside the 1,000-1,000,000 sanity range.
2026-07-13 15:47:59,332 [INFO] Skipping likely-commercial listing:   Shop for Rent in Victory Indirapuram Habitat Centre, Ahinsa Khand-1, Indirapuram Ghaziabad
2026-07-13 15:47:59,383 [INFO] Page 2: +28 listings (running total: 51)
2026-07-13 15:48:04,961 [INFO] HTTP Request: GET https://www.magicbricks.com/property-for-rent/residential-real-estate?cityName=Ghaziabad&page=3 "HTTP/1.1 200 OK"
2026-07-13 15:48:05,516 [INFO] Skipping likely-commercial listing:  Warehouse/ Godown for Rent in Tila More Ghaziabad
2026-07-13 15:48:05,524 [INFO] Skipping likely-commercial listing:   Office Space for Rent in Nehru Nagar 2 Ghaziabad
2026-07-13 15:48:05,554 [INFO] Skipping likely-commercial listing:   Office Space for Rent in Vasundhara Ghaziabad
2026-07-13 15:48:05,560 [INFO] Skipping likely-commercial listing:  Industrial Shed for Rent in Sahibabad Ghaziabad
2026-07-13 15:48:05,568 [INFO] Skipping likely-commercial listing:   Office Space for Rent in Block C Surya Nagar Ghaziabad
2026-07-13 15:48:05,583 [INFO] Skipping likely-commercial listing:   Office Space for Rent in Sector 4 Vaishali Ghaziabad
2026-07-13 15:48:05,590 [INFO] Skipping likely-commercial listing:   Shop for Rent in Sector 4 Vaishali Ghaziabad
2026-07-13 15:48:05,595 [INFO] Skipping likely-commercial listing:   Shop for Rent in AU Family Hub, National Highway 24 Ghaziabad
2026-07-13 15:48:05,610 [INFO] Skipping likely-commercial listing:   Shop for Rent in Wave City Ghaziabad
2026-07-13 15:48:05,623 [INFO] Skipping likely-commercial listing:  Industrial Building for Rent in Site 4 Sahibabad Industrial Area Ghaziabad
2026-07-13 15:48:05,675 [INFO] Page 3: +20 listings (running total: 71)
2026-07-13 15:48:09,057 [INFO] HTTP Request: GET https://www.magicbricks.com/property-for-rent/residential-real-estate?cityName=Ghaziabad&page=4 "HTTP/1.1 200 OK"
2026-07-13 15:48:09,630 [WARNING] Rejecting implausible monthly_rent=1100000.0 for cardid=66059873 (source text: 1100000) — outside the 1,000-1,000,000 sanity range.
2026-07-13 15:48:09,630 [INFO] Skipping likely-commercial listing:  Warehouse/ Godown for Rent in Morta Ghaziabad
2026-07-13 15:48:09,762 [INFO] Skipping likely-commercial listing:  Warehouse/ Godown for Rent in Maharajpur, Sahibabad Ghaziabad
2026-07-13 15:48:09,771 [INFO] Page 4: +28 listings (running total: 99)
2026-07-13 15:48:14,681 [INFO] HTTP Request: GET https://www.magicbricks.com/property-for-rent/residential-real-estate?cityName=Ghaziabad&page=5 "HTTP/1.1 200 OK"
2026-07-13 15:48:15,309 [WARNING] Rejecting implausible monthly_rent=1875000.0 for cardid=68981193 (source text: 1875000) — outside the 1,000-1,000,000 sanity range.
2026-07-13 15:48:15,310 [INFO] Skipping likely-commercial listing:  Warehouse/ Godown for Rent in Old National Highway 91 Ghaziabad
2026-07-13 15:48:15,318 [INFO] Skipping likely-commercial listing:   Shop for Rent in Karyan Square, National Highway 24 Ghaziabad
2026-07-13 15:48:15,419 [INFO] Skipping likely-commercial listing:   Shop for Rent in Shalimar Garden Extension 1 Ghaziabad
2026-07-13 15:48:15,444 [INFO] Skipping likely-commercial listing:   Showroom for Rent in Indirapuram Ghaziabad
2026-07-13 15:48:15,450 [INFO] Skipping likely-commercial listing:   Office Space for Rent in Aditya Mall, Aditya Mega City, Indirapuram Ghaziabad
2026-07-13 15:48:15,472 [INFO] Skipping likely-commercial listing:   Shop for Rent in Siddharth Vihar Ghaziabad
2026-07-13 15:48:15,480 [INFO] Skipping likely-commercial listing:   Office Space for Rent in Ambedkar Road Ghaziabad
2026-07-13 15:48:15,488 [INFO] Skipping likely-commercial listing:  Industrial Land for Rent in Rajinder Nagar Industrial Area Ghaziabad
2026-07-13 15:48:15,512 [INFO] Page 5: +22 listings (running total: 121)
2026-07-13 15:48:15,512 [INFO] Starting detail-page coordinate enrichment for 121 listings...
2026-07-13 15:48:21,226 [INFO] HTTP Request: GET https://www.magicbricks.com/east-avenue-indirapuram-ghaziabad-pdpid-4d4235303534313136#cardid-85380509 "HTTP/1.1 200 OK"
2026-07-13 15:48:27,679 [INFO] HTTP Request: GET https://www.magicbricks.com/propertyDetails/5-BHK-3500-Sq-ft-Builder-Floor-Apartment-FOR-Rent-Vaishali-in-Ghaziabad&id=4d423834373730373939#cardid-84770799 "HTTP/1.1 200 OK"
2026-07-13 15:48:32,595 [INFO] HTTP Request: GET https://www.magicbricks.com/ajnara-gen-x-crossings-republik-ghaziabad-pdpid-4d4235303330343332#cardid-83579427 "HTTP/1.1 200 OK"
2026-07-13 15:48:38,438 [INFO] HTTP Request: GET https://www.magicbricks.com/ajnara-gen-x-crossings-republik-ghaziabad-pdpid-4d4235303330343332#cardid-84494035 "HTTP/1.1 200 OK"
2026-07-13 15:48:44,176 [INFO] HTTP Request: GET https://www.magicbricks.com/propertyDetails/2-BHK-1250-Sq-ft-Multistorey-Apartment-FOR-Rent-Crossings-Republik-in-Ghaziabad&id=4d423635303433353231#cardid-65043521 "HTTP/1.1 200 OK"
2026-07-13 15:48:50,832 [INFO] HTTP Request: GET https://www.magicbricks.com/ats-advantage-indirapuram-ghaziabad-pdpid-4d4235303031333930#cardid-85508401 "HTTP/1.1 200 OK"
2026-07-13 15:48:57,696 [INFO] HTTP Request: GET https://www.magicbricks.com/propertyDetails/3-BHK-2115-Sq-ft-Multistorey-Apartment-FOR-Rent-NH-24-in-Ghaziabad&id=4d423835343239343339#cardid-85429439 "HTTP/1.1 200 OK"
2026-07-13 15:49:03,430 [INFO] HTTP Request: GET https://www.magicbricks.com/ats-advantage-indirapuram-ghaziabad-pdpid-4d4235303031333930#cardid-82968733 "HTTP/1.1 200 OK"
2026-07-13 15:49:07,731 [INFO] HTTP Request: GET https://www.magicbricks.com/propertyDetails/4-BHK-2500-Sq-ft-Builder-Floor-Apartment-FOR-Rent-Ramprastha-Colony-in-Ghaziabad&id=4d423833393038393035#cardid-83908905 "HTTP/1.1 200 OK"
2026-07-13 15:49:14,696 [INFO] HTTP Request: GET https://www.magicbricks.com/truvae-fragrance-homes-siddhartha-vihar-ghaziabad-pdpid-4d4235303734323932#cardid-83408503 "HTTP/1.1 200 OK"
2026-07-13 15:49:15,297 [INFO] Detail-page enrichment: 10/121 processed, 10 coordinates found so far
2026-07-13 15:49:20,516 [INFO] HTTP Request: GET https://www.magicbricks.com/crossing-republic-gh-7-crossings-republik-ghaziabad-pdpid-4d4235303232383938#cardid-83034445 "HTTP/1.1 200 OK"
2026-07-13 15:49:26,676 [INFO] HTTP Request: GET https://www.magicbricks.com/nilaya-greens-raj-nagar-extension-ghaziabad-pdpid-4d4235313230393235#cardid-84488899 "HTTP/1.1 200 OK"
2026-07-13 15:49:33,245 [INFO] HTTP Request: GET https://www.magicbricks.com/propertyDetails/2-BHK-990-Sq-ft-Residential-House-FOR-Rent-Chipiyana-Buzurg-in-Ghaziabad&id=4d423834363138383831#cardid-84618881 "HTTP/1.1 200 OK"
2026-07-13 15:49:40,501 [INFO] HTTP Request: GET https://www.magicbricks.com/skb-gold-coast-crossings-republik-ghaziabad-pdpid-4d4235303030323535#cardid-83355975 "HTTP/1.1 200 OK"
2026-07-13 15:49:43,762 [INFO] HTTP Request: GET https://www.magicbricks.com/ats-advantage-indirapuram-ghaziabad-pdpid-4d4235303031333930#cardid-84913773 "HTTP/1.1 200 OK"
2026-07-13 15:49:49,806 [INFO] HTTP Request: GET https://www.magicbricks.com/propertyDetails/2-BHK-900-Sq-ft-Builder-Floor-Apartment-FOR-Rent-Shakti-Khand-3-in-Ghaziabad&id=4d423732383832383739#cardid-72882879 "HTTP/1.1 200 OK"
2026-07-13 15:49:54,719 [INFO] HTTP Request: GET https://www.magicbricks.com/exotica-eastern-court-crossings-republik-ghaziabad-pdpid-4d4235303130303735#cardid-85517115 "HTTP/1.1 200 OK"
2026-07-13 15:50:01,515 [INFO] HTTP Request: GET https://www.magicbricks.com/the-golden-gate-nh-24-ghaziabad-pdpid-4d4235303832343736#cardid-83558209 "HTTP/1.1 200 OK"
2026-07-13 15:50:07,637 [INFO] HTTP Request: GET https://www.magicbricks.com/supertech-livingston-crossings-republik-ghaziabad-pdpid-4d4235303235383439#cardid-85512479 "HTTP/1.1 200 OK"
2026-07-13 15:50:13,176 [INFO] HTTP Request: GET https://www.magicbricks.com/anthem-kingdom-homes-raj-nagar-extension-ghaziabad-pdpid-4d4235303136353437#cardid-84481825 "HTTP/1.1 200 OK"
2026-07-13 15:50:13,740 [INFO] Detail-page enrichment: 20/121 processed, 20 coordinates found so far
2026-07-13 15:50:18,680 [INFO] HTTP Request: GET https://www.magicbricks.com/lotus-pond-indirapuram-ghaziabad-pdpid-4d4235303030363130#cardid-50180762 "HTTP/1.1 200 OK"
2026-07-13 15:50:24,226 [INFO] HTTP Request: GET https://www.magicbricks.com/propertyDetails/2-BHK-90-Sq-m-Builder-Floor-Apartment-FOR-Rent-Vaishali-Sector-6-in-Ghaziabad&id=4d423834373035313131#cardid-84705111 "HTTP/1.1 200 OK"
2026-07-13 15:50:30,663 [INFO] HTTP Request: GET https://www.magicbricks.com/propertyDetails/2-BHK-1200-Sq-ft-Builder-Floor-Apartment-FOR-Rent-Indirapuram-in-Ghaziabad&id=4d423834383533303835#cardid-84853085 "HTTP/1.1 200 OK"
2026-07-13 15:50:39,392 [INFO] HTTP Request: GET https://www.magicbricks.com/prateek-grand-city-siddhartha-vihar-ghaziabad-pdpid-4d4235303239363635#cardid-84863731 "HTTP/1.1 200 OK"
2026-07-13 15:50:45,610 [INFO] HTTP Request: GET https://www.magicbricks.com/dwarikaraj-raj-garden-city-raj-nagar-extension-ghaziabad-pdpid-4d4235303232353435#cardid-85143181 "HTTP/1.1 200 OK"
2026-07-13 15:50:50,141 [INFO] HTTP Request: GET https://www.magicbricks.com/shri-balaji-residency-indirapuram-ghaziabad-pdpid-4d4235303039393631#cardid-76726373 "HTTP/1.1 200 OK"
2026-07-13 15:50:56,775 [INFO] HTTP Request: GET https://www.magicbricks.com/propertyDetails/90-Sq-ft-Residential-House-FOR-Rent-Vasundhara-Sector-9-in-Ghaziabad&id=4d423433343535333239#cardid-43455329 "HTTP/1.1 200 OK"
2026-07-13 15:51:00,368 [INFO] HTTP Request: GET https://www.magicbricks.com/propertyDetails/5-BHK-300-Sq-m-Villa-FOR-Rent-Indirapuram-in-Ghaziabad&id=4d423834343836383433#cardid-84486843 "HTTP/1.1 200 OK"
2026-07-13 15:51:04,568 [INFO] HTTP Request: GET https://www.magicbricks.com/vasu-fortune-residency-raj-nagar-extension-ghaziabad-pdpid-4d4235303136383931#cardid-84822379 "HTTP/1.1 200 OK"
2026-07-13 15:51:09,997 [INFO] HTTP Request: GET https://www.magicbricks.com/propertyDetails/1-BHK-350-Sq-ft-Builder-Floor-Apartment-FOR-Rent-Vaishali-Sector-3-in-Ghaziabad&id=4d423834333730383033#cardid-84370803 "HTTP/1.1 200 OK"
2026-07-13 15:51:10,307 [INFO] Detail-page enrichment: 30/121 processed, 30 coordinates found so far
2026-07-13 15:51:15,412 [INFO] HTTP Request: GET https://www.magicbricks.com/gaur-green-city-indirapuram-ghaziabad-pdpid-4d4235303030393530#cardid-85450945 "HTTP/1.1 200 OK"
2026-07-13 15:51:19,405 [INFO] HTTP Request: GET https://www.magicbricks.com/anthem-kingdom-homes-raj-nagar-extension-ghaziabad-pdpid-4d4235303136353437#cardid-85410533 "HTTP/1.1 200 OK"
2026-07-13 15:51:23,721 [INFO] HTTP Request: GET https://www.magicbricks.com/meenal-balmukunda-residency-raj-nagar-extension-ghaziabad-pdpid-4d4235303230343638#cardid-85327127 "HTTP/1.1 200 OK"
2026-07-13 15:51:29,750 [INFO] HTTP Request: GET https://www.magicbricks.com/rishabh-cloud-habitate9-towers-vaishali-ghaziabad-pdpid-4d4235323636323833#cardid-84597665 "HTTP/1.1 200 OK"
2026-07-13 15:51:35,297 [INFO] HTTP Request: GET https://www.magicbricks.com/krishna-apra-gardens-indirapuram-ghaziabad-pdpid-4d4235303030363833#cardid-85518905 "HTTP/1.1 200 OK"
2026-07-13 15:51:39,273 [INFO] HTTP Request: GET https://www.magicbricks.com/gulmohur-tower-sector-4-chiranjiv-vihar-ghaziabad-pdpid-4d4235303130343734#cardid-83357123 "HTTP/1.1 301 Moved Permanently"
2026-07-13 15:51:40,397 [INFO] HTTP Request: GET https://www.magicbricks.com/gulmohur-tower-chiranjiv-vihar-ghaziabad-pdpid-4d4235303130343734#cardid-83357123 "HTTP/1.1 200 OK"
2026-07-13 15:51:45,736 [INFO] HTTP Request: GET https://www.magicbricks.com/shipra-sun-tower-indirapuram-ghaziabad-pdpid-4d4235303130333933#cardid-85261517 "HTTP/1.1 200 OK"
2026-07-13 15:51:50,345 [INFO] HTTP Request: GET https://www.magicbricks.com/kdp-grand-savana-raj-nagar-extension-ghaziabad-pdpid-4d4235303231323830#cardid-85511197 "HTTP/1.1 200 OK"
2026-07-13 15:51:55,580 [INFO] HTTP Request: GET https://www.magicbricks.com/propertyDetails/3-BHK-1200-Sq-ft-Builder-Floor-Apartment-FOR-Rent-Niti-Khand-1-in-Ghaziabad&id=4d423739313435353333#cardid-79145533 "HTTP/1.1 200 OK"
2026-07-13 15:51:59,444 [INFO] HTTP Request: GET https://www.magicbricks.com/mahagun-mosaic-phase-2-vaishali-sector-4-ghaziabad-pdpid-4d4235323637363733#cardid-84999091 "HTTP/1.1 301 Moved Permanently"
2026-07-13 15:51:59,878 [INFO] HTTP Request: GET https://www.magicbricks.com/mahagun-mosaic-phase-2-vaishali-ghaziabad-pdpid-4d4235323637363733#cardid-84999091 "HTTP/1.1 200 OK"
2026-07-13 15:52:00,307 [INFO] Detail-page enrichment: 40/121 processed, 40 coordinates found so far
2026-07-13 15:52:06,100 [INFO] HTTP Request: GET https://www.magicbricks.com/ats-advantage-ahinsa-khand-1-ghaziabad-pdpid-4d4235303031333930#cardid-85522339 "HTTP/1.1 301 Moved Permanently"
2026-07-13 15:52:06,201 [INFO] HTTP Request: GET https://www.magicbricks.com/ats-advantage-indirapuram-ghaziabad-pdpid-4d4235303031333930#cardid-85522339 "HTTP/1.1 200 OK"
2026-07-13 15:52:11,320 [INFO] HTTP Request: GET https://www.magicbricks.com/metro-suites-vaishali-sector-4-ghaziabad-pdpid-4d4235303230323536#cardid-85491629 "HTTP/1.1 301 Moved Permanently"
2026-07-13 15:52:11,742 [INFO] HTTP Request: GET https://www.magicbricks.com/metro-suites-vaishali-ghaziabad-pdpid-4d4235303230323536#cardid-85491629 "HTTP/1.1 200 OK"
2026-07-13 15:52:17,282 [INFO] HTTP Request: GET https://www.magicbricks.com/exotica-eastern-court-crossings-republik-ghaziabad-pdpid-4d4235303130303735#cardid-85073721 "HTTP/1.1 200 OK"
2026-07-13 15:52:23,116 [INFO] HTTP Request: GET https://www.magicbricks.com/saviour-park-mohan-nagar-ghaziabad-pdpid-4d4235303130333834#cardid-80739911 "HTTP/1.1 200 OK"
2026-07-13 15:52:29,262 [INFO] HTTP Request: GET https://www.magicbricks.com/saya-gold-avenue-vaibhav-khand-ghaziabad-pdpid-4d4235303731333437#cardid-83307753 "HTTP/1.1 301 Moved Permanently"
2026-07-13 15:52:30,508 [INFO] HTTP Request: GET https://www.magicbricks.com/saya-gold-avenue-indirapuram-ghaziabad-pdpid-4d4235303731333437#cardid-83307753 "HTTP/1.1 200 OK"
2026-07-13 15:52:38,070 [INFO] HTTP Request: GET https://www.magicbricks.com/wave-veridia-nh-24-ghaziabad-pdpid-4d4235333137383931#cardid-81381611 "HTTP/1.1 200 OK"
2026-07-13 15:52:42,350 [INFO] HTTP Request: GET https://www.magicbricks.com/propertyDetails/3-BHK-1300-Sq-ft-Builder-Floor-Apartment-FOR-Rent-Gyan-Khand-1-in-Ghaziabad&id=4d423835303832323939#cardid-85082299 "HTTP/1.1 200 OK"
2026-07-13 15:52:46,138 [INFO] HTTP Request: GET https://www.magicbricks.com/wave-veridia-nh-24-ghaziabad-pdpid-4d4235333137383931#cardid-83503905 "HTTP/1.1 200 OK"
2026-07-13 15:52:52,614 [INFO] HTTP Request: GET https://www.magicbricks.com/proview-officer-city-raj-nagar-extension-ghaziabad-pdpid-4d4235303030373337#cardid-84689977 "HTTP/1.1 200 OK"
2026-07-13 15:53:00,477 [INFO] HTTP Request: GET https://www.magicbricks.com/propertyDetails/3-BHK-1400-Sq-ft-Builder-Floor-Apartment-FOR-Rent-Vaishali-Sector-5-in-Ghaziabad&id=4d423835333830373531#cardid-85380751 "HTTP/1.1 200 OK"
2026-07-13 15:53:00,763 [INFO] Detail-page enrichment: 50/121 processed, 50 coordinates found so far
2026-07-13 15:53:04,593 [INFO] HTTP Request: GET https://www.magicbricks.com/rishabh-cloud-9-towers-vaishali-vaishali-ghaziabad-pdpid-4d4235313136373535#cardid-85413281 "HTTP/1.1 200 OK"
2026-07-13 15:53:11,330 [INFO] HTTP Request: GET https://www.magicbricks.com/panchsheel-wellington-crossings-republik-ghaziabad-pdpid-4d4235303139383131#cardid-85099717 "HTTP/1.1 200 OK"
2026-07-13 15:53:16,346 [INFO] HTTP Request: GET https://www.magicbricks.com/vasu-fortune-residency-garhi-ghaziabad-pdpid-4d4235303136383931#cardid-77608597 "HTTP/1.1 301 Moved Permanently"
2026-07-13 15:53:16,463 [INFO] HTTP Request: GET https://www.magicbricks.com/vasu-fortune-residency-raj-nagar-extension-ghaziabad-pdpid-4d4235303136383931#cardid-77608597 "HTTP/1.1 200 OK"
2026-07-13 15:53:21,388 [INFO] HTTP Request: GET https://www.magicbricks.com/saviour-park-mohan-nagar-ghaziabad-pdpid-4d4235303130333834#cardid-85039743 "HTTP/1.1 200 OK"
2026-07-13 15:53:25,980 [INFO] HTTP Request: GET https://www.magicbricks.com/anthem-kingdom-homes-raj-nagar-extension-ghaziabad-pdpid-4d4235303136353437#cardid-85349287 "HTTP/1.1 200 OK"
2026-07-13 15:53:31,715 [INFO] HTTP Request: GET https://www.magicbricks.com/propertyDetails/1500-Sq-yrd-Commercial-Land-FOR-Rent-Vikas-Nagar-in-Ghaziabad&id=4d423833383930313231#cardid-83890121 "HTTP/1.1 200 OK"
2026-07-13 15:53:36,316 [INFO] HTTP Request: GET https://www.magicbricks.com/proview-delhi-99-phase-ii-bhopura-ghaziabad-pdpid-4d4235323637383935#cardid-85210863 "HTTP/1.1 200 OK"
2026-07-13 15:53:42,775 [INFO] HTTP Request: GET https://www.magicbricks.com/shipra-regal-apartment-indirapuram-ghaziabad-pdpid-4d4235313033303633#cardid-85107339 "HTTP/1.1 200 OK"
2026-07-13 15:53:47,579 [INFO] HTTP Request: GET https://www.magicbricks.com/sps-residency-indirapuram-ghaziabad-pdpid-4d4235303030353731#cardid-84855847 "HTTP/1.1 200 OK"
2026-07-13 15:53:52,819 [INFO] HTTP Request: GET https://www.magicbricks.com/prateek-grand-city-siddhartha-vihar-ghaziabad-pdpid-4d4235303239363635#cardid-84799753 "HTTP/1.1 200 OK"
2026-07-13 15:53:53,512 [INFO] Detail-page enrichment: 60/121 processed, 60 coordinates found so far
2026-07-13 15:53:58,125 [INFO] HTTP Request: GET https://www.magicbricks.com/wave-veridia-wave-city-ghaziabad-pdpid-4d4235333137383931#cardid-84950501 "HTTP/1.1 301 Moved Permanently"
2026-07-13 15:53:58,350 [INFO] HTTP Request: GET https://www.magicbricks.com/wave-veridia-nh-24-ghaziabad-pdpid-4d4235333137383931#cardid-84950501 "HTTP/1.1 200 OK"
2026-07-13 15:54:05,109 [INFO] HTTP Request: GET https://www.magicbricks.com/amrapali-royal-indirapuram-ghaziabad-pdpid-4d4235303031323135#cardid-85474823 "HTTP/1.1 200 OK"
2026-07-13 15:54:09,516 [INFO] HTTP Request: GET https://www.magicbricks.com/wave-dream-homes-nh-24-ghaziabad-pdpid-4d4235303136353939#cardid-85162499 "HTTP/1.1 200 OK"
2026-07-13 15:54:15,432 [INFO] HTTP Request: GET https://www.magicbricks.com/assotech-the-nest-crossings-republik-ghaziabad-pdpid-4d4235303039393435#cardid-85174745 "HTTP/1.1 200 OK"
2026-07-13 15:54:20,964 [INFO] HTTP Request: GET https://www.magicbricks.com/rishabh-cloud-9-towers-vaishali-kamma-1-ghaziabad-pdpid-4d4235313136373535#cardid-85442793 "HTTP/1.1 301 Moved Permanently"
2026-07-13 15:54:21,076 [INFO] HTTP Request: GET https://www.magicbricks.com/rishabh-cloud-9-towers-vaishali-vaishali-ghaziabad-pdpid-4d4235313136373535#cardid-85442793 "HTTP/1.1 200 OK"
2026-07-13 15:54:27,638 [INFO] HTTP Request: GET https://www.magicbricks.com/independent-builder-floor-at-niti-khand-indirapuram-indirapuram-ghaziabad-pdpid-4d4235343233363339#cardid-85436177 "HTTP/1.1 200 OK"
2026-07-13 15:54:33,770 [INFO] HTTP Request: GET https://www.magicbricks.com/propertyDetails/3-BHK-1450-Sq-ft-Multistorey-Apartment-FOR-Rent-Pandav-Nagar-in-Ghaziabad&id=4d423835353039393931#cardid-85509991 "HTTP/1.1 200 OK"
2026-07-13 15:54:37,446 [INFO] HTTP Request: GET https://www.magicbricks.com/aegis-trine-towers-ahinsa-khand-2-ghaziabad-pdpid-4d4235333234333233#cardid-85514675 "HTTP/1.1 301 Moved Permanently"
2026-07-13 15:54:38,792 [INFO] HTTP Request: GET https://www.magicbricks.com/aegis-trine-towers-indirapuram-ghaziabad-pdpid-4d4235333234333233#cardid-85514675 "HTTP/1.1 200 OK"
2026-07-13 15:54:42,987 [INFO] HTTP Request: GET https://www.magicbricks.com/hrc-professional-indirapuram-ghaziabad-pdpid-4d4235303131323932#cardid-85520055 "HTTP/1.1 200 OK"
2026-07-13 15:54:48,006 [INFO] HTTP Request: GET https://www.magicbricks.com/savfab-jasmine-grove-nh-24-ghaziabad-pdpid-4d4235303338383030#cardid-85507607 "HTTP/1.1 200 OK"
2026-07-13 15:54:48,599 [INFO] Detail-page enrichment: 70/121 processed, 70 coordinates found so far
2026-07-13 15:54:53,943 [INFO] HTTP Request: GET https://www.magicbricks.com/lotus-pond-indirapuram-ghaziabad-pdpid-4d4235303030363130#cardid-84464851 "HTTP/1.1 200 OK"
2026-07-13 15:54:58,564 [INFO] HTTP Request: GET https://www.magicbricks.com/prateek-grand-city-siddhartha-vihar-ghaziabad-pdpid-4d4235303239363635#cardid-84505701 "HTTP/1.1 200 OK"
2026-07-13 15:55:03,175 [INFO] HTTP Request: GET https://www.magicbricks.com/saya-gold-avenue-indirapuram-ghaziabad-pdpid-4d4235303731333437#cardid-85500083 "HTTP/1.1 200 OK"
2026-07-13 15:55:09,721 [INFO] HTTP Request: GET https://www.magicbricks.com/bulland-heights-crossings-republik-ghaziabad-pdpid-4d4235303039393739#cardid-81098273 "HTTP/1.1 200 OK"
2026-07-13 15:55:15,642 [INFO] HTTP Request: GET https://www.magicbricks.com/gaur-valerio-indirapuram-ghaziabad-pdpid-4d4235303030393532#cardid-46960301 "HTTP/1.1 200 OK"
2026-07-13 15:55:20,252 [INFO] HTTP Request: GET https://www.magicbricks.com/proview-officer-city-garhi-ghaziabad-pdpid-4d4235303030373337#cardid-47857209 "HTTP/1.1 301 Moved Permanently"
2026-07-13 15:55:20,559 [INFO] HTTP Request: GET https://www.magicbricks.com/proview-officer-city-raj-nagar-extension-ghaziabad-pdpid-4d4235303030373337#cardid-47857209 "HTTP/1.1 200 OK"
2026-07-13 15:55:25,999 [INFO] HTTP Request: GET https://www.magicbricks.com/sg-homes-vasundhara-ghaziabad-pdpid-4d4235303138343332#cardid-84506113 "HTTP/1.1 200 OK"
2026-07-13 15:55:33,768 [INFO] HTTP Request: GET https://www.magicbricks.com/shakti-khand-3-indirapuram-ghaziabad-pdpid-4d4235303836333037#cardid-85459251 "HTTP/1.1 200 OK"
2026-07-13 15:55:40,223 [INFO] HTTP Request: GET https://www.magicbricks.com/manoj-vihar-indirapuram-ghaziabad-pdpid-4d4235303131303632#cardid-84807469 "HTTP/1.1 200 OK"
2026-07-13 15:55:45,852 [INFO] HTTP Request: GET https://www.magicbricks.com/aditya-urban-homes-wave-city-ghaziabad-pdpid-4d4235303835383934#cardid-79378177 "HTTP/1.1 301 Moved Permanently"
2026-07-13 15:55:46,980 [INFO] HTTP Request: GET https://www.magicbricks.com/aditya-urban-homes-nh-24-ghaziabad-pdpid-4d4235303835383934#cardid-79378177 "HTTP/1.1 200 OK"
2026-07-13 15:55:47,542 [INFO] Detail-page enrichment: 80/121 processed, 80 coordinates found so far
2026-07-13 15:55:51,997 [INFO] HTTP Request: GET https://www.magicbricks.com/express-garden-vaibhav-khand-ghaziabad-pdpid-4d4235303030393736#cardid-83661539 "HTTP/1.1 301 Moved Permanently"
2026-07-13 15:55:52,921 [INFO] HTTP Request: GET https://www.magicbricks.com/express-garden-indirapuram-ghaziabad-pdpid-4d4235303030393736#cardid-83661539 "HTTP/1.1 200 OK"
2026-07-13 15:56:00,717 [INFO] HTTP Request: GET https://www.magicbricks.com/savfab-jasmine-grove-nh-24-ghaziabad-pdpid-4d4235303338383030#cardid-83895525 "HTTP/1.1 200 OK"
2026-07-13 15:56:05,208 [INFO] HTTP Request: GET https://www.magicbricks.com/propertyDetails/1-BHK-500-Sq-ft-Builder-Floor-Apartment-FOR-Rent-Vaishali-Sector-6-in-Ghaziabad&id=4d423833383433363439#cardid-83843649 "HTTP/1.1 200 OK"
2026-07-13 15:56:10,639 [INFO] HTTP Request: GET https://www.magicbricks.com/shipra-krishna-vista-indirapuram-ahinsa-khand-1-ghaziabad-pdpid-4d4235323730303935#cardid-85177043 "HTTP/1.1 301 Moved Permanently"
2026-07-13 15:56:11,465 [INFO] HTTP Request: GET https://www.magicbricks.com/shipra-krishna-vista-indirapuram-indirapuram-ghaziabad-pdpid-4d4235323730303935#cardid-85177043 "HTTP/1.1 200 OK"
2026-07-13 15:56:15,857 [INFO] HTTP Request: GET https://www.magicbricks.com/express-garden-vaibhav-khand-ghaziabad-pdpid-4d4235303030393736#cardid-85099389 "HTTP/1.1 301 Moved Permanently"
2026-07-13 15:56:15,970 [INFO] HTTP Request: GET https://www.magicbricks.com/express-garden-indirapuram-ghaziabad-pdpid-4d4235303030393736#cardid-85099389 "HTTP/1.1 200 OK"
2026-07-13 15:56:21,432 [INFO] HTTP Request: GET https://www.magicbricks.com/propertyDetails/3-BHK-1699-Sq-ft-Builder-Floor-Apartment-FOR-Rent-Rajendra-Nagar-in-Ghaziabad&id=4d423834363638303135#cardid-84668015 "HTTP/1.1 200 OK"
2026-07-13 15:56:26,411 [INFO] HTTP Request: GET https://www.magicbricks.com/ramprastha-greens-pearl-court-vaishali-ghaziabad-pdpid-4d4235303130333438#cardid-85516499 "HTTP/1.1 200 OK"
2026-07-13 15:56:31,825 [INFO] HTTP Request: GET https://www.magicbricks.com/mahagun-mansion-1-and-2-vaibhav-khand-ghaziabad-pdpid-4d4235303030373136#cardid-85495983 "HTTP/1.1 301 Moved Permanently"
2026-07-13 15:56:33,818 [INFO] HTTP Request: GET https://www.magicbricks.com/mahagun-mansion-1-and-2-indirapuram-ghaziabad-pdpid-4d4235303030373136#cardid-85495983 "HTTP/1.1 200 OK"
2026-07-13 15:56:40,571 [INFO] HTTP Request: GET https://www.magicbricks.com/charms-solitaire-indirapuram-ghaziabad-pdpid-4d4235303031303935#cardid-85483469 "HTTP/1.1 200 OK"
2026-07-13 15:56:44,418 [INFO] HTTP Request: GET https://www.magicbricks.com/wave-veridia-wave-city-ghaziabad-pdpid-4d4235333137383931#cardid-82536281 "HTTP/1.1 301 Moved Permanently"
2026-07-13 15:56:44,565 [INFO] HTTP Request: GET https://www.magicbricks.com/wave-veridia-nh-24-ghaziabad-pdpid-4d4235333137383931#cardid-82536281 "HTTP/1.1 200 OK"
2026-07-13 15:56:45,199 [INFO] Detail-page enrichment: 90/121 processed, 90 coordinates found so far
2026-07-13 15:56:50,089 [INFO] HTTP Request: GET https://www.magicbricks.com/saviour-greenisle-crossings-republik-ghaziabad-pdpid-4d4235303235373033#cardid-84856951 "HTTP/1.1 200 OK"
2026-07-13 15:56:54,539 [INFO] HTTP Request: GET https://www.magicbricks.com/prateek-grand-city-siddhartha-vihar-ghaziabad-pdpid-4d4235303239363635#cardid-85366853 "HTTP/1.1 200 OK"
2026-07-13 15:57:00,065 [INFO] HTTP Request: GET https://www.magicbricks.com/propertyDetails/2-BHK-1600-Sq-ft-Multistorey-Apartment-FOR-Rent-Indirapuram-in-Ghaziabad&id=4d423835343830313331#cardid-85480131 "HTTP/1.1 200 OK"
2026-07-13 15:57:03,780 [INFO] HTTP Request: GET https://www.magicbricks.com/propertyDetails/4-BHK-1500-Sq-ft-Builder-Floor-Apartment-FOR-Rent-Neeti-Khand-2-in-Ghaziabad&id=4d423835333933313339#cardid-85393139 "HTTP/1.1 200 OK"
2026-07-13 15:57:10,232 [INFO] HTTP Request: GET https://www.magicbricks.com/vasu-fortune-residency-raj-nagar-extension-ghaziabad-pdpid-4d4235303136383931#cardid-84026065 "HTTP/1.1 200 OK"
2026-07-13 15:57:15,437 [INFO] HTTP Request: GET https://www.magicbricks.com/propertyDetails/3-BHK-1400-Sq-ft-Builder-Floor-Apartment-FOR-Rent-Indirapuram-in-Ghaziabad&id=4d423835343936333739#cardid-85496379 "HTTP/1.1 200 OK"
2026-07-13 15:57:20,201 [INFO] HTTP Request: GET https://www.magicbricks.com/amrapali-royal-indirapuram-ghaziabad-pdpid-4d4235303031323135#cardid-29526437 "HTTP/1.1 200 OK"
2026-07-13 15:57:25,127 [INFO] HTTP Request: GET https://www.magicbricks.com/propertyDetails/600-Sq-yrd-Commercial-Land-FOR-Rent-Ramprastha-Colony-in-Ghaziabad&id=4d423834393631323531#cardid-84961251 "HTTP/1.1 200 OK"
2026-07-13 15:57:28,335 [INFO] HTTP Request: GET https://www.magicbricks.com/wave-veridia-wave-city-ghaziabad-pdpid-4d4235333137383931#cardid-85510181 "HTTP/1.1 301 Moved Permanently"
2026-07-13 15:57:28,487 [INFO] HTTP Request: GET https://www.magicbricks.com/wave-veridia-nh-24-ghaziabad-pdpid-4d4235333137383931#cardid-85510181 "HTTP/1.1 200 OK"
2026-07-13 15:57:33,705 [INFO] HTTP Request: GET https://www.magicbricks.com/propertyDetails/2-BHK-850-Sq-ft-Multistorey-Apartment-FOR-Rent-Indirapuram-in-Ghaziabad&id=4d423833353539373037#cardid-83559707 "HTTP/1.1 200 OK"
2026-07-13 15:57:34,030 [INFO] Detail-page enrichment: 100/121 processed, 100 coordinates found so far
2026-07-13 15:57:38,958 [INFO] HTTP Request: GET https://www.magicbricks.com/adwik-la-casa-crossings-republik-ghaziabad-pdpid-4d4235303732303234#cardid-85341011 "HTTP/1.1 200 OK"
2026-07-13 15:57:45,686 [INFO] HTTP Request: GET https://www.magicbricks.com/propertyDetails/3-BHK-1350-Sq-ft-Builder-Floor-Apartment-FOR-Rent-Indirapuram-in-Ghaziabad&id=4d423733393637343837#cardid-73967487 "HTTP/1.1 200 OK"
2026-07-13 15:57:49,568 [INFO] HTTP Request: GET https://www.magicbricks.com/wave-dream-homes-nh-24-ghaziabad-pdpid-4d4235303136353939#cardid-83140027 "HTTP/1.1 200 OK"
2026-07-13 15:57:53,711 [INFO] HTTP Request: GET https://www.magicbricks.com/gyan-khand-2-indirapuram-ghaziabad-pdpid-4d4235323637313835#cardid-85225919 "HTTP/1.1 200 OK"
2026-07-13 15:57:59,522 [INFO] HTTP Request: GET https://www.magicbricks.com/propertyDetails/2-BHK-750-Sq-ft-Multistorey-Apartment-FOR-Rent-Vaishali-Sector-4-in-Ghaziabad&id=4d423835303236303935#cardid-85026095 "HTTP/1.1 200 OK"
2026-07-13 15:58:05,526 [INFO] HTTP Request: GET https://www.magicbricks.com/windsor-and-nova-society-indirapuram-ghaziabad-pdpid-4d4235303131303233#cardid-85366699 "HTTP/1.1 200 OK"
2026-07-13 15:58:13,378 [INFO] HTTP Request: GET https://www.magicbricks.com/metro-suites-glitz-vasundhara-ghaziabad-pdpid-4d4235313835373337#cardid-85383921 "HTTP/1.1 200 OK"
2026-07-13 15:58:18,120 [INFO] HTTP Request: GET https://www.magicbricks.com/apex-d-rio-indirapuram-ghaziabad-pdpid-4d4235323432363235#cardid-82327719 "HTTP/1.1 200 OK"
2026-07-13 15:58:23,941 [INFO] HTTP Request: GET https://www.magicbricks.com/balaji-enclave-govindpuram-ghaziabad-pdpid-4d4235303836333030#cardid-84760221 "HTTP/1.1 200 OK"
2026-07-13 15:58:27,190 [INFO] HTTP Request: GET https://www.magicbricks.com/saya-gold-avenue-indirapuram-ghaziabad-pdpid-4d4235303731333437#cardid-85307987 "HTTP/1.1 200 OK"
2026-07-13 15:58:27,915 [INFO] Detail-page enrichment: 110/121 processed, 110 coordinates found so far
2026-07-13 15:58:33,305 [INFO] HTTP Request: GET https://www.magicbricks.com/express-garden-indirapuram-ghaziabad-pdpid-4d4235303030393736#cardid-84945937 "HTTP/1.1 200 OK"
2026-07-13 15:58:38,873 [INFO] HTTP Request: GET https://www.magicbricks.com/shipra-sun-city-indirapuram-ghaziabad-pdpid-4d4235303030323934#cardid-84466921 "HTTP/1.1 200 OK"
2026-07-13 15:58:46,308 [INFO] HTTP Request: GET https://www.magicbricks.com/propertyDetails/3-BHK-1300-Sq-ft-Builder-Floor-Apartment-FOR-Rent-Indirapuram-in-Ghaziabad&id=4d423832363135373633#cardid-82615763 "HTTP/1.1 200 OK"
2026-07-13 15:58:53,659 [INFO] HTTP Request: GET https://www.magicbricks.com/balaji-puram-govindpuram-ghaziabad-pdpid-4d4235303738323237#cardid-85467865 "HTTP/1.1 200 OK"
2026-07-13 15:58:59,891 [INFO] HTTP Request: GET https://www.magicbricks.com/wtc-noida-one-e-gautam-buddha-road-ghaziabad-pdpid-4d4235343331353237#cardid-84985321 "HTTP/1.1 200 OK"
2026-07-13 15:59:04,952 [INFO] HTTP Request: GET https://www.magicbricks.com/gaur-cascades-garhi-ghaziabad-pdpid-4d4235303030393233#cardid-84696481 "HTTP/1.1 301 Moved Permanently"
2026-07-13 15:59:06,131 [INFO] HTTP Request: GET https://www.magicbricks.com/gaur-cascades-raj-nagar-extension-ghaziabad-pdpid-4d4235303030393233#cardid-84696481 "HTTP/1.1 200 OK"
2026-07-13 15:59:11,927 [INFO] HTTP Request: GET https://www.magicbricks.com/propertyDetails/2-BHK-1250-Sq-ft-Residential-House-FOR-Rent-Raj-Nagar-Extension-in-Ghaziabad&id=4d423632383131363737#cardid-62811677 "HTTP/1.1 200 OK"
2026-07-13 15:59:16,796 [INFO] HTTP Request: GET https://www.magicbricks.com/apex-d-rio-indirapuram-ghaziabad-pdpid-4d4235323432363235#cardid-84290335 "HTTP/1.1 200 OK"
2026-07-13 15:59:24,996 [INFO] HTTP Request: GET https://www.magicbricks.com/propertyDetails/4-BHK-1800-Sq-ft-Builder-Floor-Apartment-FOR-Rent-Vasundhara-Sector-5-in-Ghaziabad&id=4d423832343936343437#cardid-82496447 "HTTP/1.1 200 OK"
2026-07-13 15:59:30,806 [INFO] HTTP Request: GET https://www.magicbricks.com/cloud-9-ahinsa-khand-2-ghaziabad-pdpid-4d4235323235343731#cardid-84986307 "HTTP/1.1 200 OK"
2026-07-13 15:59:31,102 [INFO] Detail-page enrichment: 120/121 processed, 120 coordinates found so far
2026-07-13 15:59:34,597 [INFO] HTTP Request: GET https://www.magicbricks.com/propertyDetails/1-BHK-850-Sq-ft-Residential-House-FOR-Rent-Rajendra-Nagar-Sector-5-in-Ghaziabad&id=4d423832343430363535#cardid-82440655 "HTTP/1.1 200 OK"
2026-07-13 15:59:34,746 [INFO] Detail-page enrichment complete: 121/121 listings got real coordinates
2026-07-13 15:59:34,747 [INFO] Scraped 121 total listings
2026-07-13 15:59:34,762 [INFO] Wrote 121 listings to scraped_listings.jsonl
2026-07-14 11:13:50,956 [INFO] No city name in config — reverse-geocoding (28.5074, 77.3912)...
2026-07-14 11:13:51,675 [INFO] Resolved city: Noida, state: Uttar Pradesh
2026-07-14 11:13:51,678 [INFO] Saved resolved values back to C:\Users\riddh\OneDrive\Desktop\skymark-grid-project\config.json
2026-07-14 11:13:51,698 [INFO] Starting MagicBricks scrape run
2026-07-14 11:13:58,859 [INFO] Bootstrapping session via Playwright: https://www.magicbricks.com/property-for-rent/residential-real-estate?cityName=Noida&page=1
2026-07-14 11:14:05,513 [INFO] Skipping likely-commercial listing:   Office Space for Rent in Sector 140A Noida
2026-07-14 11:14:05,534 [INFO] Skipping likely-commercial listing:   Office Space for Rent in Sector 63 Noida
2026-07-14 11:14:05,541 [INFO] Skipping likely-commercial listing:   Office Space for Rent in Sector 62, NH 24 Noida
2026-07-14 11:14:05,545 [INFO] Skipping likely-commercial listing:   Office Space for Rent in Sector 16 Noida
2026-07-14 11:14:05,552 [WARNING] Rejecting implausible monthly_rent=2200000.0 for cardid=85014211 (source text: 2200000) — outside the 1,000-1,000,000 sanity range.
2026-07-14 11:14:05,552 [INFO] Skipping likely-commercial listing:  Industrial Shed for Rent in Block C Sector 80 Noida
2026-07-14 11:14:05,558 [INFO] Skipping likely-commercial listing:  Industrial Building for Rent in C Block Sector 63 Noida
2026-07-14 11:14:05,561 [WARNING] Rejecting implausible monthly_rent=2375000.0 for cardid=85153975 (source text: 2375000) — outside the 1,000-1,000,000 sanity range.
2026-07-14 11:14:05,561 [INFO] Skipping likely-commercial listing:   Office Space for Rent in Block B Sector 62 Industrial Area Noida
2026-07-14 11:14:05,585 [INFO] Skipping likely-commercial listing:   Office Space for Rent in Sector 135, Noida Express Way Noida
2026-07-14 11:14:05,590 [WARNING] Rejecting implausible monthly_rent=1260000.0 for cardid=85452395 (source text: 1260000) — outside the 1,000-1,000,000 sanity range.
2026-07-14 11:14:05,591 [INFO] Skipping likely-commercial listing:  Industrial Building for Rent in Block C Sector 57 Noida
2026-07-14 11:14:05,591 [INFO] Page 1: 21 listings parsed so far
2026-07-14 11:14:20,045 [INFO] HTTP Request: GET https://www.magicbricks.com/property-for-rent/residential-real-estate?cityName=Noida&page=2 "HTTP/1.1 200 OK"
2026-07-14 11:14:20,305 [INFO] Skipping likely-commercial listing:   Shop for Rent in Sector 18, Noida sector 18 Metro Noida
2026-07-14 11:14:20,314 [INFO] Skipping likely-commercial listing:   Office Space for Rent in Sector 96 Noida
2026-07-14 11:14:20,328 [INFO] Skipping likely-commercial listing:   Office Space for Rent in Sector 154, Noida Express Way Noida
2026-07-14 11:14:20,336 [INFO] Skipping likely-commercial listing:   Office Space for Rent in Block B Sector 132 Noida
2026-07-14 11:14:20,347 [WARNING] Rejecting implausible monthly_rent=1200000.0 for cardid=83310679 (source text: 1200000) — outside the 1,000-1,000,000 sanity range.
2026-07-14 11:14:20,347 [INFO] Skipping likely-commercial listing:   Showroom for Rent in Sector 5 Noida
2026-07-14 11:14:20,361 [INFO] Skipping likely-commercial listing:  Industrial Land for Rent in Block A Phase 2 Noida Noida
2026-07-14 11:14:20,366 [INFO] Skipping likely-commercial listing:   Office Space for Rent in Industrial Area Noida
2026-07-14 11:14:20,369 [INFO] Skipping likely-commercial listing:   Office Space for Rent in Sector 18, Noida sector 18 Metro Noida
2026-07-14 11:14:20,372 [INFO] Skipping likely-commercial listing:   Shop for Rent in Block C Sector 41 Noida
2026-07-14 11:14:20,376 [INFO] Skipping likely-commercial listing:   Office Space for Rent in Sector 18, Noida sector 18 Metro Noida
2026-07-14 11:14:20,383 [INFO] Skipping likely-commercial listing:   Office Space for Rent in Noida Extension Noida
2026-07-14 11:14:20,393 [INFO] Skipping likely-commercial listing:  Warehouse/ Godown for Rent in Sector 70 Noida
2026-07-14 11:14:20,397 [INFO] Skipping likely-commercial listing:   Office Space for Rent in Sector 2 Noida
2026-07-14 11:14:20,397 [INFO] Page 2: +17 listings (running total: 38)
2026-07-14 11:14:31,302 [INFO] HTTP Request: GET https://www.magicbricks.com/property-for-rent/residential-real-estate?cityName=Noida&page=3 "HTTP/1.1 200 OK"
2026-07-14 11:14:31,567 [INFO] Skipping likely-commercial listing:   Office Space for Rent in Sector 90 Noida
2026-07-14 11:14:31,576 [INFO] Skipping likely-commercial listing:   Shop for Rent in Aghapur, Sector 41 Noida
2026-07-14 11:14:31,591 [INFO] Skipping likely-commercial listing:   Office Space for Rent in Sector 125, Noida Express Way Noida
2026-07-14 11:14:31,594 [INFO] Skipping likely-commercial listing:   Office Space for Rent in Block C Sector 3 Noida
2026-07-14 11:14:31,597 [INFO] Skipping likely-commercial listing:   Office Space for Rent in A Block Sector 83 Noida
2026-07-14 11:14:31,613 [INFO] Skipping likely-commercial listing:   Office Space for Rent in Sector 140A Noida
2026-07-14 11:14:31,617 [INFO] Skipping likely-commercial listing:   Office Space for Rent in Noida Greater Noida Expressway Noida
2026-07-14 11:14:31,620 [INFO] Skipping likely-commercial listing:   Office Space for Rent in Block E Sector 3 Noida
2026-07-14 11:14:31,627 [INFO] Skipping likely-commercial listing:   Office Space for Rent in H Block Sector 63 Noida
2026-07-14 11:14:31,634 [INFO] Skipping likely-commercial listing:   Office Space for Rent in Sector 16 Noida
2026-07-14 11:14:31,640 [INFO] Skipping likely-commercial listing:   Office Space for Rent in Sector 62, NH 24 Noida
2026-07-14 11:14:31,644 [INFO] Skipping likely-commercial listing:   Office Space for Rent in Sector 63 Noida
2026-07-14 11:14:31,647 [INFO] Skipping likely-commercial listing:   Office Space for Rent in Sector 94, Noida Express Way Noida
2026-07-14 11:14:31,654 [INFO] Skipping likely-commercial listing:   Shop for Rent in Sector 75 Noida
2026-07-14 11:14:31,657 [INFO] Skipping likely-commercial listing:   Office Space for Rent in D Block Sector 63 Noida
2026-07-14 11:14:31,661 [INFO] Skipping likely-commercial listing: 2 BHK Flat  for Rent in  Noida One, Block C Phase 2 Industrial Area, Noida
2026-07-14 11:14:31,661 [INFO] Page 3: +14 listings (running total: 52)
2026-07-14 11:14:37,155 [INFO] HTTP Request: GET https://www.magicbricks.com/property-for-rent/residential-real-estate?cityName=Noida&page=4 "HTTP/1.1 200 OK"
2026-07-14 11:14:37,433 [WARNING] Rejecting implausible monthly_rent=2500100.0 for cardid=67848991 (source text: 2500100) — outside the 1,000-1,000,000 sanity range.
2026-07-14 11:14:37,434 [INFO] Skipping likely-commercial listing:   Office Space for Rent in Sector 125, Noida Express Way Noida
2026-07-14 11:14:37,440 [INFO] Skipping likely-commercial listing:   Office Space for Rent in B Block Sector 63 Noida
2026-07-14 11:14:37,461 [INFO] Skipping likely-commercial listing:   Office Space for Rent in Sector 135, Noida Express Way Noida
2026-07-14 11:14:37,474 [INFO] Skipping likely-commercial listing:   Office Space for Rent in Block A Sector 16 Noida
2026-07-14 11:14:37,477 [INFO] Skipping likely-commercial listing:   Office Space for Rent in BLS TECHHUB B69 B BLOCK SECTOR 63 Noida
2026-07-14 11:14:37,491 [INFO] Skipping likely-commercial listing:  Office in IT Park/ SEZ for Rent in Block C Phase 2 Industrial Area Noida
2026-07-14 11:14:37,509 [INFO] Skipping likely-commercial listing:   Office Space for Rent in Sector 63 Noida
2026-07-14 11:14:37,517 [INFO] Skipping likely-commercial listing:   Office Space for Rent in A Block Sector 63 Noida
2026-07-14 11:14:37,517 [INFO] Page 4: +22 listings (running total: 74)
2026-07-14 11:14:42,482 [INFO] HTTP Request: GET https://www.magicbricks.com/property-for-rent/residential-real-estate?cityName=Noida&page=5 "HTTP/1.1 200 OK"
2026-07-14 11:14:42,751 [INFO] Skipping likely-commercial listing:   Office Space for Rent in Sector 63 Noida
2026-07-14 11:14:42,765 [INFO] Skipping likely-commercial listing:   Office Space for Rent in Sector 62, NH 24 Noida
2026-07-14 11:14:42,767 [INFO] Skipping likely-commercial listing:   Office Space for Rent in Sector 69 Noida
2026-07-14 11:14:42,776 [INFO] Skipping likely-commercial listing:   Office Space for Rent in Pocket A Sector 18 Noida
2026-07-14 11:14:42,791 [INFO] Skipping likely-commercial listing:   Office Space for Rent in Sector 18, Noida sector 18 Metro Noida
2026-07-14 11:14:42,794 [INFO] Skipping likely-commercial listing:   Office Space for Rent in Sector 90 Noida
2026-07-14 11:14:42,800 [INFO] Skipping likely-commercial listing:   Office Space for Rent in Noida Extension Noida
2026-07-14 11:14:42,803 [INFO] Skipping likely-commercial listing:   Office Space for Rent in Block C Phase 2 Industrial Area Noida
2026-07-14 11:14:42,807 [INFO] Page 5: +22 listings (running total: 96)
2026-07-14 11:14:42,807 [INFO] Starting detail-page coordinate enrichment for 96 listings...
2026-07-14 11:14:48,513 [INFO] HTTP Request: GET https://www.magicbricks.com/aba-cleo-county-sector-121-noida-pdpid-4d4235303139303230#cardid-83303695 "HTTP/1.1 200 OK"
2026-07-14 11:14:56,205 [INFO] HTTP Request: GET https://www.magicbricks.com/ajnara-homes-noida-extension-noida-pdpid-4d4235303030393235#cardid-41287745 "HTTP/1.1 200 OK"
2026-07-14 11:15:03,668 [INFO] HTTP Request: GET https://www.magicbricks.com/jaypee-klassic-sector-134-noida-pdpid-4d4235303231353035#cardid-85257169 "HTTP/1.1 200 OK"
2026-07-14 11:15:09,630 [INFO] HTTP Request: GET https://www.magicbricks.com/godrej-woods-sector-43-noida-pdpid-4d4235323330313731#cardid-81408799 "HTTP/1.1 200 OK"
2026-07-14 11:15:15,865 [INFO] HTTP Request: GET https://www.magicbricks.com/propertyDetails/3-BHK-3302-Sq-ft-Multistorey-Apartment-FOR-Rent-Sector-108-Parx-Laureate-in-Noida&id=4d423536343231333933#cardid-56421393 "HTTP/1.1 200 OK"
2026-07-14 11:15:22,509 [INFO] HTTP Request: GET https://www.magicbricks.com/pearls-gateway-towers-sector-44-noida-pdpid-4d4235303130333138#cardid-85006209 "HTTP/1.1 200 OK"
2026-07-14 11:15:30,813 [INFO] HTTP Request: GET https://www.magicbricks.com/county-107-sector-107-noida-pdpid-4d4235313234373439#cardid-79645351 "HTTP/1.1 200 OK"
2026-07-14 11:15:34,402 [INFO] HTTP Request: GET https://www.magicbricks.com/aba-cleo-county-sector-121-noida-pdpid-4d4235303139303230#cardid-82981737 "HTTP/1.1 200 OK"
2026-07-14 11:15:37,496 [INFO] HTTP Request: GET https://www.magicbricks.com/aba-cleo-county-sector-121-noida-pdpid-4d4235303139303230#cardid-84082387 "HTTP/1.1 200 OK"
2026-07-14 11:15:41,249 [INFO] HTTP Request: GET https://www.magicbricks.com/eldeco-utopia-sector-93a-noida-pdpid-4d4235303031303036#cardid-85529447 "HTTP/1.1 200 OK"
2026-07-14 11:15:41,584 [INFO] Detail-page enrichment: 10/96 processed, 10 coordinates found so far
2026-07-14 11:15:45,451 [INFO] HTTP Request: GET https://www.magicbricks.com/prateek-stylome-sector-45-noida-pdpid-4d4235303139353130#cardid-85489835 "HTTP/1.1 200 OK"
2026-07-14 11:15:50,644 [INFO] HTTP Request: GET https://www.magicbricks.com/kalpataru-vista-sultanpur-noida-pdpid-4d4235313135383335#cardid-85223913 "HTTP/1.1 301 Moved Permanently"
2026-07-14 11:15:51,489 [INFO] HTTP Request: GET https://www.magicbricks.com/kalpataru-vista-sector-128-noida-pdpid-4d4235313135383335#cardid-85223913 "HTTP/1.1 200 OK"
2026-07-14 11:15:58,785 [INFO] HTTP Request: GET https://www.magicbricks.com/gaur-city-14th-avenue-noida-extension-noida-pdpid-4d4235323234343431#cardid-85412461 "HTTP/1.1 200 OK"
2026-07-14 11:16:04,527 [INFO] HTTP Request: GET https://www.magicbricks.com/kalpataru-vista-sector-128-noida-pdpid-4d4235313135383335#cardid-85523653 "HTTP/1.1 200 OK"
2026-07-14 11:16:10,648 [INFO] HTTP Request: GET https://www.magicbricks.com/grand-ajnara-heritage-sector-74-noida-pdpid-4d4235303233393931#cardid-82467133 "HTTP/1.1 200 OK"
2026-07-14 11:16:17,001 [INFO] HTTP Request: GET https://www.magicbricks.com/jaypee-greens-pavilion-court-sector-128-noida-pdpid-4d4235303130313530#cardid-85406419 "HTTP/1.1 200 OK"
2026-07-14 11:16:21,099 [INFO] HTTP Request: GET https://www.magicbricks.com/propertyDetails/3-BHK-2510-Sq-ft-Multistorey-Apartment-FOR-Rent-Sector-75-in-Noida&id=4d423834383236343533#cardid-84826453 "HTTP/1.1 200 OK"
2026-07-14 11:16:26,520 [INFO] HTTP Request: GET https://www.magicbricks.com/eldeco-live-by-the-greens-sector-150-noida-pdpid-4d4235313139363239#cardid-85195455 "HTTP/1.1 200 OK"
2026-07-14 11:16:32,250 [INFO] HTTP Request: GET https://www.magicbricks.com/jaypee-wish-town-klassic-sector-129-noida-pdpid-4d4235303130313439#cardid-84647849 "HTTP/1.1 200 OK"
2026-07-14 11:16:37,782 [INFO] HTTP Request: GET https://www.magicbricks.com/royal-nest-noida-extension-noida-pdpid-4d4235303933393337#cardid-85362321 "HTTP/1.1 200 OK"
2026-07-14 11:16:38,120 [INFO] Detail-page enrichment: 20/96 processed, 20 coordinates found so far
2026-07-14 11:16:41,773 [INFO] HTTP Request: GET https://www.magicbricks.com/county-107-sector-107-noida-pdpid-4d4235313234373439#cardid-85105799 "HTTP/1.1 200 OK"
2026-07-14 11:16:46,071 [INFO] HTTP Request: GET https://www.magicbricks.com/panchsheel-pratishtha-sector-75-noida-pdpid-4d4235303139383038#cardid-82774183 "HTTP/1.1 200 OK"
2026-07-14 11:16:49,570 [INFO] HTTP Request: GET https://www.magicbricks.com/aba-cleo-county-sector-121-noida-pdpid-4d4235303139303230#cardid-84266103 "HTTP/1.1 200 OK"
2026-07-14 11:16:53,131 [INFO] HTTP Request: GET https://www.magicbricks.com/samridhi-luxuriya-avenue-sector-150-noida-pdpid-4d4235303833353733#cardid-82000853 "HTTP/1.1 200 OK"
2026-07-14 11:16:57,141 [INFO] HTTP Request: GET https://www.magicbricks.com/jaypee-greens-augusta-town-homes-sector-128-noida-pdpid-4d4235303938363339#cardid-85442231 "HTTP/1.1 200 OK"
2026-07-14 11:17:03,378 [INFO] HTTP Request: GET https://www.magicbricks.com/civitech-stadia-sector-79-noida-pdpid-4d4235303232393932#cardid-83539221 "HTTP/1.1 200 OK"
2026-07-14 11:17:09,267 [INFO] HTTP Request: GET https://www.magicbricks.com/supertech-ecociti-sector-137-noida-pdpid-4d4235303137353239#cardid-83937675 "HTTP/1.1 200 OK"
2026-07-14 11:17:15,868 [INFO] HTTP Request: GET https://www.magicbricks.com/mahagun-moderne-sector-78-noida-pdpid-4d4235303230373436#cardid-64545405 "HTTP/1.1 200 OK"
2026-07-14 11:17:21,402 [INFO] HTTP Request: GET https://www.magicbricks.com/ivy-county-sector-75-noida-pdpid-4d4235313236393639#cardid-84414117 "HTTP/1.1 200 OK"
2026-07-14 11:17:24,781 [INFO] HTTP Request: GET https://www.magicbricks.com/aba-cleo-county-sector-121-noida-pdpid-4d4235303139303230#cardid-79112525 "HTTP/1.1 200 OK"
2026-07-14 11:17:25,359 [INFO] Detail-page enrichment: 30/96 processed, 30 coordinates found so far
2026-07-14 11:17:30,205 [INFO] HTTP Request: GET https://www.magicbricks.com/amrapali-princely-estate-sector-76-noida-pdpid-4d4235303030383638#cardid-84553355 "HTTP/1.1 200 OK"
2026-07-14 11:17:37,072 [INFO] HTTP Request: GET https://www.magicbricks.com/hawelia-valenova-park-noida-extension-noida-pdpid-4d4235303231393133#cardid-85394865 "HTTP/1.1 200 OK"
2026-07-14 11:17:43,625 [INFO] HTTP Request: GET https://www.magicbricks.com/propertyDetails/3-BHK-1695-Sq-ft-Multistorey-Apartment-FOR-Rent-Sector-143-in-Noida&id=4d423832313930363435#cardid-82190645 "HTTP/1.1 200 OK"
2026-07-14 11:17:49,776 [INFO] HTTP Request: GET https://www.magicbricks.com/ace-parkway-sector-150-noida-pdpid-4d4235313332363433#cardid-85347983 "HTTP/1.1 200 OK"
2026-07-14 11:17:55,087 [INFO] HTTP Request: GET https://www.magicbricks.com/supertech-capetown-sector-74-noida-pdpid-4d4235303137353133#cardid-82991791 "HTTP/1.1 200 OK"
2026-07-14 11:18:01,222 [INFO] HTTP Request: GET https://www.magicbricks.com/antriksh-valley-noida-extension-noida-pdpid-4d4235303031313738#cardid-85529719 "HTTP/1.1 200 OK"
2026-07-14 11:18:07,618 [INFO] HTTP Request: GET https://www.magicbricks.com/propertyDetails/3-BHK-1540-Sq-ft-Multistorey-Apartment-FOR-Rent-Sector-143-in-Noida&id=4d423834313930333531#cardid-84190351 "HTTP/1.1 200 OK"
2026-07-14 11:18:13,830 [INFO] HTTP Request: GET https://www.magicbricks.com/amrapali-silicon-city-sector-76-noida-pdpid-4d4235303233383639#cardid-85054991 "HTTP/1.1 200 OK"
2026-07-14 11:18:21,208 [INFO] HTTP Request: GET https://www.magicbricks.com/iitl-nimbus-the-hyde-park-sector-78-noida-pdpid-4d4235303339313130#cardid-85528693 "HTTP/1.1 200 OK"
2026-07-14 11:18:26,516 [INFO] HTTP Request: GET https://www.magicbricks.com/propertyDetails/3-BHK-1440-Sq-ft-Builder-Floor-Apartment-FOR-Rent-Sector-104-in-Noida&id=4d423834343832353331#cardid-84482531 "HTTP/1.1 200 OK"
2026-07-14 11:18:26,653 [INFO] Detail-page enrichment: 40/96 processed, 40 coordinates found so far
2026-07-14 11:18:30,098 [INFO] HTTP Request: GET https://www.magicbricks.com/gateway-apartment-sector-51-noida-pdpid-4d4235303130383137#cardid-27467133 "HTTP/1.1 200 OK"
2026-07-14 11:18:36,949 [INFO] HTTP Request: GET https://www.magicbricks.com/propertyDetails/3-BHK-1500-Sq-ft-Residential-House-FOR-Rent-Sector-45-in-Noida&id=4d423835303434333031#cardid-85044301 "HTTP/1.1 200 OK"
2026-07-14 11:18:40,762 [INFO] HTTP Request: GET https://www.magicbricks.com/habitech-panchtatva-noida-extension-noida-pdpid-4d4235303139303039#cardid-83770787 "HTTP/1.1 200 OK"
2026-07-14 11:18:45,358 [INFO] HTTP Request: GET https://www.magicbricks.com/ats-nobility-sector-4-noida-pdpid-4d4235313234333731#cardid-85168291 "HTTP/1.1 301 Moved Permanently"
2026-07-14 11:18:47,282 [INFO] HTTP Request: GET https://www.magicbricks.com/ats-nobility-noida-extension-noida-pdpid-4d4235313234333731#cardid-85168291 "HTTP/1.1 200 OK"
2026-07-14 11:18:53,817 [INFO] HTTP Request: GET https://www.magicbricks.com/propertyDetails/3-BHK-1582-Sq-ft-Multistorey-Apartment-FOR-Rent-Sector-131-in-Noida&id=4d423835323639343637#cardid-85269467 "HTTP/1.1 200 OK"
2026-07-14 11:18:59,980 [INFO] HTTP Request: GET https://www.magicbricks.com/tata-eureka-park-sector-150-noida-pdpid-4d4235313235363339#cardid-79490159 "HTTP/1.1 200 OK"
2026-07-14 11:19:05,063 [INFO] HTTP Request: GET https://www.magicbricks.com/rwa-metro-apartments-sector-71-pocket-b-noida-pdpid-4d4235303131303731#cardid-84962673 "HTTP/1.1 301 Moved Permanently"
2026-07-14 11:19:05,658 [INFO] HTTP Request: GET https://www.magicbricks.com/rwa-metro-apartments-sector-71-noida-pdpid-4d4235303131303731#cardid-84962673 "HTTP/1.1 200 OK"
2026-07-14 11:19:12,637 [INFO] HTTP Request: GET https://www.magicbricks.com/amrapali-heart-beat-city-sector-107-noida-pdpid-4d4235303233383635#cardid-83915669 "HTTP/1.1 200 OK"
2026-07-14 11:19:18,337 [INFO] HTTP Request: GET https://www.magicbricks.com/grace-sector-61-block-e-noida-pdpid-4d4235303030393537#cardid-59305959 "HTTP/1.1 301 Moved Permanently"
2026-07-14 11:19:18,752 [INFO] HTTP Request: GET https://www.magicbricks.com/grace-sector-61-noida-pdpid-4d4235303030393537#cardid-59305959 "HTTP/1.1 200 OK"
2026-07-14 11:19:23,159 [INFO] HTTP Request: GET https://www.magicbricks.com/apex-athena-sector-75-noida-pdpid-4d4235303236303735#cardid-82550705 "HTTP/1.1 200 OK"
2026-07-14 11:19:23,582 [INFO] Detail-page enrichment: 50/96 processed, 50 coordinates found so far
2026-07-14 11:19:29,133 [INFO] HTTP Request: GET https://www.magicbricks.com/ats-pious-hideaways-sector-150-noida-pdpid-4d4235313231383435#cardid-83985061 "HTTP/1.1 200 OK"
2026-07-14 11:19:37,632 [INFO] HTTP Request: GET https://www.magicbricks.com/propertyDetails/1-BHK-530-Sq-ft-Multistorey-Apartment-FOR-Rent-Noida-Extension-in-Noida&id=4d423834343038343839#cardid-84408489 "HTTP/1.1 200 OK"
2026-07-14 11:19:42,598 [INFO] HTTP Request: GET https://www.magicbricks.com/amrapali-amarpali-o2-valley-noida-extension-noida-pdpid-4d4235303335333838#cardid-85309967 "HTTP/1.1 200 OK"
2026-07-14 11:19:47,733 [INFO] HTTP Request: GET https://www.magicbricks.com/ats-one-hamlet-sector-104-noida-pdpid-4d4235303235353436#cardid-45411717 "HTTP/1.1 200 OK"
2026-07-14 11:19:55,402 [INFO] HTTP Request: GET https://www.magicbricks.com/propertyDetails/5000-Sq-ft-Office-in-IT-Park-SEZ-FOR-Rent-Sector-63-Block-H-in-Noida&id=4d423833353530333031#cardid-83550301 "HTTP/1.1 200 OK"
2026-07-14 11:19:59,899 [INFO] HTTP Request: GET https://www.magicbricks.com/maxblis-white-house-sector-75-noida-pdpid-4d4235303230353039#cardid-78561783 "HTTP/1.1 200 OK"
2026-07-14 11:20:04,524 [INFO] HTTP Request: GET https://www.magicbricks.com/gaur-city-7th-avenue-noida-extension-noida-pdpid-4d4235303737323133#cardid-85510723 "HTTP/1.1 200 OK"
2026-07-14 11:20:09,439 [INFO] HTTP Request: GET https://www.magicbricks.com/aims-max-gardenia-golf-city-sector-75-noida-pdpid-4d4235303039383531#cardid-85521383 "HTTP/1.1 200 OK"
2026-07-14 11:20:14,652 [INFO] HTTP Request: GET https://www.magicbricks.com/propertyDetails/3-BHK-2000-Sq-ft-Builder-Floor-Apartment-FOR-Rent-Sector-122-in-Noida&id=4d423833353339313133#cardid-83539113 "HTTP/1.1 200 OK"
2026-07-14 11:20:20,866 [INFO] HTTP Request: GET https://www.magicbricks.com/propertyDetails/6-BHK-450-Sq-m-Residential-House-FOR-Rent-Sector-47-Block-D-in-Noida&id=4d423835303236323339#cardid-85026239 "HTTP/1.1 200 OK"
2026-07-14 11:20:21,388 [INFO] Detail-page enrichment: 60/96 processed, 60 coordinates found so far
2026-07-14 11:20:25,733 [INFO] HTTP Request: GET https://www.magicbricks.com/ats-one-hamlet-sector-104-noida-pdpid-4d4235303235353436#cardid-82816657 "HTTP/1.1 200 OK"
2026-07-14 11:20:31,650 [INFO] HTTP Request: GET https://www.magicbricks.com/propertyDetails/3-BHK-2510-Sq-ft-Multistorey-Apartment-FOR-Rent-Sector-75-in-Noida&id=4d423834323033313433#cardid-84203143 "HTTP/1.1 200 OK"
2026-07-14 11:20:36,379 [INFO] HTTP Request: GET https://www.magicbricks.com/gardenia-glory-sector-46-noida-pdpid-4d4235303030393535#cardid-85494197 "HTTP/1.1 200 OK"
2026-07-14 11:20:42,198 [INFO] HTTP Request: GET https://www.magicbricks.com/okaya-centre-sector-62-noida-pdpid-4d4235303836343536#cardid-76683427 "HTTP/1.1 301 Moved Permanently"
2026-07-14 11:20:43,138 [INFO] HTTP Request: GET https://www.magicbricks.com/okaya-centre-sector-62-block-b-industrial-area-noida-pdpid-4d4235303836343536#cardid-76683427 "HTTP/1.1 200 OK"
2026-07-14 11:20:49,192 [INFO] HTTP Request: GET https://www.magicbricks.com/grihapravesh-griha-pravesh-sector-77-noida-pdpid-4d4235303236303335#cardid-83863495 "HTTP/1.1 200 OK"
2026-07-14 11:20:54,113 [INFO] HTTP Request: GET https://www.magicbricks.com/sunworld-vanalika-sector-107-noida-pdpid-4d4235303030313831#cardid-85482723 "HTTP/1.1 200 OK"
2026-07-14 11:21:00,003 [INFO] HTTP Request: GET https://www.magicbricks.com/aba-cleo-county-sector-121-noida-pdpid-4d4235303139303230#cardid-85495003 "HTTP/1.1 200 OK"
2026-07-14 11:21:05,915 [INFO] HTTP Request: GET https://www.magicbricks.com/super-nova-east-sector-94-noida-pdpid-4d4235323039383831#cardid-84706989 "HTTP/1.1 200 OK"
2026-07-14 11:21:09,573 [INFO] HTTP Request: GET https://www.magicbricks.com/panchsheel-pratishtha-sector-75-noida-pdpid-4d4235303139383038#cardid-85220261 "HTTP/1.1 200 OK"
2026-07-14 11:21:15,709 [INFO] HTTP Request: GET https://www.magicbricks.com/ace-city-noida-extension-noida-pdpid-4d4235303238363133#cardid-84327213 "HTTP/1.1 200 OK"
2026-07-14 11:21:16,067 [INFO] Detail-page enrichment: 70/96 processed, 70 coordinates found so far
2026-07-14 11:21:21,232 [INFO] HTTP Request: GET https://www.magicbricks.com/propertyDetails/2-BHK-1106-Sq-ft-Multistorey-Apartment-FOR-Rent-Noida-Extension-in-Noida&id=4d423730343134383537#cardid-70414857 "HTTP/1.1 200 OK"
2026-07-14 11:21:24,795 [INFO] HTTP Request: GET https://www.magicbricks.com/supertech-capetown-sector-74-noida-pdpid-4d4235303137353133#cardid-84085357 "HTTP/1.1 200 OK"
2026-07-14 11:21:28,073 [INFO] HTTP Request: GET https://www.magicbricks.com/habitat-44-sector-44-block-c-noida-pdpid-4d4235303635383638#cardid-85474145 "HTTP/1.1 301 Moved Permanently"
2026-07-14 11:21:28,908 [INFO] HTTP Request: GET https://www.magicbricks.com/habitat-44-sector-44-noida-pdpid-4d4235303635383638#cardid-85474145 "HTTP/1.1 200 OK"
2026-07-14 11:21:33,760 [INFO] HTTP Request: GET https://www.magicbricks.com/supertech-capetown-sector-74-noida-pdpid-4d4235303137353133#cardid-85511223 "HTTP/1.1 200 OK"
2026-07-14 11:21:40,323 [INFO] HTTP Request: GET https://www.magicbricks.com/propertyDetails/3-BHK-1800-Sq-ft-Builder-Floor-Apartment-FOR-Rent-Sector-15A-in-Noida&id=4d423831333633363733#cardid-81363673 "HTTP/1.1 200 OK"
2026-07-14 11:21:46,512 [INFO] HTTP Request: GET https://www.magicbricks.com/omaxe-grandwoods-sector-93b-noida-pdpid-4d4235303030353932#cardid-85129469 "HTTP/1.1 200 OK"
2026-07-14 11:21:51,987 [INFO] HTTP Request: GET https://www.magicbricks.com/ivy-county-sector-75-noida-pdpid-4d4235313236393639#cardid-84904803 "HTTP/1.1 200 OK"
2026-07-14 11:21:57,380 [INFO] HTTP Request: GET https://www.magicbricks.com/propertyDetails/3-BHK-1550-Sq-ft-Residential-House-FOR-Rent-Sector-75-in-Noida&id=4d423834353730333833#cardid-84570383 "HTTP/1.1 200 OK"
2026-07-14 11:22:05,468 [INFO] HTTP Request: GET https://www.magicbricks.com/prateek-edifice-sector-107-noida-pdpid-4d4235303030353137#cardid-84862149 "HTTP/1.1 200 OK"
2026-07-14 11:22:10,591 [INFO] HTTP Request: GET https://www.magicbricks.com/supertech-ecociti-sector-137-noida-pdpid-4d4235303137353239#cardid-82667117 "HTTP/1.1 200 OK"
2026-07-14 11:22:10,955 [INFO] Detail-page enrichment: 80/96 processed, 80 coordinates found so far
2026-07-14 11:22:16,193 [INFO] HTTP Request: GET https://www.magicbricks.com/propertyDetails/3-BHK-252-Sq-m-Residential-House-FOR-Rent-Sector-41-in-Noida&id=4d423831303436323539#cardid-81046259 "HTTP/1.1 200 OK"
2026-07-14 11:22:24,175 [INFO] HTTP Request: GET https://www.magicbricks.com/mahagun-mezzaria-sector-78-noida-pdpid-4d4235303230373435#cardid-85442255 "HTTP/1.1 200 OK"
2026-07-14 11:22:28,101 [INFO] HTTP Request: GET https://www.magicbricks.com/supertech-capetown-sector-74-noida-pdpid-4d4235303137353133#cardid-85377903 "HTTP/1.1 200 OK"
2026-07-14 11:22:32,907 [INFO] HTTP Request: GET https://www.magicbricks.com/supertech-emerald-court-sector-93a-noida-pdpid-4d4235303030313736#cardid-85521921 "HTTP/1.1 200 OK"
2026-07-14 11:22:38,788 [INFO] HTTP Request: GET https://www.magicbricks.com/godrej-woods-sector-43-noida-pdpid-4d4235323330313731#cardid-85505185 "HTTP/1.1 200 OK"
2026-07-14 11:22:45,396 [INFO] HTTP Request: GET https://www.magicbricks.com/parx-laureate-sector-108-noida-pdpid-4d4235303137303534#cardid-84202137 "HTTP/1.1 200 OK"
2026-07-14 11:22:50,116 [INFO] HTTP Request: GET https://www.magicbricks.com/omaxe-grandwoods-sector-93b-noida-pdpid-4d4235303030353932#cardid-82101193 "HTTP/1.1 200 OK"
2026-07-14 11:23:00,263 [INFO] HTTP Request: GET https://www.magicbricks.com/propertyDetails/7-BHK-3000-Sq-ft-Villa-FOR-Rent-Sector-93B-in-Noida&id=4d423835313936363639#cardid-85196669 "HTTP/1.1 200 OK"
2026-07-14 11:23:06,583 [INFO] HTTP Request: GET https://www.magicbricks.com/propertyDetails/442-Sq-ft-Office-in-IT-Park-SEZ-FOR-Rent-Sector-127-in-Noida&id=4d423835313433303731#cardid-85143071 "HTTP/1.1 200 OK"
2026-07-14 11:23:10,737 [INFO] HTTP Request: GET https://www.magicbricks.com/amrapali-silicon-city-sector-76-noida-pdpid-4d4235303233383639#cardid-83694747 "HTTP/1.1 200 OK"
2026-07-14 11:23:11,197 [INFO] Detail-page enrichment: 90/96 processed, 90 coordinates found so far
2026-07-14 11:23:14,593 [INFO] HTTP Request: GET https://www.magicbricks.com/omaxe-grandwoods-sector-93b-noida-pdpid-4d4235303030353932#cardid-85510425 "HTTP/1.1 200 OK"
2026-07-14 11:23:21,850 [INFO] HTTP Request: GET https://www.magicbricks.com/the-3c-lotus-zing-sector-168-noida-pdpid-4d4235303031323931#cardid-84993237 "HTTP/1.1 200 OK"
2026-07-14 11:23:28,440 [INFO] HTTP Request: GET https://www.magicbricks.com/propertyDetails/Builder-Floor-Apartment-FOR-Rent-Sector-44-in-Noida&id=4d423733323539323633#cardid-73259263 "HTTP/1.1 200 OK"
2026-07-14 11:23:34,964 [INFO] HTTP Request: GET https://www.magicbricks.com/propertyDetails/3-BHK-1936-Sq-ft-Residential-House-FOR-Rent-Sector-41-in-Noida&id=4d423134373235393233#cardid-14725923 "HTTP/1.1 200 OK"
2026-07-14 11:23:39,175 [INFO] HTTP Request: GET https://www.magicbricks.com/jaypee-klassic-sector-134-noida-pdpid-4d4235303231353035#cardid-84611259 "HTTP/1.1 200 OK"
2026-07-14 11:23:45,911 [INFO] HTTP Request: GET https://www.magicbricks.com/aditya-celebrity-homes-sector-76-noida-pdpid-4d4235303237383030#cardid-85493161 "HTTP/1.1 200 OK"
2026-07-14 11:23:46,203 [INFO] Detail-page enrichment complete: 96/96 listings got real coordinates
2026-07-14 11:23:46,205 [INFO] Scraped 96 total listings
2026-07-14 11:23:46,212 [INFO] Wrote 96 listings to scraped_listings.jsonl
2026-07-14 11:53:27,418 [INFO] No city name in config — reverse-geocoding (28.5074, 77.3912)...
2026-07-14 11:53:27,559 [INFO] Resolved city: Noida, state: Uttar Pradesh
2026-07-14 11:53:27,561 [INFO] Saved resolved values back to C:\Users\riddh\OneDrive\Desktop\skymark-grid-project\config.json
2026-07-14 11:53:27,568 [INFO] Starting MagicBricks scrape run
2026-07-14 11:53:31,187 [INFO] Bootstrapping session via Playwright: https://www.magicbricks.com/property-for-rent/residential-real-estate?cityName=Noida&page=1
2026-07-14 11:53:36,915 [INFO] Skipping likely-commercial listing:   Office Space for Rent in Sector 140A Noida
2026-07-14 11:53:36,942 [INFO] Skipping likely-commercial listing:   Office Space for Rent in Sector 63 Noida
2026-07-14 11:53:36,950 [INFO] Skipping likely-commercial listing:   Office Space for Rent in Sector 62, NH 24 Noida
2026-07-14 11:53:36,953 [INFO] Skipping likely-commercial listing:   Office Space for Rent in Sector 16 Noida
2026-07-14 11:53:36,960 [WARNING] Rejecting implausible monthly_rent=2200000.0 for cardid=85014211 (source text: 2200000) — outside the 1,000-1,000,000 sanity range.
2026-07-14 11:53:36,962 [INFO] Skipping likely-commercial listing:  Industrial Shed for Rent in Block C Sector 80 Noida
2026-07-14 11:53:36,968 [INFO] Skipping likely-commercial listing:  Industrial Building for Rent in C Block Sector 63 Noida
2026-07-14 11:53:36,971 [WARNING] Rejecting implausible monthly_rent=2375000.0 for cardid=85153975 (source text: 2375000) — outside the 1,000-1,000,000 sanity range.
2026-07-14 11:53:36,971 [INFO] Skipping likely-commercial listing:   Office Space for Rent in Block B Sector 62 Industrial Area Noida
2026-07-14 11:53:36,997 [INFO] Skipping likely-commercial listing:   Office Space for Rent in Sector 135, Noida Express Way Noida
2026-07-14 11:53:37,002 [WARNING] Rejecting implausible monthly_rent=1260000.0 for cardid=85452395 (source text: 1260000) — outside the 1,000-1,000,000 sanity range.
2026-07-14 11:53:37,003 [INFO] Skipping likely-commercial listing:  Industrial Building for Rent in Block C Sector 57 Noida
2026-07-14 11:53:37,003 [INFO] Page 1: 21 listings parsed so far
2026-07-14 11:53:43,555 [INFO] HTTP Request: GET https://www.magicbricks.com/property-for-rent/residential-real-estate?cityName=Noida&page=2 "HTTP/1.1 200 OK"
2026-07-14 11:53:43,820 [INFO] Skipping likely-commercial listing:   Shop for Rent in Sector 18, Noida sector 18 Metro Noida
2026-07-14 11:53:43,829 [INFO] Skipping likely-commercial listing:   Office Space for Rent in Sector 96 Noida
2026-07-14 11:53:43,843 [INFO] Skipping likely-commercial listing:   Office Space for Rent in Sector 154, Noida Express Way Noida
2026-07-14 11:53:43,853 [INFO] Skipping likely-commercial listing:   Office Space for Rent in Block B Sector 132 Noida
2026-07-14 11:53:43,863 [WARNING] Rejecting implausible monthly_rent=1200000.0 for cardid=83310679 (source text: 1200000) — outside the 1,000-1,000,000 sanity range.
2026-07-14 11:53:43,863 [INFO] Skipping likely-commercial listing:   Showroom for Rent in Sector 5 Noida
2026-07-14 11:53:43,881 [INFO] Skipping likely-commercial listing:  Industrial Land for Rent in Block A Phase 2 Noida Noida
2026-07-14 11:53:43,885 [INFO] Skipping likely-commercial listing:   Office Space for Rent in Industrial Area Noida
2026-07-14 11:53:43,888 [INFO] Skipping likely-commercial listing:   Office Space for Rent in Sector 18, Noida sector 18 Metro Noida
2026-07-14 11:53:43,891 [INFO] Skipping likely-commercial listing:   Shop for Rent in Block C Sector 41 Noida
2026-07-14 11:53:43,894 [INFO] Skipping likely-commercial listing:   Office Space for Rent in Sector 18, Noida sector 18 Metro Noida
2026-07-14 11:53:43,900 [INFO] Skipping likely-commercial listing:   Office Space for Rent in Noida Extension Noida
2026-07-14 11:53:43,911 [INFO] Skipping likely-commercial listing:  Warehouse/ Godown for Rent in Sector 70 Noida
2026-07-14 11:53:43,916 [INFO] Skipping likely-commercial listing:   Office Space for Rent in Sector 2 Noida
2026-07-14 11:53:43,917 [INFO] Page 2: +17 listings (running total: 38)
2026-07-14 11:53:48,582 [INFO] HTTP Request: GET https://www.magicbricks.com/property-for-rent/residential-real-estate?cityName=Noida&page=3 "HTTP/1.1 200 OK"
2026-07-14 11:53:48,831 [INFO] Skipping likely-commercial listing:   Office Space for Rent in Sector 90 Noida
2026-07-14 11:53:48,837 [INFO] Skipping likely-commercial listing:   Shop for Rent in Aghapur, Sector 41 Noida
2026-07-14 11:53:48,851 [INFO] Skipping likely-commercial listing:   Office Space for Rent in Sector 125, Noida Express Way Noida
2026-07-14 11:53:48,854 [INFO] Skipping likely-commercial listing:   Office Space for Rent in Block C Sector 3 Noida
2026-07-14 11:53:48,858 [INFO] Skipping likely-commercial listing:   Office Space for Rent in A Block Sector 83 Noida
2026-07-14 11:53:48,877 [INFO] Skipping likely-commercial listing:   Office Space for Rent in Sector 140A Noida
2026-07-14 11:53:48,880 [INFO] Skipping likely-commercial listing:   Office Space for Rent in Noida Greater Noida Expressway Noida
2026-07-14 11:53:48,884 [INFO] Skipping likely-commercial listing:   Office Space for Rent in Block E Sector 3 Noida
2026-07-14 11:53:48,891 [INFO] Skipping likely-commercial listing:   Office Space for Rent in H Block Sector 63 Noida
2026-07-14 11:53:48,898 [INFO] Skipping likely-commercial listing:   Office Space for Rent in Sector 16 Noida
2026-07-14 11:53:48,905 [INFO] Skipping likely-commercial listing:   Office Space for Rent in Sector 62, NH 24 Noida
2026-07-14 11:53:48,908 [INFO] Skipping likely-commercial listing:   Office Space for Rent in Sector 63 Noida
2026-07-14 11:53:48,912 [INFO] Skipping likely-commercial listing:   Office Space for Rent in Sector 94, Noida Express Way Noida
2026-07-14 11:53:48,919 [INFO] Skipping likely-commercial listing:   Shop for Rent in Sector 75 Noida
2026-07-14 11:53:48,923 [INFO] Skipping likely-commercial listing:   Office Space for Rent in D Block Sector 63 Noida
2026-07-14 11:53:48,926 [INFO] Skipping likely-commercial listing: 2 BHK Flat  for Rent in  Noida One, Block C Phase 2 Industrial Area, Noida
2026-07-14 11:53:48,927 [INFO] Page 3: +14 listings (running total: 52)
2026-07-14 11:53:53,081 [INFO] HTTP Request: GET https://www.magicbricks.com/property-for-rent/residential-real-estate?cityName=Noida&page=4 "HTTP/1.1 200 OK"
2026-07-14 11:53:53,349 [WARNING] Rejecting implausible monthly_rent=2500100.0 for cardid=67848991 (source text: 2500100) — outside the 1,000-1,000,000 sanity range.
2026-07-14 11:53:53,350 [INFO] Skipping likely-commercial listing:   Office Space for Rent in Sector 125, Noida Express Way Noida
2026-07-14 11:53:53,358 [INFO] Skipping likely-commercial listing:   Office Space for Rent in B Block Sector 63 Noida
2026-07-14 11:53:53,377 [INFO] Skipping likely-commercial listing:   Office Space for Rent in Sector 135, Noida Express Way Noida
2026-07-14 11:53:53,390 [INFO] Skipping likely-commercial listing:   Office Space for Rent in Block A Sector 16 Noida
2026-07-14 11:53:53,393 [INFO] Skipping likely-commercial listing:   Office Space for Rent in BLS TECHHUB B69 B BLOCK SECTOR 63 Noida
2026-07-14 11:53:53,406 [INFO] Skipping likely-commercial listing:  Office in IT Park/ SEZ for Rent in Block C Phase 2 Industrial Area Noida
2026-07-14 11:53:53,423 [INFO] Skipping likely-commercial listing:   Office Space for Rent in Sector 63 Noida
2026-07-14 11:53:53,430 [INFO] Skipping likely-commercial listing:   Office Space for Rent in A Block Sector 63 Noida
2026-07-14 11:53:53,430 [INFO] Page 4: +22 listings (running total: 74)
2026-07-14 11:53:58,634 [INFO] HTTP Request: GET https://www.magicbricks.com/property-for-rent/residential-real-estate?cityName=Noida&page=5 "HTTP/1.1 200 OK"
2026-07-14 11:53:58,909 [INFO] Skipping likely-commercial listing:   Office Space for Rent in Sector 63 Noida
2026-07-14 11:53:58,921 [INFO] Skipping likely-commercial listing:   Office Space for Rent in Sector 62, NH 24 Noida
2026-07-14 11:53:58,924 [INFO] Skipping likely-commercial listing:   Office Space for Rent in Sector 69 Noida
2026-07-14 11:53:58,936 [INFO] Skipping likely-commercial listing:   Office Space for Rent in Pocket A Sector 18 Noida
2026-07-14 11:53:58,952 [INFO] Skipping likely-commercial listing:   Office Space for Rent in Sector 18, Noida sector 18 Metro Noida
2026-07-14 11:53:58,954 [INFO] Skipping likely-commercial listing:   Office Space for Rent in Sector 90 Noida
2026-07-14 11:53:58,961 [INFO] Skipping likely-commercial listing:   Office Space for Rent in Noida Extension Noida
2026-07-14 11:53:58,964 [INFO] Skipping likely-commercial listing:   Office Space for Rent in Block C Phase 2 Industrial Area Noida
2026-07-14 11:53:58,965 [INFO] Page 5: +22 listings (running total: 96)
2026-07-14 11:53:58,965 [INFO] Starting detail-page enrichment (coordinates + amenities) for 96 listings...
2026-07-14 11:54:04,962 [INFO] HTTP Request: GET https://www.magicbricks.com/aba-cleo-county-sector-121-noida-pdpid-4d4235303139303230#cardid-83303695 "HTTP/1.1 200 OK"
2026-07-14 11:54:11,925 [INFO] HTTP Request: GET https://www.magicbricks.com/ajnara-homes-noida-extension-noida-pdpid-4d4235303030393235#cardid-41287745 "HTTP/1.1 200 OK"
2026-07-14 11:54:17,657 [INFO] HTTP Request: GET https://www.magicbricks.com/jaypee-klassic-sector-134-noida-pdpid-4d4235303231353035#cardid-85257169 "HTTP/1.1 200 OK"
2026-07-14 11:54:24,630 [INFO] HTTP Request: GET https://www.magicbricks.com/godrej-woods-sector-43-noida-pdpid-4d4235323330313731#cardid-81408799 "HTTP/1.1 200 OK"
2026-07-14 11:54:31,073 [INFO] HTTP Request: GET https://www.magicbricks.com/propertyDetails/3-BHK-3302-Sq-ft-Multistorey-Apartment-FOR-Rent-Sector-108-Parx-Laureate-in-Noida&id=4d423536343231333933#cardid-56421393 "HTTP/1.1 200 OK"
2026-07-14 11:54:36,770 [INFO] HTTP Request: GET https://www.magicbricks.com/pearls-gateway-towers-sector-44-noida-pdpid-4d4235303130333138#cardid-85006209 "HTTP/1.1 200 OK"
2026-07-14 11:54:43,685 [INFO] HTTP Request: GET https://www.magicbricks.com/county-107-sector-107-noida-pdpid-4d4235313234373439#cardid-79645351 "HTTP/1.1 200 OK"
2026-07-14 11:54:47,998 [INFO] HTTP Request: GET https://www.magicbricks.com/aba-cleo-county-sector-121-noida-pdpid-4d4235303139303230#cardid-82981737 "HTTP/1.1 200 OK"
2026-07-14 11:54:53,807 [INFO] HTTP Request: GET https://www.magicbricks.com/aba-cleo-county-sector-121-noida-pdpid-4d4235303139303230#cardid-84082387 "HTTP/1.1 200 OK"
2026-07-14 11:55:00,004 [INFO] HTTP Request: GET https://www.magicbricks.com/eldeco-utopia-sector-93a-noida-pdpid-4d4235303031303036#cardid-85529447 "HTTP/1.1 200 OK"
2026-07-14 11:55:00,681 [INFO] Detail-page enrichment: 10/96 processed, 10 coordinates and 1 amenity lists found so far
2026-07-14 11:55:07,218 [INFO] HTTP Request: GET https://www.magicbricks.com/prateek-stylome-sector-45-noida-pdpid-4d4235303139353130#cardid-85489835 "HTTP/1.1 200 OK"
2026-07-14 11:55:11,100 [INFO] HTTP Request: GET https://www.magicbricks.com/kalpataru-vista-sultanpur-noida-pdpid-4d4235313135383335#cardid-85223913 "HTTP/1.1 301 Moved Permanently"
2026-07-14 11:55:11,828 [INFO] HTTP Request: GET https://www.magicbricks.com/kalpataru-vista-sector-128-noida-pdpid-4d4235313135383335#cardid-85223913 "HTTP/1.1 200 OK"
2026-07-14 11:55:17,873 [INFO] HTTP Request: GET https://www.magicbricks.com/gaur-city-14th-avenue-noida-extension-noida-pdpid-4d4235323234343431#cardid-85412461 "HTTP/1.1 200 OK"
2026-07-14 11:55:23,937 [INFO] HTTP Request: GET https://www.magicbricks.com/kalpataru-vista-sector-128-noida-pdpid-4d4235313135383335#cardid-85523653 "HTTP/1.1 200 OK"
2026-07-14 11:55:29,351 [INFO] HTTP Request: GET https://www.magicbricks.com/grand-ajnara-heritage-sector-74-noida-pdpid-4d4235303233393931#cardid-82467133 "HTTP/1.1 200 OK"
2026-07-14 11:55:37,227 [INFO] HTTP Request: GET https://www.magicbricks.com/jaypee-greens-pavilion-court-sector-128-noida-pdpid-4d4235303130313530#cardid-85406419 "HTTP/1.1 200 OK"
2026-07-14 11:55:42,233 [INFO] HTTP Request: GET https://www.magicbricks.com/propertyDetails/3-BHK-2510-Sq-ft-Multistorey-Apartment-FOR-Rent-Sector-75-in-Noida&id=4d423834383236343533#cardid-84826453 "HTTP/1.1 200 OK"
2026-07-14 11:55:46,910 [INFO] HTTP Request: GET https://www.magicbricks.com/eldeco-live-by-the-greens-sector-150-noida-pdpid-4d4235313139363239#cardid-85195455 "HTTP/1.1 200 OK"
2026-07-14 11:55:53,427 [INFO] HTTP Request: GET https://www.magicbricks.com/jaypee-wish-town-klassic-sector-129-noida-pdpid-4d4235303130313439#cardid-84647849 "HTTP/1.1 200 OK"
2026-07-14 11:56:02,014 [INFO] HTTP Request: GET https://www.magicbricks.com/royal-nest-noida-extension-noida-pdpid-4d4235303933393337#cardid-85362321 "HTTP/1.1 200 OK"
2026-07-14 11:56:02,824 [INFO] Detail-page enrichment: 20/96 processed, 20 coordinates and 2 amenity lists found so far
2026-07-14 11:56:07,122 [INFO] HTTP Request: GET https://www.magicbricks.com/county-107-sector-107-noida-pdpid-4d4235313234373439#cardid-85105799 "HTTP/1.1 200 OK"
2026-07-14 11:56:11,444 [INFO] HTTP Request: GET https://www.magicbricks.com/panchsheel-pratishtha-sector-75-noida-pdpid-4d4235303139383038#cardid-82774183 "HTTP/1.1 200 OK"
2026-07-14 11:56:16,483 [INFO] HTTP Request: GET https://www.magicbricks.com/aba-cleo-county-sector-121-noida-pdpid-4d4235303139303230#cardid-84266103 "HTTP/1.1 200 OK"
2026-07-14 11:56:21,707 [INFO] HTTP Request: GET https://www.magicbricks.com/samridhi-luxuriya-avenue-sector-150-noida-pdpid-4d4235303833353733#cardid-82000853 "HTTP/1.1 200 OK"
2026-07-14 11:56:26,700 [INFO] HTTP Request: GET https://www.magicbricks.com/jaypee-greens-augusta-town-homes-sector-128-noida-pdpid-4d4235303938363339#cardid-85442231 "HTTP/1.1 200 OK"
2026-07-14 11:56:34,389 [INFO] HTTP Request: GET https://www.magicbricks.com/civitech-stadia-sector-79-noida-pdpid-4d4235303232393932#cardid-83539221 "HTTP/1.1 200 OK"
2026-07-14 11:56:42,036 [INFO] HTTP Request: GET https://www.magicbricks.com/supertech-ecociti-sector-137-noida-pdpid-4d4235303137353239#cardid-83937675 "HTTP/1.1 200 OK"
2026-07-14 11:56:47,017 [INFO] HTTP Request: GET https://www.magicbricks.com/mahagun-moderne-sector-78-noida-pdpid-4d4235303230373436#cardid-64545405 "HTTP/1.1 200 OK"
2026-07-14 11:56:52,677 [INFO] HTTP Request: GET https://www.magicbricks.com/ivy-county-sector-75-noida-pdpid-4d4235313236393639#cardid-84414117 "HTTP/1.1 200 OK"
2026-07-14 11:56:57,367 [INFO] HTTP Request: GET https://www.magicbricks.com/aba-cleo-county-sector-121-noida-pdpid-4d4235303139303230#cardid-79112525 "HTTP/1.1 200 OK"
2026-07-14 11:56:58,010 [INFO] Detail-page enrichment: 30/96 processed, 30 coordinates and 2 amenity lists found so far
2026-07-14 11:57:02,477 [INFO] HTTP Request: GET https://www.magicbricks.com/amrapali-princely-estate-sector-76-noida-pdpid-4d4235303030383638#cardid-84553355 "HTTP/1.1 200 OK"
2026-07-14 11:57:06,220 [INFO] HTTP Request: GET https://www.magicbricks.com/hawelia-valenova-park-noida-extension-noida-pdpid-4d4235303231393133#cardid-85394865 "HTTP/1.1 200 OK"
2026-07-14 11:57:12,397 [INFO] HTTP Request: GET https://www.magicbricks.com/propertyDetails/3-BHK-1695-Sq-ft-Multistorey-Apartment-FOR-Rent-Sector-143-in-Noida&id=4d423832313930363435#cardid-82190645 "HTTP/1.1 200 OK"
2026-07-14 11:57:17,006 [INFO] HTTP Request: GET https://www.magicbricks.com/ace-parkway-sector-150-noida-pdpid-4d4235313332363433#cardid-85347983 "HTTP/1.1 200 OK"
2026-07-14 11:57:24,543 [INFO] HTTP Request: GET https://www.magicbricks.com/supertech-capetown-sector-74-noida-pdpid-4d4235303137353133#cardid-82991791 "HTTP/1.1 200 OK"
2026-07-14 11:57:29,155 [INFO] HTTP Request: GET https://www.magicbricks.com/antriksh-valley-noida-extension-noida-pdpid-4d4235303031313738#cardid-85529719 "HTTP/1.1 200 OK"
2026-07-14 11:57:34,854 [INFO] HTTP Request: GET https://www.magicbricks.com/propertyDetails/3-BHK-1540-Sq-ft-Multistorey-Apartment-FOR-Rent-Sector-143-in-Noida&id=4d423834313930333531#cardid-84190351 "HTTP/1.1 200 OK"
2026-07-14 11:57:39,559 [INFO] HTTP Request: GET https://www.magicbricks.com/amrapali-silicon-city-sector-76-noida-pdpid-4d4235303233383639#cardid-85054991 "HTTP/1.1 200 OK"
2026-07-14 11:57:44,501 [INFO] HTTP Request: GET https://www.magicbricks.com/iitl-nimbus-the-hyde-park-sector-78-noida-pdpid-4d4235303339313130#cardid-85528693 "HTTP/1.1 200 OK"
2026-07-14 11:57:53,021 [INFO] HTTP Request: GET https://www.magicbricks.com/propertyDetails/3-BHK-1440-Sq-ft-Builder-Floor-Apartment-FOR-Rent-Sector-104-in-Noida&id=4d423834343832353331#cardid-84482531 "HTTP/1.1 200 OK"
2026-07-14 11:57:53,255 [INFO] Detail-page enrichment: 40/96 processed, 40 coordinates and 5 amenity lists found so far
2026-07-14 11:57:57,426 [INFO] HTTP Request: GET https://www.magicbricks.com/gateway-apartment-sector-51-noida-pdpid-4d4235303130383137#cardid-27467133 "HTTP/1.1 200 OK"
2026-07-14 11:58:02,204 [INFO] HTTP Request: GET https://www.magicbricks.com/propertyDetails/3-BHK-1500-Sq-ft-Residential-House-FOR-Rent-Sector-45-in-Noida&id=4d423835303434333031#cardid-85044301 "HTTP/1.1 200 OK"
2026-07-14 11:58:10,461 [INFO] HTTP Request: GET https://www.magicbricks.com/habitech-panchtatva-noida-extension-noida-pdpid-4d4235303139303039#cardid-83770787 "HTTP/1.1 200 OK"
2026-07-14 11:58:15,015 [INFO] HTTP Request: GET https://www.magicbricks.com/ats-nobility-sector-4-noida-pdpid-4d4235313234333731#cardid-85168291 "HTTP/1.1 301 Moved Permanently"
2026-07-14 11:58:15,845 [INFO] HTTP Request: GET https://www.magicbricks.com/ats-nobility-noida-extension-noida-pdpid-4d4235313234333731#cardid-85168291 "HTTP/1.1 200 OK"
2026-07-14 11:58:21,159 [INFO] HTTP Request: GET https://www.magicbricks.com/propertyDetails/3-BHK-1582-Sq-ft-Multistorey-Apartment-FOR-Rent-Sector-131-in-Noida&id=4d423835323639343637#cardid-85269467 "HTTP/1.1 200 OK"
2026-07-14 11:58:24,861 [INFO] HTTP Request: GET https://www.magicbricks.com/tata-eureka-park-sector-150-noida-pdpid-4d4235313235363339#cardid-79490159 "HTTP/1.1 200 OK"
2026-07-14 11:58:28,942 [INFO] HTTP Request: GET https://www.magicbricks.com/rwa-metro-apartments-sector-71-pocket-b-noida-pdpid-4d4235303131303731#cardid-84962673 "HTTP/1.1 301 Moved Permanently"
2026-07-14 11:58:29,364 [INFO] HTTP Request: GET https://www.magicbricks.com/rwa-metro-apartments-sector-71-noida-pdpid-4d4235303131303731#cardid-84962673 "HTTP/1.1 200 OK"
2026-07-14 11:58:34,699 [INFO] HTTP Request: GET https://www.magicbricks.com/amrapali-heart-beat-city-sector-107-noida-pdpid-4d4235303233383635#cardid-83915669 "HTTP/1.1 200 OK"
2026-07-14 11:58:39,795 [INFO] HTTP Request: GET https://www.magicbricks.com/grace-sector-61-block-e-noida-pdpid-4d4235303030393537#cardid-59305959 "HTTP/1.1 301 Moved Permanently"
2026-07-14 11:58:40,220 [INFO] HTTP Request: GET https://www.magicbricks.com/grace-sector-61-noida-pdpid-4d4235303030393537#cardid-59305959 "HTTP/1.1 200 OK"
2026-07-14 11:58:44,325 [INFO] HTTP Request: GET https://www.magicbricks.com/apex-athena-sector-75-noida-pdpid-4d4235303236303735#cardid-82550705 "HTTP/1.1 200 OK"
2026-07-14 11:58:44,926 [INFO] Detail-page enrichment: 50/96 processed, 50 coordinates and 6 amenity lists found so far
2026-07-14 11:58:54,040 [INFO] HTTP Request: GET https://www.magicbricks.com/ats-pious-hideaways-sector-150-noida-pdpid-4d4235313231383435#cardid-83985061 "HTTP/1.1 200 OK"
2026-07-14 11:58:58,844 [INFO] HTTP Request: GET https://www.magicbricks.com/propertyDetails/1-BHK-530-Sq-ft-Multistorey-Apartment-FOR-Rent-Noida-Extension-in-Noida&id=4d423834343038343839#cardid-84408489 "HTTP/1.1 200 OK"
2026-07-14 11:59:04,987 [INFO] HTTP Request: GET https://www.magicbricks.com/amrapali-amarpali-o2-valley-noida-extension-noida-pdpid-4d4235303335333838#cardid-85309967 "HTTP/1.1 200 OK"
2026-07-14 11:59:12,591 [INFO] HTTP Request: GET https://www.magicbricks.com/ats-one-hamlet-sector-104-noida-pdpid-4d4235303235353436#cardid-45411717 "HTTP/1.1 200 OK"
2026-07-14 11:59:20,966 [INFO] HTTP Request: GET https://www.magicbricks.com/propertyDetails/5000-Sq-ft-Office-in-IT-Park-SEZ-FOR-Rent-Sector-63-Block-H-in-Noida&id=4d423833353530333031#cardid-83550301 "HTTP/1.1 200 OK"
2026-07-14 11:59:24,567 [INFO] HTTP Request: GET https://www.magicbricks.com/maxblis-white-house-sector-75-noida-pdpid-4d4235303230353039#cardid-78561783 "HTTP/1.1 200 OK"
2026-07-14 11:59:31,843 [INFO] HTTP Request: GET https://www.magicbricks.com/gaur-city-7th-avenue-noida-extension-noida-pdpid-4d4235303737323133#cardid-85510723 "HTTP/1.1 200 OK"
2026-07-14 11:59:38,175 [INFO] HTTP Request: GET https://www.magicbricks.com/aims-max-gardenia-golf-city-sector-75-noida-pdpid-4d4235303039383531#cardid-85521383 "HTTP/1.1 200 OK"
2026-07-14 11:59:43,795 [INFO] HTTP Request: GET https://www.magicbricks.com/propertyDetails/3-BHK-2000-Sq-ft-Builder-Floor-Apartment-FOR-Rent-Sector-122-in-Noida&id=4d423833353339313133#cardid-83539113 "HTTP/1.1 200 OK"
2026-07-14 11:59:47,122 [INFO] HTTP Request: GET https://www.magicbricks.com/propertyDetails/6-BHK-450-Sq-m-Residential-House-FOR-Rent-Sector-47-Block-D-in-Noida&id=4d423835303236323339#cardid-85026239 "HTTP/1.1 200 OK"
2026-07-14 11:59:47,282 [INFO] Detail-page enrichment: 60/96 processed, 60 coordinates and 9 amenity lists found so far
2026-07-14 11:59:51,702 [INFO] HTTP Request: GET https://www.magicbricks.com/ats-one-hamlet-sector-104-noida-pdpid-4d4235303235353436#cardid-82816657 "HTTP/1.1 200 OK"
2026-07-14 11:59:57,557 [INFO] HTTP Request: GET https://www.magicbricks.com/propertyDetails/3-BHK-2510-Sq-ft-Multistorey-Apartment-FOR-Rent-Sector-75-in-Noida&id=4d423834323033313433#cardid-84203143 "HTTP/1.1 200 OK"
2026-07-14 12:00:00,838 [INFO] HTTP Request: GET https://www.magicbricks.com/gardenia-glory-sector-46-noida-pdpid-4d4235303030393535#cardid-85494197 "HTTP/1.1 200 OK"
2026-07-14 12:00:07,558 [INFO] HTTP Request: GET https://www.magicbricks.com/okaya-centre-sector-62-noida-pdpid-4d4235303836343536#cardid-76683427 "HTTP/1.1 301 Moved Permanently"
2026-07-14 12:00:07,954 [INFO] HTTP Request: GET https://www.magicbricks.com/okaya-centre-sector-62-block-b-industrial-area-noida-pdpid-4d4235303836343536#cardid-76683427 "HTTP/1.1 200 OK"
2026-07-14 12:00:13,794 [INFO] HTTP Request: GET https://www.magicbricks.com/grihapravesh-griha-pravesh-sector-77-noida-pdpid-4d4235303236303335#cardid-83863495 "HTTP/1.1 200 OK"
2026-07-14 12:00:20,518 [INFO] HTTP Request: GET https://www.magicbricks.com/sunworld-vanalika-sector-107-noida-pdpid-4d4235303030313831#cardid-85482723 "HTTP/1.1 200 OK"
2026-07-14 12:00:25,074 [INFO] HTTP Request: GET https://www.magicbricks.com/aba-cleo-county-sector-121-noida-pdpid-4d4235303139303230#cardid-85495003 "HTTP/1.1 200 OK"
2026-07-14 12:00:31,337 [INFO] HTTP Request: GET https://www.magicbricks.com/super-nova-east-sector-94-noida-pdpid-4d4235323039383831#cardid-84706989 "HTTP/1.1 200 OK"
2026-07-14 12:00:34,798 [INFO] HTTP Request: GET https://www.magicbricks.com/panchsheel-pratishtha-sector-75-noida-pdpid-4d4235303139383038#cardid-85220261 "HTTP/1.1 200 OK"
2026-07-14 12:00:40,022 [INFO] HTTP Request: GET https://www.magicbricks.com/ace-city-noida-extension-noida-pdpid-4d4235303238363133#cardid-84327213 "HTTP/1.1 200 OK"
2026-07-14 12:00:40,831 [INFO] Detail-page enrichment: 70/96 processed, 70 coordinates and 10 amenity lists found so far
2026-07-14 12:00:46,782 [INFO] HTTP Request: GET https://www.magicbricks.com/propertyDetails/2-BHK-1106-Sq-ft-Multistorey-Apartment-FOR-Rent-Noida-Extension-in-Noida&id=4d423730343134383537#cardid-70414857 "HTTP/1.1 200 OK"
2026-07-14 12:00:51,891 [INFO] HTTP Request: GET https://www.magicbricks.com/supertech-capetown-sector-74-noida-pdpid-4d4235303137353133#cardid-84085357 "HTTP/1.1 200 OK"
2026-07-14 12:00:56,059 [INFO] HTTP Request: GET https://www.magicbricks.com/habitat-44-sector-44-block-c-noida-pdpid-4d4235303635383638#cardid-85474145 "HTTP/1.1 301 Moved Permanently"
2026-07-14 12:00:56,831 [INFO] HTTP Request: GET https://www.magicbricks.com/habitat-44-sector-44-noida-pdpid-4d4235303635383638#cardid-85474145 "HTTP/1.1 200 OK"
2026-07-14 12:01:01,079 [INFO] HTTP Request: GET https://www.magicbricks.com/supertech-capetown-sector-74-noida-pdpid-4d4235303137353133#cardid-85511223 "HTTP/1.1 200 OK"
2026-07-14 12:01:06,097 [INFO] HTTP Request: GET https://www.magicbricks.com/propertyDetails/3-BHK-1800-Sq-ft-Builder-Floor-Apartment-FOR-Rent-Sector-15A-in-Noida&id=4d423831333633363733#cardid-81363673 "HTTP/1.1 200 OK"
2026-07-14 12:01:10,107 [INFO] HTTP Request: GET https://www.magicbricks.com/omaxe-grandwoods-sector-93b-noida-pdpid-4d4235303030353932#cardid-85129469 "HTTP/1.1 200 OK"
2026-07-14 12:01:13,704 [INFO] HTTP Request: GET https://www.magicbricks.com/ivy-county-sector-75-noida-pdpid-4d4235313236393639#cardid-84904803 "HTTP/1.1 200 OK"
2026-07-14 12:01:18,098 [INFO] HTTP Request: GET https://www.magicbricks.com/propertyDetails/3-BHK-1550-Sq-ft-Residential-House-FOR-Rent-Sector-75-in-Noida&id=4d423834353730333833#cardid-84570383 "HTTP/1.1 200 OK"
2026-07-14 12:01:24,125 [INFO] HTTP Request: GET https://www.magicbricks.com/mahagun-mezzaria-sector-78-noida-pdpid-4d4235303230373435#cardid-85534557 "HTTP/1.1 200 OK"
2026-07-14 12:01:31,423 [INFO] HTTP Request: GET https://www.magicbricks.com/prateek-edifice-sector-107-noida-pdpid-4d4235303030353137#cardid-84862149 "HTTP/1.1 200 OK"
2026-07-14 12:01:32,080 [INFO] Detail-page enrichment: 80/96 processed, 80 coordinates and 13 amenity lists found so far
2026-07-14 12:01:37,395 [INFO] HTTP Request: GET https://www.magicbricks.com/supertech-ecociti-sector-137-noida-pdpid-4d4235303137353239#cardid-82667117 "HTTP/1.1 200 OK"
2026-07-14 12:01:43,508 [INFO] HTTP Request: GET https://www.magicbricks.com/propertyDetails/3-BHK-252-Sq-m-Residential-House-FOR-Rent-Sector-41-in-Noida&id=4d423831303436323539#cardid-81046259 "HTTP/1.1 200 OK"
2026-07-14 12:01:46,867 [INFO] HTTP Request: GET https://www.magicbricks.com/supertech-capetown-sector-74-noida-pdpid-4d4235303137353133#cardid-85377903 "HTTP/1.1 200 OK"
2026-07-14 12:01:52,248 [INFO] HTTP Request: GET https://www.magicbricks.com/supertech-emerald-court-sector-93a-noida-pdpid-4d4235303030313736#cardid-85521921 "HTTP/1.1 200 OK"
2026-07-14 12:01:56,926 [INFO] HTTP Request: GET https://www.magicbricks.com/godrej-woods-sector-43-noida-pdpid-4d4235323330313731#cardid-85505185 "HTTP/1.1 200 OK"
2026-07-14 12:02:04,600 [INFO] HTTP Request: GET https://www.magicbricks.com/parx-laureate-sector-108-noida-pdpid-4d4235303137303534#cardid-84202137 "HTTP/1.1 200 OK"
2026-07-14 12:02:09,044 [INFO] HTTP Request: GET https://www.magicbricks.com/omaxe-grandwoods-sector-93b-noida-pdpid-4d4235303030353932#cardid-82101193 "HTTP/1.1 200 OK"
2026-07-14 12:02:13,852 [INFO] HTTP Request: GET https://www.magicbricks.com/propertyDetails/7-BHK-3000-Sq-ft-Villa-FOR-Rent-Sector-93B-in-Noida&id=4d423835313936363639#cardid-85196669 "HTTP/1.1 200 OK"
2026-07-14 12:02:19,684 [INFO] HTTP Request: GET https://www.magicbricks.com/logix-blossom-county-sector-137-noida-pdpid-4d4235303030373535#cardid-85202971 "HTTP/1.1 200 OK"
2026-07-14 12:02:24,029 [INFO] HTTP Request: GET https://www.magicbricks.com/propertyDetails/442-Sq-ft-Office-in-IT-Park-SEZ-FOR-Rent-Sector-127-in-Noida&id=4d423835313433303731#cardid-85143071 "HTTP/1.1 200 OK"
2026-07-14 12:02:24,122 [INFO] Detail-page enrichment: 90/96 processed, 90 coordinates and 15 amenity lists found so far
2026-07-14 12:02:28,372 [INFO] HTTP Request: GET https://www.magicbricks.com/amrapali-silicon-city-sector-76-noida-pdpid-4d4235303233383639#cardid-83694747 "HTTP/1.1 200 OK"
2026-07-14 12:02:33,459 [INFO] HTTP Request: GET https://www.magicbricks.com/omaxe-grandwoods-sector-93b-noida-pdpid-4d4235303030353932#cardid-85510425 "HTTP/1.1 200 OK"
2026-07-14 12:02:39,833 [INFO] HTTP Request: GET https://www.magicbricks.com/the-3c-lotus-zing-sector-168-noida-pdpid-4d4235303031323931#cardid-84993237 "HTTP/1.1 200 OK"
2026-07-14 12:02:44,428 [INFO] HTTP Request: GET https://www.magicbricks.com/propertyDetails/Builder-Floor-Apartment-FOR-Rent-Sector-44-in-Noida&id=4d423733323539323633#cardid-73259263 "HTTP/1.1 200 OK"
2026-07-14 12:02:48,603 [INFO] HTTP Request: GET https://www.magicbricks.com/propertyDetails/3-BHK-1936-Sq-ft-Residential-House-FOR-Rent-Sector-41-in-Noida&id=4d423134373235393233#cardid-14725923 "HTTP/1.1 200 OK"
2026-07-14 12:02:53,858 [INFO] HTTP Request: GET https://www.magicbricks.com/jaypee-klassic-sector-134-noida-pdpid-4d4235303231353035#cardid-84611259 "HTTP/1.1 200 OK"
2026-07-14 12:02:54,501 [INFO] Detail-page enrichment complete: 96/96 listings got real coordinates, 15/96 got an amenities list
2026-07-14 12:02:54,503 [INFO] Scraped 96 total listings
2026-07-14 12:02:54,508 [INFO] Wrote 96 listings to scraped_listings.jsonl
2026-07-14 12:09:57,005 [WARNING] Amenities section shows 'View All Amenities (14)' but only 12 were captured from the static HTML — the rest are likely behind a click-to-expand this scraper doesn't drive. Got: ['Club House', 'Power Back Up', 'Swimming Pool', 'Lift', 'Security', 'Park', 'Reserved Parking', 'Visitor Parking', 'Intercom Facility', 'Maintenance Staff', 'Flower Gardens', 'Air Conditioned']
2026-07-14 12:11:19,864 [INFO] No city name in config — reverse-geocoding (28.5074, 77.3912)...
2026-07-14 12:11:20,009 [INFO] Resolved city: Noida, state: Uttar Pradesh
2026-07-14 12:11:20,011 [INFO] Saved resolved values back to C:\Users\riddh\OneDrive\Desktop\skymark-grid-project\config.json
2026-07-14 12:11:20,015 [INFO] Starting MagicBricks scrape run
2026-07-14 12:11:20,896 [INFO] Bootstrapping session via Playwright: https://www.magicbricks.com/property-for-rent/residential-real-estate?cityName=Noida&page=1
2026-07-14 12:11:36,881 [INFO] Skipping likely-commercial listing:   Office Space for Rent in Sector 140A Noida
2026-07-14 12:11:36,916 [INFO] Skipping likely-commercial listing:   Office Space for Rent in Sector 63 Noida
2026-07-14 12:11:36,926 [INFO] Skipping likely-commercial listing:   Office Space for Rent in Sector 62, NH 24 Noida
2026-07-14 12:11:36,930 [INFO] Skipping likely-commercial listing:   Office Space for Rent in Sector 16 Noida
2026-07-14 12:11:36,936 [WARNING] Rejecting implausible monthly_rent=2200000.0 for cardid=85014211 (source text: 2200000) — outside the 1,000-1,000,000 sanity range.
2026-07-14 12:11:36,936 [INFO] Skipping likely-commercial listing:  Industrial Shed for Rent in Block C Sector 80 Noida
2026-07-14 12:11:36,944 [INFO] Skipping likely-commercial listing:  Industrial Building for Rent in C Block Sector 63 Noida
2026-07-14 12:11:36,948 [WARNING] Rejecting implausible monthly_rent=2375000.0 for cardid=85153975 (source text: 2375000) — outside the 1,000-1,000,000 sanity range.
2026-07-14 12:11:36,948 [INFO] Skipping likely-commercial listing:   Office Space for Rent in Block B Sector 62 Industrial Area Noida
2026-07-14 12:11:36,975 [INFO] Skipping likely-commercial listing:   Office Space for Rent in Sector 135, Noida Express Way Noida
2026-07-14 12:11:36,983 [WARNING] Rejecting implausible monthly_rent=1260000.0 for cardid=85452395 (source text: 1260000) — outside the 1,000-1,000,000 sanity range.
2026-07-14 12:11:36,983 [INFO] Skipping likely-commercial listing:  Industrial Building for Rent in Block C Sector 57 Noida
2026-07-14 12:11:36,984 [INFO] Page 1: 21 listings parsed so far
2026-07-14 12:11:38,503 [INFO] Starting detail-page enrichment (coordinates + amenities) for 21 listings...
2026-07-14 12:11:42,446 [INFO] HTTP Request: GET https://www.magicbricks.com/aba-cleo-county-sector-121-noida-pdpid-4d4235303139303230#cardid-83303695 "HTTP/1.1 200 OK"
2026-07-14 12:11:43,352 [WARNING] Amenities section shows 'View All Amenities (62)' but only 6 were captured from the static HTML — the rest are likely behind a click-to-expand this scraper doesn't drive. Got: ['Most Comprehensive', "Insights you won't find anywhere else", 'Top Amenities', 'Nearby landmarks', 'MB', 'Project Reviews']
2026-07-14 12:11:47,284 [INFO] HTTP Request: GET https://www.magicbricks.com/ajnara-homes-noida-extension-noida-pdpid-4d4235303030393235#cardid-41287745 "HTTP/1.1 200 OK"
2026-07-14 12:11:48,710 [WARNING] Amenities section shows 'View All Amenities (54)' but only 6 were captured from the static HTML — the rest are likely behind a click-to-expand this scraper doesn't drive. Got: ['Most Comprehensive', "Insights you won't find anywhere else", 'Top Amenities', 'Nearby landmarks', 'MB', 'Project Reviews']
2026-07-14 12:11:53,511 [INFO] HTTP Request: GET https://www.magicbricks.com/jaypee-klassic-sector-134-noida-pdpid-4d4235303231353035#cardid-85257169 "HTTP/1.1 200 OK"
2026-07-14 12:11:54,295 [WARNING] Amenities section shows 'View All Amenities (17)' but only 5 were captured from the static HTML — the rest are likely behind a click-to-expand this scraper doesn't drive. Got: ['Most Comprehensive', "Insights you won't find anywhere else", 'Top Amenities', 'MB', 'Project Reviews']
2026-07-14 12:11:59,034 [INFO] HTTP Request: GET https://www.magicbricks.com/godrej-woods-sector-43-noida-pdpid-4d4235323330313731#cardid-81408799 "HTTP/1.1 200 OK"
2026-07-14 12:12:00,752 [WARNING] Amenities section shows 'View All Amenities (44)' but only 6 were captured from the static HTML — the rest are likely behind a click-to-expand this scraper doesn't drive. Got: ['Most Comprehensive', "Insights you won't find anywhere else", 'Top Amenities', 'Nearby landmarks', 'MB', 'Project Reviews']
2026-07-14 12:12:05,916 [INFO] HTTP Request: GET https://www.magicbricks.com/propertyDetails/3-BHK-3302-Sq-ft-Multistorey-Apartment-FOR-Rent-Sector-108-Parx-Laureate-in-Noida&id=4d423536343231333933#cardid-56421393 "HTTP/1.1 200 OK"
2026-07-14 12:12:09,041 [INFO] HTTP Request: GET https://www.magicbricks.com/pearls-gateway-towers-sector-44-noida-pdpid-4d4235303130333138#cardid-85006209 "HTTP/1.1 200 OK"
2026-07-14 12:12:09,913 [WARNING] Amenities section shows 'View All Amenities (19)' but only 6 were captured from the static HTML — the rest are likely behind a click-to-expand this scraper doesn't drive. Got: ['Most Comprehensive', "Insights you won't find anywhere else", 'Top Amenities', 'Nearby landmarks', 'MB', 'Project Reviews']
2026-07-14 12:12:15,326 [INFO] HTTP Request: GET https://www.magicbricks.com/county-107-sector-107-noida-pdpid-4d4235313234373439#cardid-79645351 "HTTP/1.1 200 OK"
2026-07-14 12:12:16,199 [WARNING] Amenities section shows 'View All Amenities (32)' but only 6 were captured from the static HTML — the rest are likely behind a click-to-expand this scraper doesn't drive. Got: ['Most Comprehensive', "Insights you won't find anywhere else", 'Top Amenities', 'Nearby landmarks', 'MB', 'Project Reviews']
2026-07-14 12:12:21,161 [INFO] HTTP Request: GET https://www.magicbricks.com/aba-cleo-county-sector-121-noida-pdpid-4d4235303139303230#cardid-82981737 "HTTP/1.1 200 OK"
2026-07-14 12:12:22,079 [WARNING] Amenities section shows 'View All Amenities (62)' but only 6 were captured from the static HTML — the rest are likely behind a click-to-expand this scraper doesn't drive. Got: ['Most Comprehensive', "Insights you won't find anywhere else", 'Top Amenities', 'Nearby landmarks', 'MB', 'Project Reviews']
2026-07-14 12:12:26,174 [INFO] HTTP Request: GET https://www.magicbricks.com/aba-cleo-county-sector-121-noida-pdpid-4d4235303139303230#cardid-84082387 "HTTP/1.1 200 OK"
2026-07-14 12:12:27,688 [WARNING] Amenities section shows 'View All Amenities (62)' but only 6 were captured from the static HTML — the rest are likely behind a click-to-expand this scraper doesn't drive. Got: ['Most Comprehensive', "Insights you won't find anywhere else", 'Top Amenities', 'Nearby landmarks', 'MB', 'Project Reviews']
2026-07-14 12:12:30,793 [INFO] HTTP Request: GET https://www.magicbricks.com/eldeco-utopia-sector-93a-noida-pdpid-4d4235303031303036#cardid-85529447 "HTTP/1.1 200 OK"
2026-07-14 12:12:32,242 [INFO] Detail-page enrichment: 10/21 processed, 10 coordinates and 10 amenity lists found so far
2026-07-14 12:12:38,062 [INFO] HTTP Request: GET https://www.magicbricks.com/prateek-stylome-sector-45-noida-pdpid-4d4235303139353130#cardid-85489835 "HTTP/1.1 200 OK"
2026-07-14 12:12:39,407 [WARNING] Amenities section shows 'View All Amenities (41)' but only 6 were captured from the static HTML — the rest are likely behind a click-to-expand this scraper doesn't drive. Got: ['Most Comprehensive', "Insights you won't find anywhere else", 'Top Amenities', 'Nearby landmarks', 'MB', 'Project Reviews']
2026-07-14 12:12:42,696 [INFO] HTTP Request: GET https://www.magicbricks.com/kalpataru-vista-sultanpur-noida-pdpid-4d4235313135383335#cardid-85223913 "HTTP/1.1 301 Moved Permanently"
2026-07-14 12:12:42,874 [INFO] HTTP Request: GET https://www.magicbricks.com/kalpataru-vista-sector-128-noida-pdpid-4d4235313135383335#cardid-85223913 "HTTP/1.1 200 OK"
2026-07-14 12:12:43,733 [WARNING] Amenities section shows 'View All Amenities (49)' but only 6 were captured from the static HTML — the rest are likely behind a click-to-expand this scraper doesn't drive. Got: ['Most Comprehensive', "Insights you won't find anywhere else", 'Top Amenities', 'Nearby landmarks', 'MB', 'Project Reviews']
2026-07-14 12:12:49,318 [INFO] HTTP Request: GET https://www.magicbricks.com/gaur-city-14th-avenue-noida-extension-noida-pdpid-4d4235323234343431#cardid-85412461 "HTTP/1.1 200 OK"
2026-07-14 12:12:55,815 [INFO] HTTP Request: GET https://www.magicbricks.com/kalpataru-vista-sector-128-noida-pdpid-4d4235313135383335#cardid-85523653 "HTTP/1.1 200 OK"
2026-07-14 12:12:57,148 [WARNING] Amenities section shows 'View All Amenities (49)' but only 6 were captured from the static HTML — the rest are likely behind a click-to-expand this scraper doesn't drive. Got: ['Most Comprehensive', "Insights you won't find anywhere else", 'Top Amenities', 'Nearby landmarks', 'MB', 'Project Reviews']
2026-07-14 12:13:01,296 [INFO] HTTP Request: GET https://www.magicbricks.com/grand-ajnara-heritage-sector-74-noida-pdpid-4d4235303233393931#cardid-82467133 "HTTP/1.1 200 OK"
2026-07-14 12:13:02,844 [WARNING] Amenities section shows 'View All Amenities (58)' but only 5 were captured from the static HTML — the rest are likely behind a click-to-expand this scraper doesn't drive. Got: ['Most Comprehensive', "Insights you won't find anywhere else", 'Top Amenities', 'MB', 'Project Reviews']
2026-07-14 12:13:06,419 [INFO] HTTP Request: GET https://www.magicbricks.com/jaypee-greens-pavilion-court-sector-128-noida-pdpid-4d4235303130313530#cardid-85406419 "HTTP/1.1 200 OK"
2026-07-14 12:13:07,733 [WARNING] Amenities section shows 'View All Amenities (24)' but only 6 were captured from the static HTML — the rest are likely behind a click-to-expand this scraper doesn't drive. Got: ['Most Comprehensive', "Insights you won't find anywhere else", 'Top Amenities', 'Nearby landmarks', 'MB', 'Project Reviews']
2026-07-14 12:13:13,290 [INFO] HTTP Request: GET https://www.magicbricks.com/propertyDetails/3-BHK-2510-Sq-ft-Multistorey-Apartment-FOR-Rent-Sector-75-in-Noida&id=4d423834383236343533#cardid-84826453 "HTTP/1.1 200 OK"
2026-07-14 12:13:17,958 [INFO] HTTP Request: GET https://www.magicbricks.com/eldeco-live-by-the-greens-sector-150-noida-pdpid-4d4235313139363239#cardid-85195455 "HTTP/1.1 200 OK"
2026-07-14 12:13:19,775 [WARNING] Amenities section shows 'View All Amenities (26)' but only 6 were captured from the static HTML — the rest are likely behind a click-to-expand this scraper doesn't drive. Got: ['Most Comprehensive', "Insights you won't find anywhere else", 'Top Amenities', 'Nearby landmarks', 'MB', 'Project Reviews']
2026-07-14 12:13:25,359 [INFO] HTTP Request: GET https://www.magicbricks.com/jaypee-wish-town-klassic-sector-129-noida-pdpid-4d4235303130313439#cardid-84647849 "HTTP/1.1 200 OK"
2026-07-14 12:13:26,776 [WARNING] Amenities section shows 'View All Amenities (20)' but only 5 were captured from the static HTML — the rest are likely behind a click-to-expand this scraper doesn't drive. Got: ['Most Comprehensive', "Insights you won't find anywhere else", 'Top Amenities', 'MB', 'Project Reviews']
2026-07-14 12:13:32,323 [INFO] HTTP Request: GET https://www.magicbricks.com/royal-nest-noida-extension-noida-pdpid-4d4235303933393337#cardid-85362321 "HTTP/1.1 200 OK"
2026-07-14 12:13:33,675 [WARNING] Amenities section shows 'View All Amenities (36)' but only 6 were captured from the static HTML — the rest are likely behind a click-to-expand this scraper doesn't drive. Got: ['Most Comprehensive', "Insights you won't find anywhere else", 'Top Amenities', 'Nearby landmarks', 'MB', 'Project Reviews']
2026-07-14 12:13:33,676 [INFO] Detail-page enrichment: 20/21 processed, 20 coordinates and 19 amenity lists found so far
2026-07-14 12:13:37,023 [INFO] HTTP Request: GET https://www.magicbricks.com/county-107-sector-107-noida-pdpid-4d4235313234373439#cardid-85105799 "HTTP/1.1 200 OK"
2026-07-14 12:13:37,700 [WARNING] Amenities section shows 'View All Amenities (32)' but only 6 were captured from the static HTML — the rest are likely behind a click-to-expand this scraper doesn't drive. Got: ['Most Comprehensive', "Insights you won't find anywhere else", 'Top Amenities', 'Nearby landmarks', 'MB', 'Project Reviews']
2026-07-14 12:13:37,701 [INFO] Detail-page enrichment complete: 21/21 listings got real coordinates, 20/21 got an amenities list
2026-07-14 12:13:37,701 [INFO] Scraped 21 total listings
2026-07-14 12:13:37,705 [INFO] Wrote 21 listings to scraped_listings.jsonl
2026-07-14 12:20:09,124 [INFO] HTTP Request: GET https://www.magicbricks.com/aba-cleo-county-sector-121-noida-pdpid-4d4235303139303230 "HTTP/1.1 200 OK"
2026-07-14 12:20:29,739 [INFO] HTTP Request: GET https://www.magicbricks.com/aba-cleo-county-sector-121-noida-pdpid-4d4235303139303230 "HTTP/1.1 200 OK"
2026-07-14 12:22:56,937 [WARNING] Amenities section shows 'View All Amenities (62)' but only 12 were captured from the static HTML — the rest are likely behind a click-to-expand this scraper doesn't drive. Got: ['Club House', 'Cafeteria/Food Court', 'Bar/Lounge', 'Jogging and Strolling Track', 'Outdoor Tennis Courts', 'Cycling & Jogging Track', 'Private Terrace/Garden', 'Power Back Up', 'Swimming Pool', 'Lift', 'Security', 'Park']
2026-07-14 12:23:09,590 [WARNING] Amenities section shows 'View All Amenities (14)' but only 12 were captured from the static HTML — the rest are likely behind a click-to-expand this scraper doesn't drive. Got: ['Club House', 'Power Back Up', 'Swimming Pool', 'Lift', 'Security', 'Park', 'Reserved Parking', 'Visitor Parking', 'Intercom Facility', 'Maintenance Staff', 'Flower Gardens', 'Air Conditioned']
2026-07-14 12:28:16,961 [INFO] HTTP Request: GET https://www.magicbricks.com/aba-cleo-county-sector-121-noida-pdpid-4d4235303139303230 "HTTP/1.1 200 OK"
2026-07-14 12:28:17,256 [WARNING] Amenities section shows 'View All Amenities (62)' but only 12 were captured from the static HTML — the rest are likely behind a click-to-expand this scraper doesn't drive. Got: ['Club House', 'Cafeteria/Food Court', 'Bar/Lounge', 'Jogging and Strolling Track', 'Outdoor Tennis Courts', 'Cycling & Jogging Track', 'Private Terrace/Garden', 'Power Back Up', 'Swimming Pool', 'Lift', 'Security', 'Park']
2026-07-14 12:29:25,618 [INFO] HTTP Request: GET https://www.magicbricks.com/ajnara-homes-noida-extension-noida-pdpid-4d4235303030393235 "HTTP/1.1 200 OK"
2026-07-14 12:29:26,442 [WARNING] Amenities section shows 'View All Amenities (54)' but only 12 were captured from the static HTML — the rest are likely behind a click-to-expand this scraper doesn't drive. Got: ['Club House', 'Coffee Lounge & Restaurants', 'Cafeteria/Food Court', 'Bar/Lounge', 'Jogging and Strolling Track', 'Outdoor Tennis Courts', 'Cycling & Jogging Track', 'Private Terrace/Garden', 'Barbeque Pit', 'Dance Studio', 'Power Back Up', 'Swimming Pool']
2026-07-14 12:29:30,805 [INFO] HTTP Request: GET https://www.magicbricks.com/jaypee-klassic-sector-134-noida-pdpid-4d4235303231353035 "HTTP/1.1 200 OK"
2026-07-14 12:29:31,182 [WARNING] Amenities section shows 'View All Amenities (17)' but only 12 were captured from the static HTML — the rest are likely behind a click-to-expand this scraper doesn't drive. Got: ['Club House', 'Coffee Lounge & Restaurants', 'Cafeteria/Food Court', 'Cycling & Jogging Track', 'Power Back Up', 'Swimming Pool', 'Lift', 'Security', 'Reserved Parking', 'Intercom Facility', 'Gymnasium', 'Rain Water Harvesting']
2026-07-14 12:29:37,394 [INFO] HTTP Request: GET https://www.magicbricks.com/godrej-woods-sector-43-noida-pdpid-4d4235323330313731 "HTTP/1.1 200 OK"
2026-07-14 12:29:37,624 [WARNING] Amenities section shows 'View All Amenities (44)' but only 12 were captured from the static HTML — the rest are likely behind a click-to-expand this scraper doesn't drive. Got: ['Club House', 'Cafeteria/Food Court', 'Bar/Lounge', 'Jogging and Strolling Track', 'Outdoor Tennis Courts', 'Private Terrace/Garden', 'Power Back Up', 'Swimming Pool', 'Lift', 'Security', 'Park', 'Reserved Parking']
2026-07-14 12:29:41,138 [INFO] HTTP Request: GET https://www.magicbricks.com/pearls-gateway-towers-sector-44-noida-pdpid-4d4235303130333138 "HTTP/1.1 200 OK"
2026-07-14 12:29:42,018 [WARNING] Amenities section shows 'View All Amenities (19)' but only 12 were captured from the static HTML — the rest are likely behind a click-to-expand this scraper doesn't drive. Got: ['Club House', 'Cycling & Jogging Track', 'Power Back Up', 'Swimming Pool', 'Lift', 'Security', 'Reserved Parking', 'Visitor Parking', 'Intercom Facility', 'Gymnasium', 'Indoor Games Room', 'Flower Gardens']
2026-07-14 12:32:33,666 [INFO] No city name in config — reverse-geocoding (28.5074, 77.3912)...
2026-07-14 12:32:35,011 [INFO] Resolved city: Noida, state: Uttar Pradesh
2026-07-14 12:32:35,013 [INFO] Saved resolved values back to C:\Users\riddh\OneDrive\Desktop\skymark-grid-project\config.json
2026-07-14 12:32:35,020 [INFO] Starting MagicBricks scrape run
2026-07-14 12:32:35,941 [INFO] Bootstrapping session via Playwright: https://www.magicbricks.com/property-for-rent/residential-real-estate?cityName=Noida&page=1
2026-07-14 12:32:50,169 [INFO] Skipping likely-commercial listing:   Office Space for Rent in Sector 140A Noida
2026-07-14 12:32:50,198 [INFO] Skipping likely-commercial listing:   Office Space for Rent in Sector 63 Noida
2026-07-14 12:32:50,206 [INFO] Skipping likely-commercial listing:   Office Space for Rent in Sector 62, NH 24 Noida
2026-07-14 12:32:50,210 [INFO] Skipping likely-commercial listing:   Office Space for Rent in Sector 16 Noida
2026-07-14 12:32:50,216 [WARNING] Rejecting implausible monthly_rent=2200000.0 for cardid=85014211 (source text: 2200000) — outside the 1,000-1,000,000 sanity range.
2026-07-14 12:32:50,216 [INFO] Skipping likely-commercial listing:  Industrial Shed for Rent in Block C Sector 80 Noida
2026-07-14 12:32:50,223 [INFO] Skipping likely-commercial listing:  Industrial Building for Rent in C Block Sector 63 Noida
2026-07-14 12:32:50,226 [WARNING] Rejecting implausible monthly_rent=2375000.0 for cardid=85153975 (source text: 2375000) — outside the 1,000-1,000,000 sanity range.
2026-07-14 12:32:50,226 [INFO] Skipping likely-commercial listing:   Office Space for Rent in Block B Sector 62 Industrial Area Noida
2026-07-14 12:32:50,254 [INFO] Skipping likely-commercial listing:   Office Space for Rent in Sector 135, Noida Express Way Noida
2026-07-14 12:32:50,260 [WARNING] Rejecting implausible monthly_rent=1260000.0 for cardid=85452395 (source text: 1260000) — outside the 1,000-1,000,000 sanity range.
2026-07-14 12:32:50,260 [INFO] Skipping likely-commercial listing:  Industrial Building for Rent in Block C Sector 57 Noida
2026-07-14 12:32:50,260 [INFO] Page 1: 21 listings parsed so far
2026-07-14 12:32:57,736 [INFO] HTTP Request: GET https://www.magicbricks.com/property-for-rent/residential-real-estate?cityName=Noida&page=2 "HTTP/1.1 200 OK"
2026-07-14 12:32:58,025 [INFO] Skipping likely-commercial listing:   Shop for Rent in Sector 18, Noida sector 18 Metro Noida
2026-07-14 12:32:58,037 [INFO] Skipping likely-commercial listing:   Office Space for Rent in Sector 96 Noida
2026-07-14 12:32:58,051 [INFO] Skipping likely-commercial listing:   Office Space for Rent in Sector 154, Noida Express Way Noida
2026-07-14 12:32:58,061 [INFO] Skipping likely-commercial listing:   Office Space for Rent in Block B Sector 132 Noida
2026-07-14 12:32:58,073 [WARNING] Rejecting implausible monthly_rent=1200000.0 for cardid=83310679 (source text: 1200000) — outside the 1,000-1,000,000 sanity range.
2026-07-14 12:32:58,074 [INFO] Skipping likely-commercial listing:   Showroom for Rent in Sector 5 Noida
2026-07-14 12:32:58,087 [INFO] Skipping likely-commercial listing:  Industrial Land for Rent in Block A Phase 2 Noida Noida
2026-07-14 12:32:58,089 [INFO] Skipping likely-commercial listing:   Office Space for Rent in Industrial Area Noida
2026-07-14 12:32:58,092 [INFO] Skipping likely-commercial listing:   Office Space for Rent in Sector 18, Noida sector 18 Metro Noida
2026-07-14 12:32:58,094 [INFO] Skipping likely-commercial listing:   Shop for Rent in Block C Sector 41 Noida
2026-07-14 12:32:58,097 [INFO] Skipping likely-commercial listing:   Office Space for Rent in Sector 18, Noida sector 18 Metro Noida
2026-07-14 12:32:58,100 [INFO] Skipping likely-commercial listing:   Office Space for Rent in Noida Extension Noida
2026-07-14 12:32:58,111 [INFO] Skipping likely-commercial listing:  Warehouse/ Godown for Rent in Sector 70 Noida
2026-07-14 12:32:58,114 [INFO] Skipping likely-commercial listing:   Office Space for Rent in Sector 2 Noida
2026-07-14 12:32:58,118 [INFO] Page 2: +17 listings (running total: 38)
2026-07-14 12:33:01,947 [INFO] HTTP Request: GET https://www.magicbricks.com/property-for-rent/residential-real-estate?cityName=Noida&page=3 "HTTP/1.1 200 OK"
2026-07-14 12:33:02,245 [INFO] Skipping likely-commercial listing:   Office Space for Rent in Sector 90 Noida
2026-07-14 12:33:02,252 [INFO] Skipping likely-commercial listing:   Shop for Rent in Aghapur, Sector 41 Noida
2026-07-14 12:33:02,269 [INFO] Skipping likely-commercial listing:   Office Space for Rent in Sector 125, Noida Express Way Noida
2026-07-14 12:33:02,272 [INFO] Skipping likely-commercial listing:   Office Space for Rent in Block C Sector 3 Noida
2026-07-14 12:33:02,276 [INFO] Skipping likely-commercial listing:   Office Space for Rent in A Block Sector 83 Noida
2026-07-14 12:33:02,293 [INFO] Skipping likely-commercial listing:   Office Space for Rent in Sector 140A Noida
2026-07-14 12:33:02,296 [INFO] Skipping likely-commercial listing:   Office Space for Rent in Noida Greater Noida Expressway Noida
2026-07-14 12:33:02,301 [INFO] Skipping likely-commercial listing:   Office Space for Rent in Block E Sector 3 Noida
2026-07-14 12:33:02,308 [INFO] Skipping likely-commercial listing:   Office Space for Rent in H Block Sector 63 Noida
2026-07-14 12:33:02,315 [INFO] Skipping likely-commercial listing:   Office Space for Rent in Sector 16 Noida
2026-07-14 12:33:02,323 [INFO] Skipping likely-commercial listing:   Office Space for Rent in Sector 62, NH 24 Noida
2026-07-14 12:33:02,327 [INFO] Skipping likely-commercial listing:   Office Space for Rent in Sector 63 Noida
2026-07-14 12:33:02,331 [INFO] Skipping likely-commercial listing:   Office Space for Rent in Sector 94, Noida Express Way Noida
2026-07-14 12:33:02,338 [INFO] Skipping likely-commercial listing:   Shop for Rent in Sector 75 Noida
2026-07-14 12:33:02,342 [INFO] Skipping likely-commercial listing:   Office Space for Rent in D Block Sector 63 Noida
2026-07-14 12:33:02,346 [INFO] Skipping likely-commercial listing: 2 BHK Flat  for Rent in  Noida One, Block C Phase 2 Industrial Area, Noida
2026-07-14 12:33:02,350 [INFO] Page 3: +14 listings (running total: 52)
2026-07-14 12:33:05,731 [INFO] HTTP Request: GET https://www.magicbricks.com/property-for-rent/residential-real-estate?cityName=Noida&page=4 "HTTP/1.1 200 OK"
2026-07-14 12:33:06,027 [WARNING] Rejecting implausible monthly_rent=2500100.0 for cardid=67848991 (source text: 2500100) — outside the 1,000-1,000,000 sanity range.
2026-07-14 12:33:06,028 [INFO] Skipping likely-commercial listing:   Office Space for Rent in Sector 125, Noida Express Way Noida
2026-07-14 12:33:06,036 [INFO] Skipping likely-commercial listing:   Office Space for Rent in B Block Sector 63 Noida
2026-07-14 12:33:06,056 [INFO] Skipping likely-commercial listing:   Office Space for Rent in Sector 135, Noida Express Way Noida
2026-07-14 12:33:06,071 [INFO] Skipping likely-commercial listing:   Office Space for Rent in Block A Sector 16 Noida
2026-07-14 12:33:06,074 [INFO] Skipping likely-commercial listing:   Office Space for Rent in BLS TECHHUB B69 B BLOCK SECTOR 63 Noida
2026-07-14 12:33:06,087 [INFO] Skipping likely-commercial listing:  Office in IT Park/ SEZ for Rent in Block C Phase 2 Industrial Area Noida
2026-07-14 12:33:06,091 [INFO] Skipping likely-commercial listing:   Office Space for Rent in Sector 63 Noida
2026-07-14 12:33:06,109 [INFO] Skipping likely-commercial listing:   Office Space for Rent in Sector 63 Noida
2026-07-14 12:33:06,116 [INFO] Skipping likely-commercial listing:   Office Space for Rent in A Block Sector 63 Noida
2026-07-14 12:33:06,116 [INFO] Page 4: +21 listings (running total: 73)
2026-07-14 12:33:12,150 [INFO] HTTP Request: GET https://www.magicbricks.com/property-for-rent/residential-real-estate?cityName=Noida&page=5 "HTTP/1.1 200 OK"
2026-07-14 12:33:12,544 [INFO] Skipping likely-commercial listing:   Office Space for Rent in Sector 63 Noida
2026-07-14 12:33:12,558 [INFO] Skipping likely-commercial listing:   Office Space for Rent in Sector 62, NH 24 Noida
2026-07-14 12:33:12,561 [INFO] Skipping likely-commercial listing:   Office Space for Rent in Sector 69 Noida
2026-07-14 12:33:12,574 [INFO] Skipping likely-commercial listing:   Office Space for Rent in Pocket A Sector 18 Noida
2026-07-14 12:33:12,592 [INFO] Skipping likely-commercial listing:   Office Space for Rent in Sector 18, Noida sector 18 Metro Noida
2026-07-14 12:33:12,595 [INFO] Skipping likely-commercial listing:   Office Space for Rent in Sector 90 Noida
2026-07-14 12:33:12,602 [INFO] Skipping likely-commercial listing:   Office Space for Rent in Noida Extension Noida
2026-07-14 12:33:12,602 [INFO] Page 5: +23 listings (running total: 96)
2026-07-14 12:33:12,602 [INFO] Starting detail-page enrichment (coordinates + amenities) for 96 listings...
2026-07-14 12:33:18,240 [INFO] HTTP Request: GET https://www.magicbricks.com/aba-cleo-county-sector-121-noida-pdpid-4d4235303139303230#cardid-83303695 "HTTP/1.1 200 OK"
2026-07-14 12:33:18,940 [WARNING] Amenities section shows 'View All Amenities (62)' but only 12 were captured from the static HTML — the rest are likely behind a click-to-expand this scraper doesn't drive. Got: ['Club House', 'Cafeteria/Food Court', 'Bar/Lounge', 'Jogging and Strolling Track', 'Outdoor Tennis Courts', 'Cycling & Jogging Track', 'Private Terrace/Garden', 'Power Back Up', 'Swimming Pool', 'Lift', 'Security', 'Park']
2026-07-14 12:33:23,653 [INFO] HTTP Request: GET https://www.magicbricks.com/ajnara-homes-noida-extension-noida-pdpid-4d4235303030393235#cardid-41287745 "HTTP/1.1 200 OK"
2026-07-14 12:33:24,844 [WARNING] Amenities section shows 'View All Amenities (54)' but only 12 were captured from the static HTML — the rest are likely behind a click-to-expand this scraper doesn't drive. Got: ['Club House', 'Coffee Lounge & Restaurants', 'Cafeteria/Food Court', 'Bar/Lounge', 'Jogging and Strolling Track', 'Outdoor Tennis Courts', 'Cycling & Jogging Track', 'Private Terrace/Garden', 'Barbeque Pit', 'Dance Studio', 'Power Back Up', 'Swimming Pool']
2026-07-14 12:33:28,464 [INFO] HTTP Request: GET https://www.magicbricks.com/jaypee-klassic-sector-134-noida-pdpid-4d4235303231353035#cardid-85257169 "HTTP/1.1 200 OK"
2026-07-14 12:33:29,316 [WARNING] Amenities section shows 'View All Amenities (17)' but only 12 were captured from the static HTML — the rest are likely behind a click-to-expand this scraper doesn't drive. Got: ['Club House', 'Coffee Lounge & Restaurants', 'Cafeteria/Food Court', 'Cycling & Jogging Track', 'Power Back Up', 'Swimming Pool', 'Lift', 'Security', 'Reserved Parking', 'Intercom Facility', 'Gymnasium', 'Rain Water Harvesting']
2026-07-14 12:33:32,985 [INFO] HTTP Request: GET https://www.magicbricks.com/godrej-woods-sector-43-noida-pdpid-4d4235323330313731#cardid-81408799 "HTTP/1.1 200 OK"
2026-07-14 12:33:33,727 [WARNING] Amenities section shows 'View All Amenities (44)' but only 12 were captured from the static HTML — the rest are likely behind a click-to-expand this scraper doesn't drive. Got: ['Club House', 'Cafeteria/Food Court', 'Bar/Lounge', 'Jogging and Strolling Track', 'Outdoor Tennis Courts', 'Private Terrace/Garden', 'Power Back Up', 'Swimming Pool', 'Lift', 'Security', 'Park', 'Reserved Parking']
2026-07-14 12:33:38,169 [INFO] HTTP Request: GET https://www.magicbricks.com/propertyDetails/3-BHK-3302-Sq-ft-Multistorey-Apartment-FOR-Rent-Sector-108-Parx-Laureate-in-Noida&id=4d423536343231333933#cardid-56421393 "HTTP/1.1 200 OK"
2026-07-14 12:33:44,447 [INFO] HTTP Request: GET https://www.magicbricks.com/pearls-gateway-towers-sector-44-noida-pdpid-4d4235303130333138#cardid-85006209 "HTTP/1.1 200 OK"
2026-07-14 12:33:45,056 [WARNING] Amenities section shows 'View All Amenities (19)' but only 12 were captured from the static HTML — the rest are likely behind a click-to-expand this scraper doesn't drive. Got: ['Club House', 'Cycling & Jogging Track', 'Power Back Up', 'Swimming Pool', 'Lift', 'Security', 'Reserved Parking', 'Visitor Parking', 'Intercom Facility', 'Gymnasium', 'Indoor Games Room', 'Flower Gardens']
2026-07-14 12:33:50,319 [INFO] HTTP Request: GET https://www.magicbricks.com/county-107-sector-107-noida-pdpid-4d4235313234373439#cardid-79645351 "HTTP/1.1 200 OK"
2026-07-14 12:33:51,274 [WARNING] Amenities section shows 'View All Amenities (32)' but only 12 were captured from the static HTML — the rest are likely behind a click-to-expand this scraper doesn't drive. Got: ['Club House', 'Jogging and Strolling Track', 'Power Back Up', 'Swimming Pool', 'Lift', 'Reserved Parking', 'Visitor Parking', 'Intercom Facility', 'Banquet Hall', 'Gymnasium', 'Indoor Games Room', 'AEROBICS ROOM']
2026-07-14 12:33:55,008 [INFO] HTTP Request: GET https://www.magicbricks.com/aba-cleo-county-sector-121-noida-pdpid-4d4235303139303230#cardid-82981737 "HTTP/1.1 200 OK"
2026-07-14 12:33:56,326 [WARNING] Amenities section shows 'View All Amenities (62)' but only 12 were captured from the static HTML — the rest are likely behind a click-to-expand this scraper doesn't drive. Got: ['Club House', 'Cafeteria/Food Court', 'Bar/Lounge', 'Jogging and Strolling Track', 'Outdoor Tennis Courts', 'Cycling & Jogging Track', 'Private Terrace/Garden', 'Power Back Up', 'Swimming Pool', 'Lift', 'Security', 'Park']
2026-07-14 12:33:59,014 [INFO] HTTP Request: GET https://www.magicbricks.com/aba-cleo-county-sector-121-noida-pdpid-4d4235303139303230#cardid-84082387 "HTTP/1.1 200 OK"
2026-07-14 12:34:01,221 [WARNING] Amenities section shows 'View All Amenities (62)' but only 12 were captured from the static HTML — the rest are likely behind a click-to-expand this scraper doesn't drive. Got: ['Club House', 'Cafeteria/Food Court', 'Bar/Lounge', 'Jogging and Strolling Track', 'Outdoor Tennis Courts', 'Cycling & Jogging Track', 'Private Terrace/Garden', 'Power Back Up', 'Swimming Pool', 'Lift', 'Security', 'Park']
2026-07-14 12:34:05,645 [INFO] HTTP Request: GET https://www.magicbricks.com/eldeco-utopia-sector-93a-noida-pdpid-4d4235303031303036#cardid-85529447 "HTTP/1.1 200 OK"
2026-07-14 12:34:07,051 [INFO] Detail-page enrichment: 10/96 processed, 10 coordinates and 10 amenity lists found so far
2026-07-14 12:34:10,782 [INFO] HTTP Request: GET https://www.magicbricks.com/prateek-stylome-sector-45-noida-pdpid-4d4235303139353130#cardid-85489835 "HTTP/1.1 200 OK"
2026-07-14 12:34:11,487 [WARNING] Amenities section shows 'View All Amenities (41)' but only 12 were captured from the static HTML — the rest are likely behind a click-to-expand this scraper doesn't drive. Got: ['Club House', 'Coffee Lounge & Restaurants', 'Cafeteria/Food Court', 'Jogging and Strolling Track', 'Outdoor Tennis Courts', 'Cycling & Jogging Track', 'Barbeque Pit', 'Dance Studio', 'Power Back Up', 'Swimming Pool', 'Lift', 'Security']
2026-07-14 12:34:15,249 [INFO] HTTP Request: GET https://www.magicbricks.com/kalpataru-vista-sultanpur-noida-pdpid-4d4235313135383335#cardid-85223913 "HTTP/1.1 301 Moved Permanently"
2026-07-14 12:34:15,842 [INFO] HTTP Request: GET https://www.magicbricks.com/kalpataru-vista-sector-128-noida-pdpid-4d4235313135383335#cardid-85223913 "HTTP/1.1 200 OK"
2026-07-14 12:34:16,976 [WARNING] Amenities section shows 'View All Amenities (49)' but only 12 were captured from the static HTML — the rest are likely behind a click-to-expand this scraper doesn't drive. Got: ['Club House', 'Bar/Lounge', 'Jogging and Strolling Track', 'Outdoor Tennis Courts', 'Cycling & Jogging Track', 'Private Terrace/Garden', 'Power Back Up', 'Swimming Pool', 'Lift', 'Security', 'Park', 'Reserved Parking']
2026-07-14 12:34:22,089 [INFO] HTTP Request: GET https://www.magicbricks.com/gaur-city-14th-avenue-noida-extension-noida-pdpid-4d4235323234343431#cardid-85412461 "HTTP/1.1 200 OK"
2026-07-14 12:34:28,450 [INFO] HTTP Request: GET https://www.magicbricks.com/kalpataru-vista-sector-128-noida-pdpid-4d4235313135383335#cardid-85523653 "HTTP/1.1 200 OK"
2026-07-14 12:34:29,120 [WARNING] Amenities section shows 'View All Amenities (49)' but only 12 were captured from the static HTML — the rest are likely behind a click-to-expand this scraper doesn't drive. Got: ['Club House', 'Bar/Lounge', 'Jogging and Strolling Track', 'Outdoor Tennis Courts', 'Cycling & Jogging Track', 'Private Terrace/Garden', 'Power Back Up', 'Swimming Pool', 'Lift', 'Security', 'Park', 'Reserved Parking']
2026-07-14 12:34:35,181 [INFO] HTTP Request: GET https://www.magicbricks.com/grand-ajnara-heritage-sector-74-noida-pdpid-4d4235303233393931#cardid-82467133 "HTTP/1.1 200 OK"
2026-07-14 12:34:36,162 [WARNING] Amenities section shows 'View All Amenities (58)' but only 12 were captured from the static HTML — the rest are likely behind a click-to-expand this scraper doesn't drive. Got: ['Club House', 'Coffee Lounge & Restaurants', 'Cafeteria/Food Court', 'Bar/Lounge', 'Jogging and Strolling Track', 'Outdoor Tennis Courts', 'Cycling & Jogging Track', 'Private Terrace/Garden', 'Barbeque Pit', 'Dance Studio', 'Power Back Up', 'Swimming Pool']
2026-07-14 12:34:41,900 [INFO] HTTP Request: GET https://www.magicbricks.com/jaypee-greens-pavilion-court-sector-128-noida-pdpid-4d4235303130313530#cardid-85406419 "HTTP/1.1 200 OK"
2026-07-14 12:34:42,670 [WARNING] Amenities section shows 'View All Amenities (24)' but only 12 were captured from the static HTML — the rest are likely behind a click-to-expand this scraper doesn't drive. Got: ['Club House', 'Cafeteria/Food Court', 'Power Back Up', 'Swimming Pool', 'Lift', 'Security', 'Reserved Parking', 'Intercom Facility', 'Maintenance Staff', 'Gymnasium', 'AEROBICS ROOM', 'Library And Business Centre']
2026-07-14 12:34:47,017 [INFO] HTTP Request: GET https://www.magicbricks.com/propertyDetails/3-BHK-2510-Sq-ft-Multistorey-Apartment-FOR-Rent-Sector-75-in-Noida&id=4d423834383236343533#cardid-84826453 "HTTP/1.1 200 OK"
2026-07-14 12:34:53,052 [INFO] HTTP Request: GET https://www.magicbricks.com/eldeco-live-by-the-greens-sector-150-noida-pdpid-4d4235313139363239#cardid-85195455 "HTTP/1.1 200 OK"
2026-07-14 12:34:53,761 [WARNING] Amenities section shows 'View All Amenities (26)' but only 12 were captured from the static HTML — the rest are likely behind a click-to-expand this scraper doesn't drive. Got: ['Club House', 'Outdoor Tennis Courts', 'Power Back Up', 'Swimming Pool', 'Lift', 'Security', 'Park', 'Reserved Parking', 'Visitor Parking', 'Intercom Facility', 'Maintenance Staff', 'Gymnasium']
2026-07-14 12:34:59,165 [INFO] HTTP Request: GET https://www.magicbricks.com/jaypee-wish-town-klassic-sector-129-noida-pdpid-4d4235303130313439#cardid-84647849 "HTTP/1.1 200 OK"
2026-07-14 12:34:59,747 [WARNING] Amenities section shows 'View All Amenities (20)' but only 12 were captured from the static HTML — the rest are likely behind a click-to-expand this scraper doesn't drive. Got: ['Club House', 'Coffee Lounge & Restaurants', 'Cafeteria/Food Court', 'Cycling & Jogging Track', 'Power Back Up', 'Swimming Pool', 'Lift', 'Security', 'Reserved Parking', 'Intercom Facility', 'Gymnasium', 'Indoor Games Room']
2026-07-14 12:35:04,323 [INFO] HTTP Request: GET https://www.magicbricks.com/royal-nest-noida-extension-noida-pdpid-4d4235303933393337#cardid-85362321 "HTTP/1.1 200 OK"
2026-07-14 12:35:04,940 [WARNING] Amenities section shows 'View All Amenities (36)' but only 12 were captured from the static HTML — the rest are likely behind a click-to-expand this scraper doesn't drive. Got: ['Club House', 'Cafeteria/Food Court', 'Bar/Lounge', 'Jogging and Strolling Track', 'Cycling & Jogging Track', 'Power Back Up', 'Swimming Pool', 'Lift', 'Security', 'Park', 'Reserved Parking', 'Visitor Parking']
2026-07-14 12:35:04,940 [INFO] Detail-page enrichment: 20/96 processed, 20 coordinates and 19 amenity lists found so far
2026-07-14 12:35:08,118 [INFO] HTTP Request: GET https://www.magicbricks.com/county-107-sector-107-noida-pdpid-4d4235313234373439#cardid-85105799 "HTTP/1.1 200 OK"
2026-07-14 12:35:09,330 [WARNING] Amenities section shows 'View All Amenities (32)' but only 12 were captured from the static HTML — the rest are likely behind a click-to-expand this scraper doesn't drive. Got: ['Club House', 'Jogging and Strolling Track', 'Power Back Up', 'Swimming Pool', 'Lift', 'Reserved Parking', 'Visitor Parking', 'Intercom Facility', 'Banquet Hall', 'Gymnasium', 'Indoor Games Room', 'AEROBICS ROOM']
2026-07-14 12:35:14,443 [INFO] HTTP Request: GET https://www.magicbricks.com/panchsheel-pratishtha-sector-75-noida-pdpid-4d4235303139383038#cardid-82774183 "HTTP/1.1 200 OK"
2026-07-14 12:35:15,054 [WARNING] Amenities section shows 'View All Amenities (18)' but only 12 were captured from the static HTML — the rest are likely behind a click-to-expand this scraper doesn't drive. Got: ['Club House', 'Outdoor Tennis Courts', 'Power Back Up', 'Swimming Pool', 'Lift', 'Security', 'Park', 'Reserved Parking', 'Visitor Parking', 'Banquet Hall', 'Gymnasium', 'Indoor Games Room']
2026-07-14 12:35:18,058 [INFO] HTTP Request: GET https://www.magicbricks.com/aba-cleo-county-sector-121-noida-pdpid-4d4235303139303230#cardid-84266103 "HTTP/1.1 200 OK"
2026-07-14 12:35:19,309 [WARNING] Amenities section shows 'View All Amenities (62)' but only 12 were captured from the static HTML — the rest are likely behind a click-to-expand this scraper doesn't drive. Got: ['Club House', 'Cafeteria/Food Court', 'Bar/Lounge', 'Jogging and Strolling Track', 'Outdoor Tennis Courts', 'Cycling & Jogging Track', 'Private Terrace/Garden', 'Power Back Up', 'Swimming Pool', 'Lift', 'Security', 'Park']
2026-07-14 12:35:24,088 [INFO] HTTP Request: GET https://www.magicbricks.com/samridhi-luxuriya-avenue-sector-150-noida-pdpid-4d4235303833353733#cardid-82000853 "HTTP/1.1 200 OK"
2026-07-14 12:35:24,746 [WARNING] Amenities section shows 'View All Amenities (26)' but only 12 were captured from the static HTML — the rest are likely behind a click-to-expand this scraper doesn't drive. Got: ['Club House', 'Jogging and Strolling Track', 'Outdoor Tennis Courts', 'Cycling & Jogging Track', 'Power Back Up', 'Swimming Pool', 'Lift', 'Security', 'Reserved Parking', 'Intercom Facility', 'Gymnasium', 'Indoor Games Room']
2026-07-14 12:35:29,598 [INFO] HTTP Request: GET https://www.magicbricks.com/jaypee-greens-augusta-town-homes-sector-128-noida-pdpid-4d4235303938363339#cardid-85442231 "HTTP/1.1 200 OK"
2026-07-14 12:35:37,503 [INFO] HTTP Request: GET https://www.magicbricks.com/civitech-stadia-sector-79-noida-pdpid-4d4235303232393932#cardid-83539221 "HTTP/1.1 200 OK"
2026-07-14 12:35:42,930 [INFO] HTTP Request: GET https://www.magicbricks.com/supertech-ecociti-sector-137-noida-pdpid-4d4235303137353239#cardid-83937675 "HTTP/1.1 200 OK"
2026-07-14 12:35:43,689 [WARNING] Amenities section shows 'View All Amenities (37)' but only 12 were captured from the static HTML — the rest are likely behind a click-to-expand this scraper doesn't drive. Got: ['Club House', 'Cafeteria/Food Court', 'Bar/Lounge', 'Jogging and Strolling Track', 'Outdoor Tennis Courts', 'Cycling & Jogging Track', 'Power Back Up', 'Swimming Pool', 'Lift', 'Security', 'Reserved Parking', 'Visitor Parking']
2026-07-14 12:35:47,062 [INFO] HTTP Request: GET https://www.magicbricks.com/mahagun-moderne-sector-78-noida-pdpid-4d4235303230373436#cardid-64545405 "HTTP/1.1 200 OK"
2026-07-14 12:35:47,899 [WARNING] Amenities section shows 'View All Amenities (55)' but only 12 were captured from the static HTML — the rest are likely behind a click-to-expand this scraper doesn't drive. Got: ['Club House', 'Cafeteria/Food Court', 'Bar/Lounge', 'Jogging and Strolling Track', 'Outdoor Tennis Courts', 'Cycling & Jogging Track', 'Private Terrace/Garden', 'Dance Studio', 'Power Back Up', 'Swimming Pool', 'Lift', 'Security']
2026-07-14 12:35:52,418 [INFO] HTTP Request: GET https://www.magicbricks.com/ivy-county-sector-75-noida-pdpid-4d4235313236393639#cardid-84414117 "HTTP/1.1 200 OK"
2026-07-14 12:35:53,472 [WARNING] Amenities section shows 'View All Amenities (24)' but only 12 were captured from the static HTML — the rest are likely behind a click-to-expand this scraper doesn't drive. Got: ['Club House', 'Coffee Lounge & Restaurants', 'Cafeteria/Food Court', 'Outdoor Tennis Courts', 'Power Back Up', 'Swimming Pool', 'Lift', 'Security', 'Reserved Parking', 'Visitor Parking', 'Intercom Facility', 'Maintenance Staff']
2026-07-14 12:35:58,294 [INFO] HTTP Request: GET https://www.magicbricks.com/aba-cleo-county-sector-121-noida-pdpid-4d4235303139303230#cardid-79112525 "HTTP/1.1 200 OK"
2026-07-14 12:35:58,975 [WARNING] Amenities section shows 'View All Amenities (62)' but only 12 were captured from the static HTML — the rest are likely behind a click-to-expand this scraper doesn't drive. Got: ['Club House', 'Cafeteria/Food Court', 'Bar/Lounge', 'Jogging and Strolling Track', 'Outdoor Tennis Courts', 'Cycling & Jogging Track', 'Private Terrace/Garden', 'Power Back Up', 'Swimming Pool', 'Lift', 'Security', 'Park']
2026-07-14 12:35:58,976 [INFO] Detail-page enrichment: 30/96 processed, 30 coordinates and 28 amenity lists found so far
2026-07-14 12:36:04,434 [INFO] HTTP Request: GET https://www.magicbricks.com/amrapali-princely-estate-sector-76-noida-pdpid-4d4235303030383638#cardid-84553355 "HTTP/1.1 200 OK"
2026-07-14 12:36:05,168 [WARNING] Amenities section shows 'View All Amenities (35)' but only 12 were captured from the static HTML — the rest are likely behind a click-to-expand this scraper doesn't drive. Got: ['Club House', 'Coffee Lounge & Restaurants', 'Jogging and Strolling Track', 'Cycling & Jogging Track', 'Dance Studio', 'Power Back Up', 'Swimming Pool', 'Lift', 'Security', 'Park', 'Reserved Parking', 'Service/Goods Lift']
2026-07-14 12:36:08,221 [INFO] HTTP Request: GET https://www.magicbricks.com/hawelia-valenova-park-noida-extension-noida-pdpid-4d4235303231393133#cardid-85394865 "HTTP/1.1 200 OK"
2026-07-14 12:36:08,999 [WARNING] Amenities section shows 'View All Amenities (46)' but only 12 were captured from the static HTML — the rest are likely behind a click-to-expand this scraper doesn't drive. Got: ['Club House', 'Coffee Lounge & Restaurants', 'Cafeteria/Food Court', 'Bar/Lounge', 'Jogging and Strolling Track', 'Outdoor Tennis Courts', 'Cycling & Jogging Track', 'Barbeque Pit', 'Power Back Up', 'Swimming Pool', 'Lift', 'Security']
2026-07-14 12:36:14,693 [INFO] HTTP Request: GET https://www.magicbricks.com/propertyDetails/3-BHK-1695-Sq-ft-Multistorey-Apartment-FOR-Rent-Sector-143-in-Noida&id=4d423832313930363435#cardid-82190645 "HTTP/1.1 200 OK"
2026-07-14 12:36:22,208 [INFO] HTTP Request: GET https://www.magicbricks.com/ace-parkway-sector-150-noida-pdpid-4d4235313332363433#cardid-85347983 "HTTP/1.1 200 OK"
2026-07-14 12:36:27,319 [INFO] HTTP Request: GET https://www.magicbricks.com/supertech-capetown-sector-74-noida-pdpid-4d4235303137353133#cardid-82991791 "HTTP/1.1 200 OK"
2026-07-14 12:36:27,989 [WARNING] Amenities section shows 'View All Amenities (15)' but only 12 were captured from the static HTML — the rest are likely behind a click-to-expand this scraper doesn't drive. Got: ['Club House', 'Jogging and Strolling Track', 'Power Back Up', 'Swimming Pool', 'Lift', 'Security', 'Park', 'Reserved Parking', 'Maintenance Staff', 'Banquet Hall', 'Gymnasium', 'Piped Gas']
2026-07-14 12:36:33,171 [INFO] HTTP Request: GET https://www.magicbricks.com/propertyDetails/3-BHK-1540-Sq-ft-Multistorey-Apartment-FOR-Rent-Sector-143-in-Noida&id=4d423834313930333531#cardid-84190351 "HTTP/1.1 200 OK"
2026-07-14 12:36:39,236 [INFO] HTTP Request: GET https://www.magicbricks.com/amrapali-silicon-city-sector-76-noida-pdpid-4d4235303233383639#cardid-85054991 "HTTP/1.1 200 OK"
2026-07-14 12:36:40,089 [WARNING] Amenities section shows 'View All Amenities (26)' but only 12 were captured from the static HTML — the rest are likely behind a click-to-expand this scraper doesn't drive. Got: ['Club House', 'Jogging and Strolling Track', 'Outdoor Tennis Courts', 'Cycling & Jogging Track', 'Power Back Up', 'Swimming Pool', 'Lift', 'Security', 'Park', 'Reserved Parking', 'Service/Goods Lift', 'Visitor Parking']
2026-07-14 12:36:46,098 [INFO] HTTP Request: GET https://www.magicbricks.com/iitl-nimbus-the-hyde-park-sector-78-noida-pdpid-4d4235303339313130#cardid-85528693 "HTTP/1.1 200 OK"
2026-07-14 12:36:54,308 [INFO] HTTP Request: GET https://www.magicbricks.com/propertyDetails/3-BHK-1440-Sq-ft-Builder-Floor-Apartment-FOR-Rent-Sector-104-in-Noida&id=4d423834343832353331#cardid-84482531 "HTTP/1.1 200 OK"
2026-07-14 12:36:58,414 [INFO] HTTP Request: GET https://www.magicbricks.com/gateway-apartment-sector-51-noida-pdpid-4d4235303130383137#cardid-27467133 "HTTP/1.1 200 OK"
2026-07-14 12:36:58,860 [INFO] Detail-page enrichment: 40/96 processed, 40 coordinates and 37 amenity lists found so far
2026-07-14 12:37:05,059 [INFO] HTTP Request: GET https://www.magicbricks.com/propertyDetails/3-BHK-1500-Sq-ft-Residential-House-FOR-Rent-Sector-45-in-Noida&id=4d423835303434333031#cardid-85044301 "HTTP/1.1 200 OK"
2026-07-14 12:37:10,572 [INFO] HTTP Request: GET https://www.magicbricks.com/habitech-panchtatva-noida-extension-noida-pdpid-4d4235303139303039#cardid-83770787 "HTTP/1.1 200 OK"
2026-07-14 12:37:11,321 [WARNING] Amenities section shows 'View All Amenities (35)' but only 12 were captured from the static HTML — the rest are likely behind a click-to-expand this scraper doesn't drive. Got: ['Club House', 'Jogging and Strolling Track', 'Cycling & Jogging Track', 'Private Terrace/Garden', 'Power Back Up', 'Swimming Pool', 'Lift', 'Security', 'Park', 'Reserved Parking', 'Service/Goods Lift', 'Visitor Parking']
2026-07-14 12:37:15,999 [INFO] HTTP Request: GET https://www.magicbricks.com/ats-nobility-sector-4-noida-pdpid-4d4235313234333731#cardid-85168291 "HTTP/1.1 301 Moved Permanently"
2026-07-14 12:37:18,289 [INFO] HTTP Request: GET https://www.magicbricks.com/ats-nobility-noida-extension-noida-pdpid-4d4235313234333731#cardid-85168291 "HTTP/1.1 200 OK"
2026-07-14 12:37:18,854 [WARNING] Amenities section shows 'View All Amenities (25)' but only 12 were captured from the static HTML — the rest are likely behind a click-to-expand this scraper doesn't drive. Got: ['Club House', 'Jogging and Strolling Track', 'Outdoor Tennis Courts', 'Swimming Pool', 'Security', 'Park', 'Reserved Parking', 'Visitor Parking', 'Intercom Facility', 'Maintenance Staff', 'Gymnasium', 'Indoor Games Room']
2026-07-14 12:37:22,462 [INFO] HTTP Request: GET https://www.magicbricks.com/propertyDetails/3-BHK-1582-Sq-ft-Multistorey-Apartment-FOR-Rent-Sector-131-in-Noida&id=4d423835323639343637#cardid-85269467 "HTTP/1.1 200 OK"
2026-07-14 12:37:28,741 [INFO] HTTP Request: GET https://www.magicbricks.com/tata-eureka-park-sector-150-noida-pdpid-4d4235313235363339#cardid-79490159 "HTTP/1.1 200 OK"
2026-07-14 12:37:29,796 [WARNING] Amenities section shows 'View All Amenities (16)' but only 12 were captured from the static HTML — the rest are likely behind a click-to-expand this scraper doesn't drive. Got: ['Club House', 'Coffee Lounge & Restaurants', 'Bar/Lounge', 'Jogging and Strolling Track', 'Outdoor Tennis Courts', 'Power Back Up', 'Swimming Pool', 'Lift', 'Security', 'Park', 'Reserved Parking', 'Maintenance Staff']
2026-07-14 12:37:32,890 [INFO] HTTP Request: GET https://www.magicbricks.com/rwa-metro-apartments-sector-71-pocket-b-noida-pdpid-4d4235303131303731#cardid-84962673 "HTTP/1.1 301 Moved Permanently"
2026-07-14 12:37:33,349 [INFO] HTTP Request: GET https://www.magicbricks.com/rwa-metro-apartments-sector-71-noida-pdpid-4d4235303131303731#cardid-84962673 "HTTP/1.1 200 OK"
2026-07-14 12:37:33,807 [WARNING] Amenities section shows 'View All Amenities (32)' but only 12 were captured from the static HTML — the rest are likely behind a click-to-expand this scraper doesn't drive. Got: ['Club House', 'Cafeteria/Food Court', 'Jogging and Strolling Track', 'Outdoor Tennis Courts', 'Cycling & Jogging Track', 'Power Back Up', 'Swimming Pool', 'Lift', 'Security', 'Park', 'Reserved Parking', 'Service/Goods Lift']
2026-07-14 12:37:38,536 [INFO] HTTP Request: GET https://www.magicbricks.com/amrapali-heart-beat-city-sector-107-noida-pdpid-4d4235303233383635#cardid-83915669 "HTTP/1.1 200 OK"
2026-07-14 12:37:39,295 [WARNING] Amenities section shows 'View All Amenities (44)' but only 12 were captured from the static HTML — the rest are likely behind a click-to-expand this scraper doesn't drive. Got: ['Club House', 'Coffee Lounge & Restaurants', 'Cafeteria/Food Court', 'Bar/Lounge', 'Jogging and Strolling Track', 'Outdoor Tennis Courts', 'Cycling & Jogging Track', 'Private Terrace/Garden', 'Barbeque Pit', 'Power Back Up', 'Swimming Pool', 'Lift']
2026-07-14 12:37:43,049 [INFO] HTTP Request: GET https://www.magicbricks.com/grace-sector-61-block-e-noida-pdpid-4d4235303030393537#cardid-59305959 "HTTP/1.1 301 Moved Permanently"
2026-07-14 12:37:44,409 [INFO] HTTP Request: GET https://www.magicbricks.com/grace-sector-61-noida-pdpid-4d4235303030393537#cardid-59305959 "HTTP/1.1 200 OK"
2026-07-14 12:37:45,026 [WARNING] Amenities section shows 'View All Amenities (34)' but only 12 were captured from the static HTML — the rest are likely behind a click-to-expand this scraper doesn't drive. Got: ['Club House', 'Jogging and Strolling Track', 'Cycling & Jogging Track', 'Private Terrace/Garden', 'Power Back Up', 'Swimming Pool', 'Lift', 'Security', 'Park', 'Reserved Parking', 'Service/Goods Lift', 'Visitor Parking']
2026-07-14 12:37:51,346 [INFO] HTTP Request: GET https://www.magicbricks.com/apex-athena-sector-75-noida-pdpid-4d4235303236303735#cardid-82550705 "HTTP/1.1 200 OK"
2026-07-14 12:37:51,986 [WARNING] Amenities section shows 'View All Amenities (43)' but only 12 were captured from the static HTML — the rest are likely behind a click-to-expand this scraper doesn't drive. Got: ['Club House', 'Cafeteria/Food Court', 'Jogging and Strolling Track', 'Outdoor Tennis Courts', 'Cycling & Jogging Track', 'Power Back Up', 'Swimming Pool', 'Lift', 'Security', 'Park', 'Reserved Parking', 'Service/Goods Lift']
2026-07-14 12:37:58,473 [INFO] HTTP Request: GET https://www.magicbricks.com/ats-pious-hideaways-sector-150-noida-pdpid-4d4235313231383435#cardid-83985061 "HTTP/1.1 200 OK"
2026-07-14 12:37:59,343 [WARNING] Amenities section shows 'View All Amenities (38)' but only 12 were captured from the static HTML — the rest are likely behind a click-to-expand this scraper doesn't drive. Got: ['Club House', 'Cafeteria/Food Court', 'Bar/Lounge', 'Jogging and Strolling Track', 'Outdoor Tennis Courts', 'Private Terrace/Garden', 'Power Back Up', 'Swimming Pool', 'Security', 'Park', 'Reserved Parking', 'Visitor Parking']
2026-07-14 12:37:59,343 [INFO] Detail-page enrichment: 50/96 processed, 50 coordinates and 46 amenity lists found so far
2026-07-14 12:38:04,230 [INFO] HTTP Request: GET https://www.magicbricks.com/propertyDetails/1-BHK-530-Sq-ft-Multistorey-Apartment-FOR-Rent-Noida-Extension-in-Noida&id=4d423834343038343839#cardid-84408489 "HTTP/1.1 200 OK"
2026-07-14 12:38:09,093 [INFO] HTTP Request: GET https://www.magicbricks.com/amrapali-amarpali-o2-valley-noida-extension-noida-pdpid-4d4235303335333838#cardid-85309967 "HTTP/1.1 200 OK"
2026-07-14 12:38:09,885 [WARNING] Amenities section shows 'View All Amenities (30)' but only 12 were captured from the static HTML — the rest are likely behind a click-to-expand this scraper doesn't drive. Got: ['Club House', 'Jogging and Strolling Track', 'Cycling & Jogging Track', 'Private Terrace/Garden', 'Power Back Up', 'Swimming Pool', 'Lift', 'Security', 'Park', 'Reserved Parking', 'Service/Goods Lift', 'Visitor Parking']
2026-07-14 12:38:15,296 [INFO] HTTP Request: GET https://www.magicbricks.com/ats-one-hamlet-sector-104-noida-pdpid-4d4235303235353436#cardid-45411717 "HTTP/1.1 200 OK"
2026-07-14 12:38:15,990 [WARNING] Amenities section shows 'View All Amenities (35)' but only 12 were captured from the static HTML — the rest are likely behind a click-to-expand this scraper doesn't drive. Got: ['Club House', 'Jogging and Strolling Track', 'Outdoor Tennis Courts', 'Cycling & Jogging Track', 'Power Back Up', 'Swimming Pool', 'Lift', 'Security', 'Park', 'Reserved Parking', 'Service/Goods Lift', 'Visitor Parking']
2026-07-14 12:38:21,602 [INFO] HTTP Request: GET https://www.magicbricks.com/propertyDetails/5000-Sq-ft-Office-in-IT-Park-SEZ-FOR-Rent-Sector-63-Block-H-in-Noida&id=4d423833353530333031#cardid-83550301 "HTTP/1.1 200 OK"
2026-07-14 12:38:26,643 [INFO] HTTP Request: GET https://www.magicbricks.com/maxblis-white-house-sector-75-noida-pdpid-4d4235303230353039#cardid-78561783 "HTTP/1.1 200 OK"
2026-07-14 12:38:27,325 [WARNING] Amenities section shows 'View All Amenities (34)' but only 12 were captured from the static HTML — the rest are likely behind a click-to-expand this scraper doesn't drive. Got: ['Club House', 'Jogging and Strolling Track', 'Outdoor Tennis Courts', 'Power Back Up', 'Swimming Pool', 'Lift', 'Security', 'Park', 'Reserved Parking', 'Visitor Parking', 'Intercom Facility', 'Maintenance Staff']
2026-07-14 12:38:31,932 [INFO] HTTP Request: GET https://www.magicbricks.com/gaur-city-7th-avenue-noida-extension-noida-pdpid-4d4235303737323133#cardid-85510723 "HTTP/1.1 200 OK"
2026-07-14 12:38:32,731 [WARNING] Amenities section shows 'View All Amenities (56)' but only 12 were captured from the static HTML — the rest are likely behind a click-to-expand this scraper doesn't drive. Got: ['Club House', 'Coffee Lounge & Restaurants', 'Cafeteria/Food Court', 'Bar/Lounge', 'Jogging and Strolling Track', 'Outdoor Tennis Courts', 'Cycling & Jogging Track', 'Private Terrace/Garden', 'Barbeque Pit', 'Dance Studio', 'Power Back Up', 'Swimming Pool']
2026-07-14 12:38:39,242 [INFO] HTTP Request: GET https://www.magicbricks.com/aims-max-gardenia-golf-city-sector-75-noida-pdpid-4d4235303039383531#cardid-85521383 "HTTP/1.1 200 OK"
2026-07-14 12:38:39,849 [WARNING] Amenities section shows 'View All Amenities (44)' but only 12 were captured from the static HTML — the rest are likely behind a click-to-expand this scraper doesn't drive. Got: ['Club House', 'Coffee Lounge & Restaurants', 'Cafeteria/Food Court', 'Bar/Lounge', 'Jogging and Strolling Track', 'Outdoor Tennis Courts', 'Cycling & Jogging Track', 'Private Terrace/Garden', 'Power Back Up', 'Swimming Pool', 'Lift', 'Security']
2026-07-14 12:38:46,291 [INFO] HTTP Request: GET https://www.magicbricks.com/propertyDetails/3-BHK-2000-Sq-ft-Builder-Floor-Apartment-FOR-Rent-Sector-122-in-Noida&id=4d423833353339313133#cardid-83539113 "HTTP/1.1 200 OK"
2026-07-14 12:38:51,716 [INFO] HTTP Request: GET https://www.magicbricks.com/propertyDetails/6-BHK-450-Sq-m-Residential-House-FOR-Rent-Sector-47-Block-D-in-Noida&id=4d423835303236323339#cardid-85026239 "HTTP/1.1 200 OK"
2026-07-14 12:38:57,495 [INFO] HTTP Request: GET https://www.magicbricks.com/ats-one-hamlet-sector-104-noida-pdpid-4d4235303235353436#cardid-82816657 "HTTP/1.1 200 OK"
2026-07-14 12:38:58,535 [WARNING] Amenities section shows 'View All Amenities (35)' but only 12 were captured from the static HTML — the rest are likely behind a click-to-expand this scraper doesn't drive. Got: ['Club House', 'Jogging and Strolling Track', 'Outdoor Tennis Courts', 'Cycling & Jogging Track', 'Power Back Up', 'Swimming Pool', 'Lift', 'Security', 'Park', 'Reserved Parking', 'Service/Goods Lift', 'Visitor Parking']
2026-07-14 12:38:58,535 [INFO] Detail-page enrichment: 60/96 processed, 60 coordinates and 55 amenity lists found so far
2026-07-14 12:39:04,490 [INFO] HTTP Request: GET https://www.magicbricks.com/propertyDetails/3-BHK-2510-Sq-ft-Multistorey-Apartment-FOR-Rent-Sector-75-in-Noida&id=4d423834323033313433#cardid-84203143 "HTTP/1.1 200 OK"
2026-07-14 12:39:10,411 [INFO] HTTP Request: GET https://www.magicbricks.com/gardenia-glory-sector-46-noida-pdpid-4d4235303030393535#cardid-85494197 "HTTP/1.1 200 OK"
2026-07-14 12:39:16,236 [INFO] HTTP Request: GET https://www.magicbricks.com/okaya-centre-sector-62-noida-pdpid-4d4235303836343536#cardid-76683427 "HTTP/1.1 301 Moved Permanently"
2026-07-14 12:39:16,900 [INFO] HTTP Request: GET https://www.magicbricks.com/okaya-centre-sector-62-block-b-industrial-area-noida-pdpid-4d4235303836343536#cardid-76683427 "HTTP/1.1 200 OK"
2026-07-14 12:39:17,301 [WARNING] Amenities section shows 'View All Amenities (19)' but only 12 were captured from the static HTML — the rest are likely behind a click-to-expand this scraper doesn't drive. Got: ['Cafeteria/Food Court', 'Power Back Up', 'Lift', 'Security', 'Reserved Parking', 'Service/Goods Lift', 'Visitor Parking', 'Intercom Facility', 'RO Water System', 'Water Storage', 'Air Conditioned', 'Tea/Coffee']
2026-07-14 12:39:20,535 [INFO] HTTP Request: GET https://www.magicbricks.com/grihapravesh-griha-pravesh-sector-77-noida-pdpid-4d4235303236303335#cardid-83863495 "HTTP/1.1 200 OK"
2026-07-14 12:39:21,121 [WARNING] Amenities section shows 'View All Amenities (29)' but only 12 were captured from the static HTML — the rest are likely behind a click-to-expand this scraper doesn't drive. Got: ['Club House', 'Jogging and Strolling Track', 'Outdoor Tennis Courts', 'Cycling & Jogging Track', 'Power Back Up', 'Swimming Pool', 'Lift', 'Security', 'Park', 'Reserved Parking', 'Service/Goods Lift', 'Visitor Parking']
2026-07-14 12:39:27,366 [INFO] HTTP Request: GET https://www.magicbricks.com/sunworld-vanalika-sector-107-noida-pdpid-4d4235303030313831#cardid-85482723 "HTTP/1.1 200 OK"
2026-07-14 12:39:28,036 [WARNING] Amenities section shows 'View All Amenities (15)' but only 0 were captured from the static HTML — the rest are likely behind a click-to-expand this scraper doesn't drive. Got: []
2026-07-14 12:39:31,384 [INFO] HTTP Request: GET https://www.magicbricks.com/aba-cleo-county-sector-121-noida-pdpid-4d4235303139303230#cardid-85495003 "HTTP/1.1 200 OK"
2026-07-14 12:39:32,288 [WARNING] Amenities section shows 'View All Amenities (62)' but only 12 were captured from the static HTML — the rest are likely behind a click-to-expand this scraper doesn't drive. Got: ['Club House', 'Cafeteria/Food Court', 'Bar/Lounge', 'Jogging and Strolling Track', 'Outdoor Tennis Courts', 'Cycling & Jogging Track', 'Private Terrace/Garden', 'Power Back Up', 'Swimming Pool', 'Lift', 'Security', 'Park']
2026-07-14 12:39:35,954 [INFO] HTTP Request: GET https://www.magicbricks.com/super-nova-east-sector-94-noida-pdpid-4d4235323039383831#cardid-84706989 "HTTP/1.1 200 OK"
2026-07-14 12:39:39,536 [INFO] HTTP Request: GET https://www.magicbricks.com/panchsheel-pratishtha-sector-75-noida-pdpid-4d4235303139383038#cardid-85220261 "HTTP/1.1 200 OK"
2026-07-14 12:39:40,642 [WARNING] Amenities section shows 'View All Amenities (18)' but only 12 were captured from the static HTML — the rest are likely behind a click-to-expand this scraper doesn't drive. Got: ['Club House', 'Outdoor Tennis Courts', 'Power Back Up', 'Swimming Pool', 'Lift', 'Security', 'Park', 'Reserved Parking', 'Visitor Parking', 'Banquet Hall', 'Gymnasium', 'Indoor Games Room']
2026-07-14 12:39:46,130 [INFO] HTTP Request: GET https://www.magicbricks.com/ace-city-noida-extension-noida-pdpid-4d4235303238363133#cardid-84327213 "HTTP/1.1 200 OK"
2026-07-14 12:39:46,835 [WARNING] Amenities section shows 'View All Amenities (27)' but only 12 were captured from the static HTML — the rest are likely behind a click-to-expand this scraper doesn't drive. Got: ['Club House', 'Jogging and Strolling Track', 'Power Back Up', 'Swimming Pool', 'Lift', 'Security', 'Park', 'Reserved Parking', 'Intercom Facility', 'Banquet Hall', 'Gymnasium', 'Indoor Games Room']
2026-07-14 12:39:51,862 [INFO] HTTP Request: GET https://www.magicbricks.com/propertyDetails/2-BHK-1106-Sq-ft-Multistorey-Apartment-FOR-Rent-Noida-Extension-in-Noida&id=4d423730343134383537#cardid-70414857 "HTTP/1.1 200 OK"
2026-07-14 12:39:52,250 [INFO] Detail-page enrichment: 70/96 processed, 70 coordinates and 63 amenity lists found so far
2026-07-14 12:39:55,852 [INFO] HTTP Request: GET https://www.magicbricks.com/supertech-capetown-sector-74-noida-pdpid-4d4235303137353133#cardid-84085357 "HTTP/1.1 200 OK"
2026-07-14 12:39:56,551 [WARNING] Amenities section shows 'View All Amenities (15)' but only 12 were captured from the static HTML — the rest are likely behind a click-to-expand this scraper doesn't drive. Got: ['Club House', 'Jogging and Strolling Track', 'Power Back Up', 'Swimming Pool', 'Lift', 'Security', 'Park', 'Reserved Parking', 'Maintenance Staff', 'Banquet Hall', 'Gymnasium', 'Piped Gas']
2026-07-14 12:40:02,127 [INFO] HTTP Request: GET https://www.magicbricks.com/habitat-44-sector-44-block-c-noida-pdpid-4d4235303635383638#cardid-85474145 "HTTP/1.1 301 Moved Permanently"
2026-07-14 12:40:02,792 [INFO] HTTP Request: GET https://www.magicbricks.com/habitat-44-sector-44-noida-pdpid-4d4235303635383638#cardid-85474145 "HTTP/1.1 200 OK"
2026-07-14 12:40:06,129 [INFO] HTTP Request: GET https://www.magicbricks.com/supertech-capetown-sector-74-noida-pdpid-4d4235303137353133#cardid-85511223 "HTTP/1.1 200 OK"
2026-07-14 12:40:06,824 [WARNING] Amenities section shows 'View All Amenities (15)' but only 12 were captured from the static HTML — the rest are likely behind a click-to-expand this scraper doesn't drive. Got: ['Club House', 'Jogging and Strolling Track', 'Power Back Up', 'Swimming Pool', 'Lift', 'Security', 'Park', 'Reserved Parking', 'Maintenance Staff', 'Banquet Hall', 'Gymnasium', 'Piped Gas']
2026-07-14 12:40:10,606 [INFO] HTTP Request: GET https://www.magicbricks.com/propertyDetails/3-BHK-1800-Sq-ft-Builder-Floor-Apartment-FOR-Rent-Sector-15A-in-Noida&id=4d423831333633363733#cardid-81363673 "HTTP/1.1 200 OK"
2026-07-14 12:40:15,618 [INFO] HTTP Request: GET https://www.magicbricks.com/omaxe-grandwoods-sector-93b-noida-pdpid-4d4235303030353932#cardid-85129469 "HTTP/1.1 200 OK"
2026-07-14 12:40:16,224 [WARNING] Amenities section shows 'View All Amenities (21)' but only 12 were captured from the static HTML — the rest are likely behind a click-to-expand this scraper doesn't drive. Got: ['Club House', 'Cafeteria/Food Court', 'Private Terrace/Garden', 'Power Back Up', 'Swimming Pool', 'Lift', 'Security', 'Park', 'Reserved Parking', 'Service/Goods Lift', 'Intercom Facility', 'Maintenance Staff']
2026-07-14 12:40:21,084 [INFO] HTTP Request: GET https://www.magicbricks.com/ivy-county-sector-75-noida-pdpid-4d4235313236393639#cardid-84904803 "HTTP/1.1 200 OK"
2026-07-14 12:40:22,096 [WARNING] Amenities section shows 'View All Amenities (24)' but only 12 were captured from the static HTML — the rest are likely behind a click-to-expand this scraper doesn't drive. Got: ['Club House', 'Coffee Lounge & Restaurants', 'Cafeteria/Food Court', 'Outdoor Tennis Courts', 'Power Back Up', 'Swimming Pool', 'Lift', 'Security', 'Reserved Parking', 'Visitor Parking', 'Intercom Facility', 'Maintenance Staff']
2026-07-14 12:40:27,196 [INFO] HTTP Request: GET https://www.magicbricks.com/propertyDetails/3-BHK-1550-Sq-ft-Residential-House-FOR-Rent-Sector-75-in-Noida&id=4d423834353730333833#cardid-84570383 "HTTP/1.1 200 OK"
2026-07-14 12:40:30,707 [INFO] HTTP Request: GET https://www.magicbricks.com/civitech-stadia-sector-79-noida-pdpid-4d4235303232393932#cardid-85535197 "HTTP/1.1 200 OK"
2026-07-14 12:40:35,478 [INFO] HTTP Request: GET https://www.magicbricks.com/prateek-edifice-sector-107-noida-pdpid-4d4235303030353137#cardid-84862149 "HTTP/1.1 200 OK"
2026-07-14 12:40:36,232 [WARNING] Amenities section shows 'View All Amenities (66)' but only 12 were captured from the static HTML — the rest are likely behind a click-to-expand this scraper doesn't drive. Got: ['Club House', 'Coffee Lounge & Restaurants', 'Cafeteria/Food Court', 'Bar/Lounge', 'Jogging and Strolling Track', 'Outdoor Tennis Courts', 'Cycling & Jogging Track', 'Dance Studio', 'Power Back Up', 'Swimming Pool', 'Lift', 'Security']
2026-07-14 12:40:40,402 [INFO] HTTP Request: GET https://www.magicbricks.com/supertech-ecociti-sector-137-noida-pdpid-4d4235303137353239#cardid-82667117 "HTTP/1.1 200 OK"
2026-07-14 12:40:41,182 [WARNING] Amenities section shows 'View All Amenities (37)' but only 12 were captured from the static HTML — the rest are likely behind a click-to-expand this scraper doesn't drive. Got: ['Club House', 'Cafeteria/Food Court', 'Bar/Lounge', 'Jogging and Strolling Track', 'Outdoor Tennis Courts', 'Cycling & Jogging Track', 'Power Back Up', 'Swimming Pool', 'Lift', 'Security', 'Reserved Parking', 'Visitor Parking']
2026-07-14 12:40:41,182 [INFO] Detail-page enrichment: 80/96 processed, 80 coordinates and 72 amenity lists found so far
2026-07-14 12:40:48,920 [INFO] HTTP Request: GET https://www.magicbricks.com/propertyDetails/3-BHK-252-Sq-m-Residential-House-FOR-Rent-Sector-41-in-Noida&id=4d423831303436323539#cardid-81046259 "HTTP/1.1 200 OK"
2026-07-14 12:40:53,933 [INFO] HTTP Request: GET https://www.magicbricks.com/supertech-capetown-sector-74-noida-pdpid-4d4235303137353133#cardid-85377903 "HTTP/1.1 200 OK"
2026-07-14 12:40:54,697 [WARNING] Amenities section shows 'View All Amenities (15)' but only 12 were captured from the static HTML — the rest are likely behind a click-to-expand this scraper doesn't drive. Got: ['Club House', 'Jogging and Strolling Track', 'Power Back Up', 'Swimming Pool', 'Lift', 'Security', 'Park', 'Reserved Parking', 'Maintenance Staff', 'Banquet Hall', 'Gymnasium', 'Piped Gas']
2026-07-14 12:41:00,487 [INFO] HTTP Request: GET https://www.magicbricks.com/supertech-emerald-court-sector-93a-noida-pdpid-4d4235303030313736#cardid-85521921 "HTTP/1.1 200 OK"
2026-07-14 12:41:01,135 [WARNING] Amenities section shows 'View All Amenities (15)' but only 12 were captured from the static HTML — the rest are likely behind a click-to-expand this scraper doesn't drive. Got: ['Club House', 'Private Terrace/Garden', 'Power Back Up', 'Swimming Pool', 'Security', 'Park', 'Reserved Parking', 'Intercom Facility', 'Maintenance Staff', 'Gymnasium', 'Indoor Games Room', 'Flower Gardens']
2026-07-14 12:41:06,014 [INFO] HTTP Request: GET https://www.magicbricks.com/godrej-woods-sector-43-noida-pdpid-4d4235323330313731#cardid-85505185 "HTTP/1.1 200 OK"
2026-07-14 12:41:07,835 [WARNING] Amenities section shows 'View All Amenities (44)' but only 12 were captured from the static HTML — the rest are likely behind a click-to-expand this scraper doesn't drive. Got: ['Club House', 'Cafeteria/Food Court', 'Bar/Lounge', 'Jogging and Strolling Track', 'Outdoor Tennis Courts', 'Private Terrace/Garden', 'Power Back Up', 'Swimming Pool', 'Lift', 'Security', 'Park', 'Reserved Parking']
2026-07-14 12:41:16,335 [INFO] HTTP Request: GET https://www.magicbricks.com/parx-laureate-sector-108-noida-pdpid-4d4235303137303534#cardid-84202137 "HTTP/1.1 200 OK"
2026-07-14 12:41:17,965 [WARNING] Amenities section shows 'View All Amenities (43)' but only 12 were captured from the static HTML — the rest are likely behind a click-to-expand this scraper doesn't drive. Got: ['Club House', 'Jogging and Strolling Track', 'Private Terrace/Garden', 'Power Back Up', 'Swimming Pool', 'Lift', 'Security', 'Park', 'Reserved Parking', 'Service/Goods Lift', 'Visitor Parking', 'Maintenance Staff']
2026-07-14 12:41:22,847 [INFO] HTTP Request: GET https://www.magicbricks.com/omaxe-grandwoods-sector-93b-noida-pdpid-4d4235303030353932#cardid-82101193 "HTTP/1.1 200 OK"
2026-07-14 12:41:23,467 [WARNING] Amenities section shows 'View All Amenities (21)' but only 12 were captured from the static HTML — the rest are likely behind a click-to-expand this scraper doesn't drive. Got: ['Club House', 'Cafeteria/Food Court', 'Private Terrace/Garden', 'Power Back Up', 'Swimming Pool', 'Lift', 'Security', 'Park', 'Reserved Parking', 'Service/Goods Lift', 'Intercom Facility', 'Maintenance Staff']
2026-07-14 12:41:31,499 [INFO] HTTP Request: GET https://www.magicbricks.com/propertyDetails/7-BHK-3000-Sq-ft-Villa-FOR-Rent-Sector-93B-in-Noida&id=4d423835313936363639#cardid-85196669 "HTTP/1.1 200 OK"
2026-07-14 12:41:35,864 [INFO] HTTP Request: GET https://www.magicbricks.com/logix-blossom-county-sector-137-noida-pdpid-4d4235303030373535#cardid-85202971 "HTTP/1.1 200 OK"
2026-07-14 12:41:36,883 [WARNING] Amenities section shows 'View All Amenities (12)' but only 0 were captured from the static HTML — the rest are likely behind a click-to-expand this scraper doesn't drive. Got: []
2026-07-14 12:41:40,517 [INFO] HTTP Request: GET https://www.magicbricks.com/propertyDetails/442-Sq-ft-Office-in-IT-Park-SEZ-FOR-Rent-Sector-127-in-Noida&id=4d423835313433303731#cardid-85143071 "HTTP/1.1 200 OK"
2026-07-14 12:41:46,065 [INFO] HTTP Request: GET https://www.magicbricks.com/amrapali-silicon-city-sector-76-noida-pdpid-4d4235303233383639#cardid-83694747 "HTTP/1.1 200 OK"
2026-07-14 12:41:46,810 [WARNING] Amenities section shows 'View All Amenities (26)' but only 12 were captured from the static HTML — the rest are likely behind a click-to-expand this scraper doesn't drive. Got: ['Club House', 'Jogging and Strolling Track', 'Outdoor Tennis Courts', 'Cycling & Jogging Track', 'Power Back Up', 'Swimming Pool', 'Lift', 'Security', 'Park', 'Reserved Parking', 'Service/Goods Lift', 'Visitor Parking']
2026-07-14 12:41:46,810 [INFO] Detail-page enrichment: 90/96 processed, 90 coordinates and 80 amenity lists found so far
2026-07-14 12:41:50,767 [INFO] HTTP Request: GET https://www.magicbricks.com/omaxe-grandwoods-sector-93b-noida-pdpid-4d4235303030353932#cardid-85510425 "HTTP/1.1 200 OK"
2026-07-14 12:41:51,530 [WARNING] Amenities section shows 'View All Amenities (21)' but only 12 were captured from the static HTML — the rest are likely behind a click-to-expand this scraper doesn't drive. Got: ['Club House', 'Cafeteria/Food Court', 'Private Terrace/Garden', 'Power Back Up', 'Swimming Pool', 'Lift', 'Security', 'Park', 'Reserved Parking', 'Service/Goods Lift', 'Intercom Facility', 'Maintenance Staff']
2026-07-14 12:41:58,031 [INFO] HTTP Request: GET https://www.magicbricks.com/antriksh-valley-noida-extension-noida-pdpid-4d4235303031313738#cardid-85027435 "HTTP/1.1 200 OK"
2026-07-14 12:41:58,844 [WARNING] Amenities section shows 'View All Amenities (26)' but only 12 were captured from the static HTML — the rest are likely behind a click-to-expand this scraper doesn't drive. Got: ['Club House', 'Jogging and Strolling Track', 'Cycling & Jogging Track', 'Power Back Up', 'Swimming Pool', 'Lift', 'Security', 'Park', 'Reserved Parking', 'Service/Goods Lift', 'Visitor Parking', 'Maintenance Staff']
2026-07-14 12:42:04,064 [INFO] HTTP Request: GET https://www.magicbricks.com/the-3c-lotus-zing-sector-168-noida-pdpid-4d4235303031323931#cardid-84993237 "HTTP/1.1 200 OK"
2026-07-14 12:42:04,642 [WARNING] Amenities section shows 'View All Amenities (35)' but only 12 were captured from the static HTML — the rest are likely behind a click-to-expand this scraper doesn't drive. Got: ['Club House', 'Outdoor Tennis Courts', 'Cycling & Jogging Track', 'Dance Studio', 'Power Back Up', 'Swimming Pool', 'Lift', 'Security', 'Park', 'Reserved Parking', 'Service/Goods Lift', 'Visitor Parking']
2026-07-14 12:42:11,335 [INFO] HTTP Request: GET https://www.magicbricks.com/propertyDetails/Builder-Floor-Apartment-FOR-Rent-Sector-44-in-Noida&id=4d423733323539323633#cardid-73259263 "HTTP/1.1 200 OK"
2026-07-14 12:42:17,586 [INFO] HTTP Request: GET https://www.magicbricks.com/propertyDetails/3-BHK-1936-Sq-ft-Residential-House-FOR-Rent-Sector-41-in-Noida&id=4d423134373235393233#cardid-14725923 "HTTP/1.1 200 OK"
2026-07-14 12:42:21,391 [INFO] HTTP Request: GET https://www.magicbricks.com/jaypee-klassic-sector-134-noida-pdpid-4d4235303231353035#cardid-84611259 "HTTP/1.1 200 OK"
2026-07-14 12:42:22,082 [WARNING] Amenities section shows 'View All Amenities (17)' but only 12 were captured from the static HTML — the rest are likely behind a click-to-expand this scraper doesn't drive. Got: ['Club House', 'Coffee Lounge & Restaurants', 'Cafeteria/Food Court', 'Cycling & Jogging Track', 'Power Back Up', 'Swimming Pool', 'Lift', 'Security', 'Reserved Parking', 'Intercom Facility', 'Gymnasium', 'Rain Water Harvesting']
2026-07-14 12:42:22,082 [INFO] Detail-page enrichment complete: 96/96 listings got real coordinates, 84/96 got an amenities list
2026-07-14 12:42:22,083 [INFO] Scraped 96 total listings
2026-07-14 12:42:22,092 [INFO] Wrote 96 listings to scraped_listings.jsonl
2026-07-14 13:02:47,272 [INFO] No city name in config — reverse-geocoding (17.4482, 78.3915)...
2026-07-14 13:02:47,718 [INFO] Resolved city: Hyderabad, state: Telangana
2026-07-14 13:02:47,719 [INFO] Saved resolved values back to C:\Users\riddh\OneDrive\Desktop\skymark-grid-project\config.json
2026-07-14 13:02:47,751 [INFO] Starting MagicBricks scrape run
2026-07-14 13:02:48,393 [INFO] Bootstrapping session via Playwright: https://www.magicbricks.com/property-for-rent/residential-real-estate?cityName=Hyderabad&page=1
2026-07-14 13:02:53,862 [INFO] Skipping likely-commercial listing:   Office Space for Rent in Kondapur Hyderabad
2026-07-14 13:02:53,866 [INFO] Skipping likely-commercial listing:   Office Space for Rent in Banjara Hills, NH 9 Hyderabad
2026-07-14 13:02:53,884 [WARNING] Rejecting implausible monthly_rent=1462000.0 for cardid=84657537 (source text: 1462000) — outside the 1,000-1,000,000 sanity range.
2026-07-14 13:02:53,885 [INFO] Skipping likely-commercial listing:   Office Space for Rent in Kothaguda Hyderabad
2026-07-14 13:02:53,891 [INFO] Skipping likely-commercial listing:   Office Space for Rent in Hitech City Hyderabad
2026-07-14 13:02:53,896 [INFO] Skipping likely-commercial listing:   Office Space for Rent in Banjara Hills, NH 9 Hyderabad
2026-07-14 13:02:53,909 [INFO] Skipping likely-commercial listing:   Office Space for Rent in Doyens Colony, Serilingampally Hyderabad
2026-07-14 13:02:53,913 [INFO] Skipping likely-commercial listing:   Office Space for Rent in Ameerpet, NH 9 Hyderabad
2026-07-14 13:02:53,916 [INFO] Skipping likely-commercial listing:   Office Space for Rent in Telecom Nagar Gachibowli Hyderabad
2026-07-14 13:02:53,924 [INFO] Skipping likely-commercial listing:   Office Space for Rent in Kondapur Hyderabad
2026-07-14 13:02:53,928 [INFO] Skipping likely-commercial listing:   Office Space for Rent in Balaji Nagar Gudimalkapur Hyderabad
2026-07-14 13:02:53,935 [INFO] Skipping likely-commercial listing:   Office Space for Rent in Gachibowli Hyderabad
2026-07-14 13:02:53,942 [INFO] Skipping likely-commercial listing:  Warehouse/ Godown for Rent in Chandulal Baradari Hyderabad
2026-07-14 13:02:53,946 [INFO] Skipping likely-commercial listing:   Office Space for Rent in Raja Rajeshwara Nagar Hyderabad
2026-07-14 13:02:53,950 [INFO] Skipping likely-commercial listing:   Office Space for Rent in Somajiguda, NH 9 Hyderabad
2026-07-14 13:02:53,953 [INFO] Skipping likely-commercial listing:   Office Space for Rent in Prashanti Nagar IDA Kukatpally Hyderabad
2026-07-14 13:02:53,957 [INFO] Skipping likely-commercial listing:   Office Space for Rent in Punjagutta, NH 9 Hyderabad
2026-07-14 13:02:53,961 [INFO] Skipping likely-commercial listing:   Office Space for Rent in Sai Nagar Nagole Hyderabad
2026-07-14 13:02:53,964 [INFO] Skipping likely-commercial listing:   Office Space for Rent in Santosh Nagar Hyderabad
2026-07-14 13:02:53,965 [INFO] Page 1: 12 listings parsed so far
2026-07-14 13:02:59,713 [INFO] HTTP Request: GET https://www.magicbricks.com/property-for-rent/residential-real-estate?cityName=Hyderabad&page=2 "HTTP/1.1 200 OK"
2026-07-14 13:02:59,945 [INFO] Skipping likely-commercial listing:   Office Space for Rent in Toli Chowki Hyderabad
2026-07-14 13:02:59,949 [WARNING] Rejecting implausible monthly_rent=1400000.0 for cardid=84372025 (source text: 1400000) — outside the 1,000-1,000,000 sanity range.
2026-07-14 13:02:59,950 [INFO] Skipping likely-commercial listing:   Office Space for Rent in Nagendra Nagar Hyderabad
2026-07-14 13:02:59,954 [INFO] Skipping likely-commercial listing:   Office Space for Rent in Chaitanyapuri, Kothapet Hyderabad
2026-07-14 13:02:59,958 [INFO] Skipping likely-commercial listing:   Showroom for Rent in Musheerabad Hyderabad
2026-07-14 13:02:59,962 [INFO] Skipping likely-commercial listing:   Office Space for Rent in Vasanth Nagar, NH 9 Hyderabad
2026-07-14 13:02:59,965 [INFO] Skipping likely-commercial listing:   Office Space for Rent in Vittal Rao Nagar, Hitech City Hyderabad
2026-07-14 13:02:59,994 [INFO] Skipping likely-commercial listing:   Shop for Rent in Kokapet, Outer Ring Road Hyderabad
2026-07-14 13:02:59,999 [INFO] Skipping likely-commercial listing:   Showroom for Rent in Old Alwal Hyderabad
2026-07-14 13:03:00,003 [INFO] Skipping likely-commercial listing:   Office Space for Rent in Gachibowli Hyderabad
2026-07-14 13:03:00,021 [INFO] Skipping likely-commercial listing:   Office Space for Rent in Gachibowli Hyderabad
2026-07-14 13:03:00,026 [INFO] Skipping likely-commercial listing:   Office Space for Rent in Kalasiguda Hyderabad
2026-07-14 13:03:00,030 [INFO] Skipping likely-commercial listing:   Office Space for Rent in Uppal, NH 2 2 Hyderabad
2026-07-14 13:03:00,033 [INFO] Skipping likely-commercial listing:   Office Space for Rent in Malakunta Financial District Hyderabad
2026-07-14 13:03:00,037 [INFO] Skipping likely-commercial listing:   Office Space for Rent in Gaddiannaram Hyderabad
2026-07-14 13:03:00,046 [INFO] Skipping likely-commercial listing:  Industrial Shed for Rent in Chandanvelly Road Hyderabad
2026-07-14 13:03:00,065 [INFO] Skipping likely-commercial listing:   Office Space for Rent in Bandlaguda Jagir Hyderabad
2026-07-14 13:03:00,072 [INFO] Page 2: +14 listings (running total: 26)
2026-07-14 13:03:05,439 [INFO] HTTP Request: GET https://www.magicbricks.com/property-for-rent/residential-real-estate?cityName=Hyderabad&page=3 "HTTP/1.1 200 OK"
2026-07-14 13:03:05,684 [INFO] Skipping likely-commercial listing:  Warehouse/ Godown for Rent in Tar Bund, Secunderabad, Medchal Road Hyderabad
2026-07-14 13:03:05,690 [INFO] Skipping likely-commercial listing:   Office Space for Rent in Patrika Nagar, Hitech City Hyderabad
2026-07-14 13:03:05,696 [INFO] Skipping likely-commercial listing:   Showroom for Rent in Mancherial Hyderabad
2026-07-14 13:03:05,713 [INFO] Skipping likely-commercial listing:   Office Space for Rent in Kalyan Nagar Moti Nagar Hyderabad
2026-07-14 13:03:05,716 [INFO] Skipping likely-commercial listing:   Office Space for Rent in Puppalguda Hyderabad
2026-07-14 13:03:05,722 [INFO] Skipping likely-commercial listing:  Warehouse/ Godown for Rent in Kothur, NH 7 Hyderabad
2026-07-14 13:03:05,729 [INFO] Skipping likely-commercial listing:   Office Space for Rent in Madhapur Hyderabad
2026-07-14 13:03:05,739 [WARNING] Rejecting implausible monthly_rent=1070000.0 for cardid=81584233 (source text: 1070000) — outside the 1,000-1,000,000 sanity range.
2026-07-14 13:03:05,742 [INFO] Skipping likely-commercial listing:   Office Space for Rent in Kondapur Hyderabad
2026-07-14 13:03:05,744 [INFO] Skipping likely-commercial listing:   Office Space for Rent in Hitech City Hyderabad
2026-07-14 13:03:05,748 [INFO] Page 3: +21 listings (running total: 47)
2026-07-14 13:03:09,836 [INFO] HTTP Request: GET https://www.magicbricks.com/property-for-rent/residential-real-estate?cityName=Hyderabad&page=4 "HTTP/1.1 200 OK"
2026-07-14 13:03:10,049 [WARNING] Rejecting implausible monthly_rent=2370000.0 for cardid=68601311 (source text: 2370000) — outside the 1,000-1,000,000 sanity range.
2026-07-14 13:03:10,053 [INFO] Skipping likely-commercial listing:   Office Space for Rent in Hitech City Main Road Hyderabad
2026-07-14 13:03:10,055 [INFO] Skipping likely-commercial listing:   Office Space for Rent in Sardar Patel Nagar Kukatpally Hyderabad
2026-07-14 13:03:10,058 [INFO] Skipping likely-commercial listing:   Showroom for Rent in Gopal Nagar Gokul Enclave Hyderabad
2026-07-14 13:03:10,068 [INFO] Skipping likely-commercial listing:  Industrial Land for Rent in Sardar Patel Nagar Kukatpally Housing Board Colony Hyderabad
2026-07-14 13:03:10,071 [INFO] Skipping likely-commercial listing:   Office Space for Rent in Bhagya Lakshmi Colony Hyderabad
2026-07-14 13:03:10,074 [INFO] Skipping likely-commercial listing:   Office Space for Rent in Sri Sai Colony Adarsh Nagar Colony Hyderabad
2026-07-14 13:03:10,077 [INFO] Skipping likely-commercial listing:   Office Space for Rent in Ameerpet, NH 9 Hyderabad
2026-07-14 13:03:10,080 [INFO] Skipping likely-commercial listing:  Warehouse/ Godown for Rent in A1 Township Hyderabad
2026-07-14 13:03:10,083 [INFO] Skipping likely-commercial listing:   Office Space for Rent in Banjara Hills, NH 9 Hyderabad
2026-07-14 13:03:10,089 [INFO] Skipping likely-commercial listing:   Office Space for Rent in Kondapur Hyderabad
2026-07-14 13:03:10,098 [INFO] Skipping likely-commercial listing:   Office Space for Rent in Sultanpur, Outer Ring Road Hyderabad
2026-07-14 13:03:10,101 [INFO] Skipping likely-commercial listing:   Office Space for Rent in Lumbini Avenue, Gachibowli, Outer Ring Road Hyderabad
2026-07-14 13:03:10,110 [INFO] Skipping likely-commercial listing:   Office Space for Rent in Habsiguda, NH 2 2 Hyderabad
2026-07-14 13:03:10,113 [INFO] Skipping likely-commercial listing:   Shop for Rent in Meerpet Hyderabad
2026-07-14 13:03:10,116 [INFO] Skipping likely-commercial listing:   Office Space for Rent in Ameerpet Hyderabad
2026-07-14 13:03:10,119 [INFO] Skipping likely-commercial listing:   Office Space for Rent in Mangalpally Hyderabad
2026-07-14 13:03:10,121 [INFO] Skipping likely-commercial listing:   Showroom for Rent in Banjara Hills, NH 9 Hyderabad
2026-07-14 13:03:10,134 [INFO] Page 4: +13 listings (running total: 60)
2026-07-14 13:03:15,016 [INFO] HTTP Request: GET https://www.magicbricks.com/property-for-rent/residential-real-estate?cityName=Hyderabad&page=5 "HTTP/1.1 200 OK"
2026-07-14 13:03:15,622 [INFO] Skipping likely-commercial listing:   Office Space for Rent in Sivaji Nagar Chandanagar Hyderabad
2026-07-14 13:03:15,627 [WARNING] Rejecting implausible monthly_rent=1500000.0 for cardid=83929355 (source text: 1500000) — outside the 1,000-1,000,000 sanity range.
2026-07-14 13:03:15,627 [INFO] Skipping likely-commercial listing:   Office Space for Rent in Financial District, Nanakram Guda Hyderabad
2026-07-14 13:03:15,633 [INFO] Skipping likely-commercial listing:   Office Space for Rent in SD Road Hyderabad
2026-07-14 13:03:15,636 [INFO] Skipping likely-commercial listing:   Office Space for Rent in Jubilee Hills Hyderabad
2026-07-14 13:03:15,638 [INFO] Skipping likely-commercial listing:   Office Space for Rent in Rani Gunj, NH 7 Hyderabad
2026-07-14 13:03:15,643 [INFO] Skipping likely-commercial listing:   Office Space for Rent in Nacharam Hyderabad
2026-07-14 13:03:15,646 [INFO] Skipping likely-commercial listing:   Office Space for Rent in Hitech City Hyderabad
2026-07-14 13:03:15,650 [INFO] Skipping likely-commercial listing:   Showroom for Rent in Himayatnagar Hyderabad
2026-07-14 13:03:15,653 [INFO] Skipping likely-commercial listing:   Office Space for Rent in Narayanguda Hyderabad
2026-07-14 13:03:15,659 [INFO] Skipping likely-commercial listing:   Office Space for Rent in Hitech City Road Hyderabad
2026-07-14 13:03:15,662 [INFO] Skipping likely-commercial listing:   Office Space for Rent in Toli Chowki Hyderabad
2026-07-14 13:03:15,665 [INFO] Skipping likely-commercial listing:   Shop for Rent in Swathi Avenue, Ameerpet, NH 9 Hyderabad
2026-07-14 13:03:15,668 [INFO] Skipping likely-commercial listing:   Office Space for Rent in Gangaram Chanda Nagar Hyderabad
2026-07-14 13:03:15,671 [INFO] Skipping likely-commercial listing:   Office Space for Rent in Kalasiguda Hyderabad
2026-07-14 13:03:15,673 [INFO] Skipping likely-commercial listing:   Office Space for Rent in Khajaguda Hyderabad
2026-07-14 13:03:15,679 [INFO] Skipping likely-commercial listing:   Office Space for Rent in Khairtabad Hyderabad
2026-07-14 13:03:15,682 [INFO] Skipping likely-commercial listing:   Office Space for Rent in Neredmet Hyderabad
2026-07-14 13:03:15,685 [INFO] Skipping likely-commercial listing:   Office Space for Rent in Financial District, Nanakram Guda Hyderabad
2026-07-14 13:03:15,688 [INFO] Skipping likely-commercial listing:   Office Space for Rent in Banjara Hills, NH 9 Hyderabad
2026-07-14 13:03:15,691 [INFO] Skipping likely-commercial listing:   Office Space for Rent in Cherlapalli Hyderabad
2026-07-14 13:03:15,694 [INFO] Skipping likely-commercial listing:   Office Space for Rent in Maruthi Nagar Kothapet Hyderabad
2026-07-14 13:03:15,697 [INFO] Skipping likely-commercial listing:   Office Space for Rent in Hitech City Hyderabad
2026-07-14 13:03:15,700 [INFO] Skipping likely-commercial listing:   Office Space for Rent in Whitefields Hyderabad
2026-07-14 13:03:15,710 [INFO] Skipping likely-commercial listing:   Showroom for Rent in Kondapur Hyderabad
2026-07-14 13:03:15,710 [INFO] Page 5: +6 listings (running total: 66)
2026-07-14 13:03:15,710 [INFO] Starting detail-page enrichment (coordinates + amenities) for 66 listings...
2026-07-14 13:03:19,478 [INFO] HTTP Request: GET https://www.magicbricks.com/propertyDetails/3-BHK-2000-Sq-ft-Multistorey-Apartment-FOR-Rent-BL-Nagar-in-Hyderabad&id=4d423834373433333535#cardid-84743355 "HTTP/1.1 200 OK"
2026-07-14 13:03:26,100 [INFO] HTTP Request: GET https://www.magicbricks.com/propertyDetails/1-BHK-520-Sq-ft-Multistorey-Apartment-FOR-Rent-Kondapur-in-Hyderabad&id=4d423834343033383237#cardid-84403827 "HTTP/1.1 200 OK"
2026-07-14 13:03:33,212 [INFO] HTTP Request: GET https://www.magicbricks.com/kondapur-kondapur-hyderabad-pdpid-4d4235313237363935#cardid-85372871 "HTTP/1.1 200 OK"
2026-07-14 13:03:38,863 [INFO] HTTP Request: GET https://www.magicbricks.com/phoenix-golf-edge-gachibowli-hyderabad-pdpid-4d4235303131363938#cardid-85428213 "HTTP/1.1 200 OK"
2026-07-14 13:03:39,761 [WARNING] Amenities section shows 'View All Amenities (30)' but only 12 were captured from the static HTML — the rest are likely behind a click-to-expand this scraper doesn't drive. Got: ['Club House', 'Cafeteria/Food Court', 'Private Terrace/Garden', 'Power Back Up', 'Swimming Pool', 'Lift', 'Security', 'Park', 'Reserved Parking', 'Gymnasium', 'Indoor Games Room', 'AEROBICS ROOM']
2026-07-14 13:03:45,001 [INFO] HTTP Request: GET https://www.magicbricks.com/lodha-meridian-kukatpally-housing-board-colony-hyderabad-pdpid-4d4235303230383836#cardid-85518283 "HTTP/1.1 200 OK"
2026-07-14 13:03:45,743 [WARNING] Amenities section shows 'View All Amenities (40)' but only 12 were captured from the static HTML — the rest are likely behind a click-to-expand this scraper doesn't drive. Got: ['Club House', 'Cafeteria/Food Court', 'Bar/Lounge', 'Jogging and Strolling Track', 'Outdoor Tennis Courts', 'Cycling & Jogging Track', 'Private Terrace/Garden', 'Barbeque Pit', 'Power Back Up', 'Swimming Pool', 'Lift', 'Security']
2026-07-14 13:03:51,165 [INFO] HTTP Request: GET https://www.magicbricks.com/jayabheri-the-summit-narsingi-hyderabad-pdpid-4d4235313136393333#cardid-85481241 "HTTP/1.1 200 OK"
2026-07-14 13:03:51,755 [WARNING] Amenities section shows 'View All Amenities (40)' but only 12 were captured from the static HTML — the rest are likely behind a click-to-expand this scraper doesn't drive. Got: ['Club House', 'Cafeteria/Food Court', 'Jogging and Strolling Track', 'Outdoor Tennis Courts', 'Cycling & Jogging Track', 'Private Terrace/Garden', 'Power Back Up', 'Swimming Pool', 'Lift', 'Security', 'Park', 'Reserved Parking']
2026-07-14 13:03:57,039 [INFO] HTTP Request: GET https://www.magicbricks.com/sumadhura-the-olympus-financial-district-hyderabad-pdpid-4d4235333737373939#cardid-85488295 "HTTP/1.1 301 Moved Permanently"
2026-07-14 13:03:58,004 [INFO] HTTP Request: GET https://www.magicbricks.com/sumadhura-the-olympus-nanakram-guda-hyderabad-pdpid-4d4235333737373939#cardid-85488295 "HTTP/1.1 200 OK"
2026-07-14 13:04:05,629 [INFO] HTTP Request: GET https://www.magicbricks.com/trendset-winz-gachibowli-hyderabad-pdpid-4d4235303030313135#cardid-85420831 "HTTP/1.1 200 OK"
2026-07-14 13:04:06,306 [WARNING] Amenities section shows 'View All Amenities (26)' but only 12 were captured from the static HTML — the rest are likely behind a click-to-expand this scraper doesn't drive. Got: ['Club House', 'Cafeteria/Food Court', 'Cycling & Jogging Track', 'Power Back Up', 'Swimming Pool', 'Lift', 'Security', 'Park', 'Reserved Parking', 'Visitor Parking', 'Intercom Facility', 'Maintenance Staff']
2026-07-14 13:04:12,020 [INFO] HTTP Request: GET https://www.magicbricks.com/prestige-ivy-league-hitech-city-hyderabad-pdpid-4d4235303736393837#cardid-84474333 "HTTP/1.1 200 OK"
2026-07-14 13:04:12,722 [WARNING] Amenities section shows 'View All Amenities (40)' but only 12 were captured from the static HTML — the rest are likely behind a click-to-expand this scraper doesn't drive. Got: ['Club House', 'Cafeteria/Food Court', 'Outdoor Tennis Courts', 'Cycling & Jogging Track', 'Private Terrace/Garden', 'Barbeque Pit', 'Power Back Up', 'Swimming Pool', 'Lift', 'Security', 'Park', 'Reserved Parking']
2026-07-14 13:04:17,168 [INFO] HTTP Request: GET https://www.magicbricks.com/candeur-crescent-serilingampally-hyderabad-pdpid-4d4235333332353339#cardid-85329175 "HTTP/1.1 200 OK"
2026-07-14 13:04:18,217 [WARNING] Amenities section shows 'View All Amenities (30)' but only 12 were captured from the static HTML — the rest are likely behind a click-to-expand this scraper doesn't drive. Got: ['Club House', 'Cycling & Jogging Track', 'Private Terrace/Garden', 'Power Back Up', 'Swimming Pool', 'Lift', 'Security', 'Reserved Parking', 'Visitor Parking', 'Intercom Facility', 'Maintenance Staff', 'Bank & ATM']
2026-07-14 13:04:18,217 [INFO] Detail-page enrichment: 10/66 processed, 10 coordinates and 8 amenity lists found so far
2026-07-14 13:04:24,408 [INFO] HTTP Request: GET https://www.magicbricks.com/emami-swanlake-kukatpally-hyderabad-pdpid-4d4235303232343635#cardid-85530425 "HTTP/1.1 200 OK"
2026-07-14 13:04:25,068 [WARNING] Amenities section shows 'View All Amenities (23)' but only 12 were captured from the static HTML — the rest are likely behind a click-to-expand this scraper doesn't drive. Got: ['Club House', 'Private Terrace/Garden', 'Power Back Up', 'Swimming Pool', 'Lift', 'Security', 'Park', 'Reserved Parking', 'Visitor Parking', 'Intercom Facility', 'Banquet Hall', 'Gymnasium']
2026-07-14 13:04:29,142 [INFO] HTTP Request: GET https://www.magicbricks.com/propertyDetails/3-BHK-2000-Sq-ft-Multistorey-Apartment-FOR-Rent-Manikonda-in-Hyderabad&id=4d423835343637303137#cardid-85467017 "HTTP/1.1 200 OK"
2026-07-14 13:04:33,462 [INFO] HTTP Request: GET https://www.magicbricks.com/propertyDetails/3-BHK-1880-Sq-ft-Multistorey-Apartment-FOR-Rent-Miyapur-in-Hyderabad&id=4d423834343432303835#cardid-84442085 "HTTP/1.1 200 OK"
2026-07-14 13:04:38,367 [INFO] HTTP Request: GET https://www.magicbricks.com/aparna-cyber-county-gopanapalli-hyderabad-pdpid-4d4235303430373536#cardid-85347907 "HTTP/1.1 200 OK"
2026-07-14 13:04:39,118 [WARNING] Amenities section shows 'View All Amenities (27)' but only 12 were captured from the static HTML — the rest are likely behind a click-to-expand this scraper doesn't drive. Got: ['Club House', 'Jogging and Strolling Track', 'Cycling & Jogging Track', 'Power Back Up', 'Swimming Pool', 'Security', 'Park', 'Reserved Parking', 'Visitor Parking', 'Intercom Facility', 'Maintenance Staff', 'Banquet Hall']
2026-07-14 13:04:44,959 [INFO] HTTP Request: GET https://www.magicbricks.com/sandheera-bhavani-high-nest-isnapur-hyderabad-pdpid-4d4235333639343931#cardid-83843657 "HTTP/1.1 200 OK"
2026-07-14 13:04:50,475 [INFO] HTTP Request: GET https://www.magicbricks.com/myscape-loft-financial-district-hyderabad-pdpid-4d4235333637303035#cardid-77510205 "HTTP/1.1 301 Moved Permanently"
2026-07-14 13:04:51,137 [INFO] HTTP Request: GET https://www.magicbricks.com/myscape-loft-nanakram-guda-hyderabad-pdpid-4d4235333637303035#cardid-77510205 "HTTP/1.1 200 OK"
2026-07-14 13:04:55,999 [INFO] HTTP Request: GET https://www.magicbricks.com/ivr-hill-ridge-springs-gachibowli-hyderabad-pdpid-4d4235323638333433#cardid-84146293 "HTTP/1.1 200 OK"
2026-07-14 13:04:56,405 [WARNING] Amenities section shows 'View All Amenities (19)' but only 12 were captured from the static HTML — the rest are likely behind a click-to-expand this scraper doesn't drive. Got: ['Club House', 'Jogging and Strolling Track', 'Outdoor Tennis Courts', 'Private Terrace/Garden', 'Swimming Pool', 'Lift', 'Security', 'Park', 'Reserved Parking', 'Service/Goods Lift', 'Maintenance Staff', 'Gymnasium']
2026-07-14 13:05:02,367 [INFO] HTTP Request: GET https://www.magicbricks.com/propertyDetails/3-BHK-4000-Sq-ft-Residential-House-FOR-Rent-Bowenpally-Market-Yard-Road-in-Hyderabad&id=4d423834323037313039#cardid-84207109 "HTTP/1.1 200 OK"
2026-07-14 13:05:08,011 [INFO] HTTP Request: GET https://www.magicbricks.com/propertyDetails/4-BHK-2900-Sq-ft-Multistorey-Apartment-FOR-Rent-Venkat-Nagar-in-Hyderabad&id=4d423834333635333433#cardid-84365343 "HTTP/1.1 200 OK"
2026-07-14 13:05:11,921 [INFO] HTTP Request: GET https://www.magicbricks.com/propertyDetails/2-BHK-1500-Sq-ft-Multistorey-Apartment-FOR-Rent-Adibatla-in-Hyderabad&id=4d423833363337363535#cardid-83637655 "HTTP/1.1 200 OK"
2026-07-14 13:05:12,115 [INFO] Detail-page enrichment: 20/66 processed, 20 coordinates and 16 amenity lists found so far
2026-07-14 13:05:17,215 [INFO] HTTP Request: GET https://www.magicbricks.com/aurobindo-kohinoor-izzathnagar-hyderabad-pdpid-4d4235343138383431#cardid-83825117 "HTTP/1.1 200 OK"
2026-07-14 13:05:18,040 [WARNING] Amenities section shows 'View All Amenities (35)' but only 12 were captured from the static HTML — the rest are likely behind a click-to-expand this scraper doesn't drive. Got: ['Club House', 'Cafeteria/Food Court', 'Jogging and Strolling Track', 'Outdoor Tennis Courts', 'Cycling & Jogging Track', 'Power Back Up', 'Swimming Pool', 'Lift', 'Security', 'Park', 'Reserved Parking', 'Service/Goods Lift']
2026-07-14 13:05:24,055 [INFO] HTTP Request: GET https://www.magicbricks.com/propertyDetails/3-BHK-1460-Sq-ft-Residential-House-FOR-Rent-IDA-Kukatpally-in-Hyderabad&id=4d423735383138393239#cardid-75818929 "HTTP/1.1 200 OK"
2026-07-14 13:05:28,172 [INFO] HTTP Request: GET https://www.magicbricks.com/propertyDetails/3-BHK-3250-Sq-ft-Builder-Floor-Apartment-FOR-Rent-Banjara-Hills-in-Hyderabad&id=4d4238383433313232#cardid-8843122 "HTTP/1.1 200 OK"
2026-07-14 13:05:33,897 [INFO] HTTP Request: GET https://www.magicbricks.com/propertyDetails/3-BHK-1697-Sq-ft-Multistorey-Apartment-FOR-Rent-in-Hyderabad&id=4d423835353237353933#cardid-85527593 "HTTP/1.1 200 OK"
2026-07-14 13:05:40,733 [INFO] HTTP Request: GET https://www.magicbricks.com/aparna-altius-shamshabad-hyderabad-pdpid-4d4235313839363836#cardid-85205757 "HTTP/1.1 200 OK"
2026-07-14 13:05:47,780 [INFO] HTTP Request: GET https://www.magicbricks.com/propertyDetails/2-BHK-1060-Sq-ft-Multistorey-Apartment-FOR-Rent-Beeramguda-in-Hyderabad&id=4d423835323936343437#cardid-85296447 "HTTP/1.1 200 OK"
2026-07-14 13:05:53,174 [INFO] HTTP Request: GET https://www.magicbricks.com/lodha-bellezza-hitech-city-hyderabad-pdpid-4d4235303238393039#cardid-67682789 "HTTP/1.1 200 OK"
2026-07-14 13:05:53,867 [WARNING] Amenities section shows 'View All Amenities (49)' but only 12 were captured from the static HTML — the rest are likely behind a click-to-expand this scraper doesn't drive. Got: ['Club House', 'Coffee Lounge & Restaurants', 'Cafeteria/Food Court', 'Bar/Lounge', 'Jogging and Strolling Track', 'Outdoor Tennis Courts', 'Cycling & Jogging Track', 'Private Terrace/Garden', 'Barbeque Pit', 'Power Back Up', 'Swimming Pool', 'Lift']
2026-07-14 13:05:58,560 [INFO] HTTP Request: GET https://www.magicbricks.com/propertyDetails/1-BHK-650-Sq-ft-Multistorey-Apartment-FOR-Rent-Toli-Chowki-in-Hyderabad&id=4d423835343838363133#cardid-85488613 "HTTP/1.1 200 OK"
2026-07-14 13:06:03,297 [INFO] HTTP Request: GET https://www.magicbricks.com/propertyDetails/3-BHK-1808-Sq-ft-Villa-FOR-Rent-Yapral-in-Hyderabad&id=4d423831393233363837#cardid-81923687 "HTTP/1.1 200 OK"
2026-07-14 13:06:07,542 [INFO] HTTP Request: GET https://www.magicbricks.com/sumadhura-infracon-the-olympus-nanakram-guda-hyderabad-pdpid-4d4235323938353931#cardid-84520811 "HTTP/1.1 200 OK"
2026-07-14 13:06:08,221 [WARNING] Amenities section shows 'View All Amenities (16)' but only 0 were captured from the static HTML — the rest are likely behind a click-to-expand this scraper doesn't drive. Got: []
2026-07-14 13:06:08,222 [INFO] Detail-page enrichment: 30/66 processed, 29 coordinates and 23 amenity lists found so far
2026-07-14 13:06:13,512 [INFO] HTTP Request: GET https://www.magicbricks.com/btr-mak-serenity-thummaloor-hyderabad-pdpid-4d4235323133393735#cardid-85531679 "HTTP/1.1 200 OK"
2026-07-14 13:06:14,102 [WARNING] Amenities section shows 'View All Amenities (13)' but only 12 were captured from the static HTML — the rest are likely behind a click-to-expand this scraper doesn't drive. Got: ['Club House', 'Jogging and Strolling Track', 'Power Back Up', 'Lift', 'Security', 'Intercom Facility', 'Gymnasium', 'Indoor Games Room', 'Multipurpose Hall', 'CCTV Camera', 'Barbeque space', 'Library']
2026-07-14 13:06:19,128 [INFO] HTTP Request: GET https://www.magicbricks.com/propertyDetails/1-BHK-200-Sq-ft-Residential-House-FOR-Rent-Sudarshan-Nagar-Colony-in-Hyderabad&id=4d423835353232303033#cardid-85522003 "HTTP/1.1 200 OK"
2026-07-14 13:06:24,990 [INFO] HTTP Request: GET https://www.magicbricks.com/propertyDetails/32400-Sq-ft-Commercial-Land-FOR-Rent-Kukatpally-in-Hyderabad&id=4d423835333032313833#cardid-85302183 "HTTP/1.1 200 OK"
2026-07-14 13:06:29,668 [INFO] HTTP Request: GET https://www.magicbricks.com/propertyDetails/3-BHK-2880-Sq-ft-Villa-FOR-Rent-Kompally-in-Hyderabad&id=4d423835353134333631#cardid-85514361 "HTTP/1.1 200 OK"
2026-07-14 13:06:36,360 [INFO] HTTP Request: GET https://www.magicbricks.com/jns-infra-hill-view-mallampet-hyderabad-pdpid-4d4235323136313535#cardid-84894751 "HTTP/1.1 200 OK"
2026-07-14 13:06:40,912 [INFO] HTTP Request: GET https://www.magicbricks.com/noble-residency-masab-tank-hyderabad-pdpid-4d4235303630373130#cardid-85444187 "HTTP/1.1 200 OK"
2026-07-14 13:06:46,385 [INFO] HTTP Request: GET https://www.magicbricks.com/nebula-aavaas-miyapur-hyderabad-pdpid-4d4235313139373131#cardid-85514853 "HTTP/1.1 200 OK"
2026-07-14 13:06:53,574 [INFO] HTTP Request: GET https://www.magicbricks.com/sowkya-pride-kismatpur-hyderabad-pdpid-4d4235333637373839#cardid-85069399 "HTTP/1.1 200 OK"
2026-07-14 13:06:59,308 [INFO] HTTP Request: GET https://www.magicbricks.com/propertyDetails/3-BHK-2800-Sq-ft-Residential-House-FOR-Rent-Jubilee-Hills-Check-Post-Road-in-Hyderabad&id=4d423831303439313735#cardid-81049175 "HTTP/1.1 200 OK"
2026-07-14 13:07:03,835 [INFO] HTTP Request: GET https://www.magicbricks.com/propertyDetails/2-BHK-1150-Sq-ft-Multistorey-Apartment-FOR-Rent-A-S-Rao-Nagar-in-Hyderabad&id=4d423835353036323837#cardid-85506287 "HTTP/1.1 200 OK"
2026-07-14 13:07:04,043 [INFO] Detail-page enrichment: 40/66 processed, 39 coordinates and 29 amenity lists found so far
2026-07-14 13:07:09,736 [INFO] HTTP Request: GET https://www.magicbricks.com/propertyDetails/2-BHK-1400-Sq-ft-Multistorey-Apartment-FOR-Rent-Pragathi-Nagar-Road-in-Hyderabad&id=4d423835353132373135#cardid-85512715 "HTTP/1.1 200 OK"
2026-07-14 13:07:16,335 [INFO] HTTP Request: GET https://www.magicbricks.com/aparna-hillpark-gardenia-chanda-nagar-hyderabad-pdpid-4d4235303734313935#cardid-85507213 "HTTP/1.1 200 OK"
2026-07-14 13:07:17,065 [WARNING] Amenities section shows 'View All Amenities (27)' but only 12 were captured from the static HTML — the rest are likely behind a click-to-expand this scraper doesn't drive. Got: ['Club House', 'Coffee Lounge & Restaurants', 'Bar/Lounge', 'Jogging and Strolling Track', 'Outdoor Tennis Courts', 'Cycling & Jogging Track', 'Power Back Up', 'Swimming Pool', 'Security', 'Park', 'Reserved Parking', 'Visitor Parking']
2026-07-14 13:07:20,388 [INFO] HTTP Request: GET https://www.magicbricks.com/aparna-kanopy-marigold-doolapally-road-hyderabad-pdpid-4d4235313834383735#cardid-85513545 "HTTP/1.1 301 Moved Permanently"
2026-07-14 13:07:21,247 [INFO] HTTP Request: GET https://www.magicbricks.com/aparna-kanopy-marigold-kompally-hyderabad-pdpid-4d4235313834383735#cardid-85513545 "HTTP/1.1 200 OK"
2026-07-14 13:07:30,233 [INFO] HTTP Request: GET https://www.magicbricks.com/propertyDetails/750-Sq-ft-Commercial-Land-FOR-Rent-Gagillapur-in-Hyderabad&id=4d423831353033373137#cardid-81503717 "HTTP/1.1 200 OK"
2026-07-14 13:07:35,154 [INFO] HTTP Request: GET https://www.magicbricks.com/propertyDetails/3-BHK-2040-Sq-ft-Villa-FOR-Rent-Kolluru-in-Hyderabad&id=4d423835323038353731#cardid-85208571 "HTTP/1.1 200 OK"
2026-07-14 13:07:40,778 [INFO] HTTP Request: GET https://www.magicbricks.com/propertyDetails/20120-Sq-ft-Office-in-IT-Park-SEZ-FOR-Rent-Hitech-City-in-Hyderabad&id=4d423831353834323333#cardid-81584233 "HTTP/1.1 200 OK"
2026-07-14 13:07:45,923 [INFO] HTTP Request: GET https://www.magicbricks.com/smr-vinay-fountainhead-miyapur-hyderabad-pdpid-4d4235303137393633#cardid-14298735 "HTTP/1.1 200 OK"
2026-07-14 13:07:46,634 [WARNING] Amenities section shows 'View All Amenities (34)' but only 12 were captured from the static HTML — the rest are likely behind a click-to-expand this scraper doesn't drive. Got: ['Club House', 'Cafeteria/Food Court', 'Bar/Lounge', 'Jogging and Strolling Track', 'Outdoor Tennis Courts', 'Cycling & Jogging Track', 'Power Back Up', 'Swimming Pool', 'Lift', 'Security', 'Park', 'Reserved Parking']
2026-07-14 13:07:51,312 [INFO] HTTP Request: GET https://www.magicbricks.com/cyber-towers-madhapur-hyderabad-pdpid-4d4235323934313137#cardid-68601311 "HTTP/1.1 301 Moved Permanently"
2026-07-14 13:07:53,508 [INFO] HTTP Request: GET https://www.magicbricks.com/cyber-towers-hitech-city-hyderabad-pdpid-4d4235323934313137#cardid-68601311 "HTTP/1.1 200 OK"
2026-07-14 13:08:00,049 [INFO] HTTP Request: GET https://www.magicbricks.com/propertyDetails/5-BHK-5000-Sq-yrd-Villa-FOR-Rent-MLA-Colony-in-Hyderabad&id=4d423831323734333737#cardid-81274377 "HTTP/1.1 200 OK"
2026-07-14 13:08:05,525 [INFO] HTTP Request: GET https://www.magicbricks.com/propertyDetails/3-BHK-1450-Sq-ft-Multistorey-Apartment-FOR-Rent-in-Hyderabad&id=4d423834363532353337#cardid-84652537 "HTTP/1.1 200 OK"
2026-07-14 13:08:05,723 [INFO] Detail-page enrichment: 50/66 processed, 48 coordinates and 33 amenity lists found so far
2026-07-14 13:08:11,092 [INFO] HTTP Request: GET https://www.magicbricks.com/propertyDetails/2-BHK-1400-Sq-ft-Residential-House-FOR-Rent-Manikonda-in-Hyderabad&id=4d423834363838383337#cardid-84688837 "HTTP/1.1 200 OK"
2026-07-14 13:08:16,214 [INFO] HTTP Request: GET https://www.magicbricks.com/propertyDetails/5-BHK-3000-Sq-ft-Residential-House-FOR-Rent-Padmavati-Nagar-in-Hyderabad&id=4d423835313934393435#cardid-85194945 "HTTP/1.1 200 OK"
2026-07-14 13:08:21,940 [INFO] HTTP Request: GET https://www.magicbricks.com/aparna-hillpark-silver-oaks-chanda-nagar-hyderabad-pdpid-4d4235313130303439#cardid-85190075 "HTTP/1.1 200 OK"
2026-07-14 13:08:22,534 [WARNING] Amenities section shows 'View All Amenities (24)' but only 12 were captured from the static HTML — the rest are likely behind a click-to-expand this scraper doesn't drive. Got: ['Club House', 'Jogging and Strolling Track', 'Barbeque Pit', 'Swimming Pool', 'Lift', 'Security', 'Park', 'Visitor Parking', 'Intercom Facility', 'Maintenance Staff', 'Gymnasium', 'Indoor Games Room']
2026-07-14 13:08:27,383 [INFO] HTTP Request: GET https://www.magicbricks.com/ncc-urban-one-narsingi-hyderabad-pdpid-4d4235303236393534#cardid-85237481 "HTTP/1.1 200 OK"
2026-07-14 13:08:28,061 [WARNING] Amenities section shows 'View All Amenities (23)' but only 12 were captured from the static HTML — the rest are likely behind a click-to-expand this scraper doesn't drive. Got: ['Club House', 'Jogging and Strolling Track', 'Power Back Up', 'Swimming Pool', 'Lift', 'Security', 'Park', 'Reserved Parking', 'Intercom Facility', 'Maintenance Staff', 'Bank & ATM', 'Gymnasium']
2026-07-14 13:08:30,853 [INFO] HTTP Request: GET https://www.magicbricks.com/malaysian-township-kukatpally-housing-board-colony-hyderabad-pdpid-4d4235303332323134#cardid-79330811 "HTTP/1.1 301 Moved Permanently"
2026-07-14 13:08:31,398 [INFO] HTTP Request: GET https://www.magicbricks.com/malaysian-township-kukatpally-hyderabad-pdpid-4d4235303332323134#cardid-79330811 "HTTP/1.1 200 OK"
2026-07-14 13:08:32,123 [WARNING] Amenities section shows 'View All Amenities (13)' but only 12 were captured from the static HTML — the rest are likely behind a click-to-expand this scraper doesn't drive. Got: ['Swimming Pool', 'Lift', 'Security', 'Park', 'Reserved Parking', 'Service/Goods Lift', 'Visitor Parking', 'Maintenance Staff', 'Flower Gardens', 'Laundry Service', 'Rain Water Harvesting', 'Water Storage']
2026-07-14 13:08:36,190 [INFO] HTTP Request: GET https://www.magicbricks.com/propertyDetails/1-BHK-750-Sq-ft-Multistorey-Apartment-FOR-Rent-Ramakrishna-Nagar-in-Hyderabad&id=4d4239373538363637#cardid-9758667 "HTTP/1.1 200 OK"
2026-07-14 13:08:42,973 [INFO] HTTP Request: GET https://www.magicbricks.com/bloomfield-ecstasy-tellapur-hyderabad-pdpid-4d4235303331383934#cardid-84835271 "HTTP/1.1 200 OK"
2026-07-14 13:08:43,522 [WARNING] Amenities section shows 'View All Amenities (33)' but only 12 were captured from the static HTML — the rest are likely behind a click-to-expand this scraper doesn't drive. Got: ['Club House', 'Cafeteria/Food Court', 'Jogging and Strolling Track', 'Private Terrace/Garden', 'Power Back Up', 'Swimming Pool', 'Lift', 'Security', 'Park', 'Reserved Parking', 'Service/Goods Lift', 'Visitor Parking']
2026-07-14 13:08:47,970 [INFO] HTTP Request: GET https://www.magicbricks.com/hallmark-empyrean-puppalaguda-hyderabad-pdpid-4d4235303939373835#cardid-84940123 "HTTP/1.1 200 OK"
2026-07-14 13:08:54,173 [INFO] HTTP Request: GET https://www.magicbricks.com/propertyDetails/3-BHK-3240-Sq-ft-Villa-FOR-Rent-Mokila-in-Hyderabad&id=4d423834353335373533#cardid-84535753 "HTTP/1.1 200 OK"
2026-07-14 13:09:01,345 [INFO] HTTP Request: GET https://www.magicbricks.com/propertyDetails/2-BHK-1250-Sq-ft-Multistorey-Apartment-FOR-Rent-Bagh-Amberpet-in-Hyderabad&id=4d423835353036353031#cardid-85506501 "HTTP/1.1 200 OK"
2026-07-14 13:09:01,534 [INFO] Detail-page enrichment: 60/66 processed, 58 coordinates and 41 amenity lists found so far
2026-07-14 13:09:06,051 [INFO] HTTP Request: GET https://www.magicbricks.com/propertyDetails/2500-Sq-ft-Commercial-Land-FOR-Rent-Madhapur-in-Hyderabad&id=4d423833383137323231#cardid-83817221 "HTTP/1.1 200 OK"
2026-07-14 13:09:10,700 [INFO] HTTP Request: GET https://www.magicbricks.com/urbanrise-on-cloud-33-bachupally-hyderabad-pdpid-4d4235333234333131#cardid-84896877 "HTTP/1.1 200 OK"
2026-07-14 13:09:11,334 [WARNING] Amenities section shows 'View All Amenities (32)' but only 12 were captured from the static HTML — the rest are likely behind a click-to-expand this scraper doesn't drive. Got: ['Club House', 'Cafeteria/Food Court', 'Bar/Lounge', 'Jogging and Strolling Track', 'Outdoor Tennis Courts', 'Power Back Up', 'Swimming Pool', 'Lift', 'Security', 'Park', 'Reserved Parking', 'Service/Goods Lift']
2026-07-14 13:09:17,459 [INFO] HTTP Request: GET https://www.magicbricks.com/propertyDetails/4-BHK-4500-Sq-ft-Villa-FOR-Rent-Kondapur-in-Hyderabad&id=4d423834383639303035#cardid-84869005 "HTTP/1.1 200 OK"
2026-07-14 13:09:21,246 [INFO] HTTP Request: GET https://www.magicbricks.com/propertyDetails/3-BHK-1550-Sq-ft-Villa-FOR-Rent-Shadnagar-in-Hyderabad&id=4d423639373039383135#cardid-69709815 "HTTP/1.1 200 OK"
2026-07-14 13:09:26,467 [INFO] HTTP Request: GET https://www.magicbricks.com/pride-golden-sands-toli-chowki-hyderabad-pdpid-4d4235303832313331#cardid-81896541 "HTTP/1.1 200 OK"
2026-07-14 13:09:32,314 [INFO] HTTP Request: GET https://www.magicbricks.com/propertyDetails/3-BHK-1100-Sq-ft-Residential-House-FOR-Rent-Mythri-Nagar-in-Hyderabad&id=4d423834393438343233#cardid-84948423 "HTTP/1.1 200 OK"
2026-07-14 13:09:32,600 [INFO] Detail-page enrichment complete: 64/66 listings got real coordinates, 46/66 got an amenities list
2026-07-14 13:09:32,601 [INFO] Scraped 66 total listings
2026-07-14 13:09:32,607 [INFO] Wrote 66 listings to scraped_listings.jsonl
2026-07-14 13:10:22,517 [INFO] No city name in config — reverse-geocoding (23.0225, 72.525)...
2026-07-14 13:10:23,209 [INFO] Resolved city: Sarkhej, state: Gujarat
2026-07-14 13:10:23,212 [INFO] Saved resolved values back to C:\Users\riddh\OneDrive\Desktop\skymark-grid-project\config.json
2026-07-14 13:10:23,217 [INFO] Starting MagicBricks scrape run
2026-07-14 13:10:23,614 [INFO] Bootstrapping session via Playwright: https://www.magicbricks.com/property-for-rent/residential-real-estate?cityName=Sarkhej&page=1
2026-07-14 13:10:46,791 [WARNING] Listing card selector didn't show up — page may have been served a captcha/interstitial. Inspect a screenshot before assuming the scraper is broken vs. the selector being stale.
2026-07-14 13:10:47,641 [ERROR] Zero listing containers found. Diagnosis: NO-RESULTS PAGE (not a block): MagicBricks returned a legitimate 'no listings match these filters' page — e.g. this city may not support the full bedroom range or property-type list requested. Check bootstrap_debug.png to see exactly which filter got rejected; retrying the same request won't help, the search parameters need adjusting.
2026-07-14 13:10:47,642 [INFO] DOM parse returned nothing, trying JSON blob fallback...
2026-07-14 13:10:47,644 [INFO] Page 1: 0 listings parsed so far
2026-07-14 13:10:53,162 [INFO] HTTP Request: GET https://www.magicbricks.com/property-for-rent/residential-real-estate?cityName=Sarkhej&page=2 "HTTP/1.1 200 OK"
2026-07-14 13:10:53,225 [ERROR] Zero listing containers found. Diagnosis: UNKNOWN: neither a recognized bot-check marker nor a recognized no-results marker was found in the page — could be a genuine markup change on MagicBricks' side. Check bootstrap_debug.png directly.
2026-07-14 13:10:53,226 [INFO] DOM parse returned nothing, trying JSON blob fallback...
2026-07-14 13:10:53,228 [INFO] Page 2 returned 0 listings — assuming end of results, stopping.
2026-07-14 13:10:53,231 [INFO] Starting detail-page enrichment (coordinates + amenities) for 0 listings...
2026-07-14 13:10:53,231 [INFO] Detail-page enrichment complete: 0/0 listings got real coordinates, 0/0 got an amenities list
2026-07-14 13:10:53,233 [INFO] Scraped 0 total listings
2026-07-14 13:10:53,235 [INFO] Wrote 0 listings to scraped_listings.jsonl
2026-07-14 13:11:38,721 [INFO] No city name in config — reverse-geocoding (26.8467, 81.0072)...
2026-07-14 13:11:39,339 [INFO] Resolved city: Lucknow, state: Uttar Pradesh
2026-07-14 13:11:39,340 [INFO] Saved resolved values back to C:\Users\riddh\OneDrive\Desktop\skymark-grid-project\config.json
2026-07-14 13:11:39,345 [INFO] Starting MagicBricks scrape run
2026-07-14 13:11:39,765 [INFO] Bootstrapping session via Playwright: https://www.magicbricks.com/property-for-rent/residential-real-estate?cityName=Lucknow&page=1
2026-07-14 13:11:40,946 [INFO] Skipping likely-commercial listing:   Office Space for Rent in Purvanchal Capital Tower, Vibhuti Khand Lucknow
2026-07-14 13:11:40,946 [INFO] Skipping likely-commercial listing:   Shop for Rent in Viraj Khand Lucknow
2026-07-14 13:11:40,949 [INFO] Skipping likely-commercial listing:   Office Space for Rent in Vikas Nagar Lucknow
2026-07-14 13:11:40,950 [INFO] Skipping likely-commercial listing:   Showroom for Rent in Sector 2 Vikas Nagar Lucknow
2026-07-14 13:11:40,951 [INFO] Skipping likely-commercial listing:   Shop for Rent in Bijnor Road Lucknow
2026-07-14 13:11:40,951 [INFO] Skipping likely-commercial listing:   Office Space for Rent in Gomti Nagar Lucknow
2026-07-14 13:11:40,952 [INFO] Skipping likely-commercial listing:   Showroom for Rent in Jankipuram Extension Lucknow
2026-07-14 13:11:40,953 [INFO] Skipping likely-commercial listing:   Office Space for Rent in Vikrant Khand Lucknow
2026-07-14 13:11:40,953 [INFO] Skipping likely-commercial listing:  Warehouse/ Godown for Rent in Bijnor Road Lucknow
2026-07-14 13:11:40,954 [INFO] Skipping likely-commercial listing:   Office Space for Rent in Mahanagar Lucknow
2026-07-14 13:11:40,955 [INFO] Skipping likely-commercial listing:   Showroom for Rent in Shivaji Marg Lucknow
2026-07-14 13:11:40,957 [INFO] Skipping likely-commercial listing:   Shop for Rent in Budheshwar Lucknow
2026-07-14 13:11:40,958 [INFO] Skipping likely-commercial listing:   Shop for Rent in Arjun Ganj Lucknow
2026-07-14 13:11:40,959 [INFO] Skipping likely-commercial listing:   Office Space for Rent in Ratan Square, Hazratganj Lucknow
2026-07-14 13:11:40,961 [INFO] Skipping likely-commercial listing:   Showroom for Rent in Vishal Khand Lucknow
2026-07-14 13:11:40,964 [INFO] Skipping likely-commercial listing:  Industrial Building for Rent in Sector 10 Indira Nagar Lucknow
2026-07-14 13:11:40,965 [INFO] Skipping likely-commercial listing:   Office Space for Rent in Vibhuti Khand Lucknow
2026-07-14 13:11:40,965 [INFO] Page 1: 13 listings parsed so far
2026-07-14 13:11:44,968 [INFO] HTTP Request: GET https://www.magicbricks.com/property-for-rent/residential-real-estate?cityName=Lucknow&page=2 "HTTP/1.1 200 OK"
2026-07-14 13:11:45,170 [INFO] Skipping likely-commercial listing:   Shop for Rent in Gosainganj Lucknow
2026-07-14 13:11:45,178 [INFO] Skipping likely-commercial listing:  Warehouse/ Godown for Rent in Ram Nagar Colony Lucknow
2026-07-14 13:11:45,190 [INFO] Skipping likely-commercial listing:  Warehouse/ Godown for Rent in Harauni Road Lucknow
2026-07-14 13:11:45,194 [INFO] Skipping likely-commercial listing:   Office Space for Rent in Vibhuti Khand Lucknow
2026-07-14 13:11:45,197 [INFO] Skipping likely-commercial listing:   Shop for Rent in Udaiganj Lucknow
2026-07-14 13:11:45,202 [INFO] Skipping likely-commercial listing:   Office Space for Rent in Ratan Square, Vidhan Sabha Marg Lucknow
2026-07-14 13:11:45,214 [INFO] Skipping likely-commercial listing:   Office Space for Rent in Arjun Ganj Lucknow
2026-07-14 13:11:45,218 [INFO] Skipping likely-commercial listing:   Office Space for Rent in Indira Nagar Lucknow
2026-07-14 13:11:45,220 [INFO] Skipping likely-commercial listing:   Office Space for Rent in Sector 20 Indira Nagar Lucknow
2026-07-14 13:11:45,227 [INFO] Skipping likely-commercial listing:   Office Space for Rent in Vikas Nagar Lucknow
2026-07-14 13:11:45,230 [INFO] Skipping likely-commercial listing:   Showroom for Rent in Vishal Khand - 4 Lucknow
2026-07-14 13:11:45,244 [INFO] Skipping likely-commercial listing:   Office Space for Rent in DLF My pad, Vibhuti Khand Lucknow
2026-07-14 13:11:45,248 [INFO] Skipping likely-commercial listing:   Shop for Rent in Sushant Golf City Lucknow
2026-07-14 13:11:45,256 [INFO] Page 2: +17 listings (running total: 30)
2026-07-14 13:11:49,163 [INFO] HTTP Request: GET https://www.magicbricks.com/property-for-rent/residential-real-estate?cityName=Lucknow&page=3 "HTTP/1.1 200 OK"
2026-07-14 13:11:49,358 [WARNING] Rejecting implausible monthly_rent=1200000.0 for cardid=83207943 (source text: 1200000) — outside the 1,000-1,000,000 sanity range.
2026-07-14 13:11:49,359 [INFO] Skipping likely-commercial listing:   Office Space for Rent in Viraj Khand Lucknow
2026-07-14 13:11:49,362 [INFO] Skipping likely-commercial listing:  Warehouse/ Godown for Rent in Geeta Puri Lucknow
2026-07-14 13:11:49,373 [INFO] Skipping likely-commercial listing:   Office Space for Rent in Shopping Square Sec D, Sushant Golf City Lucknow
2026-07-14 13:11:49,376 [INFO] Skipping likely-commercial listing:   Showroom for Rent in Balaganj Lucknow
2026-07-14 13:11:49,384 [INFO] Skipping likely-commercial listing:   Office Space for Rent in Chandganj Lucknow
2026-07-14 13:11:49,393 [INFO] Skipping likely-commercial listing:   Showroom for Rent in Sector Q Aliganj Lucknow
2026-07-14 13:11:49,418 [INFO] Skipping likely-commercial listing:   Office Space for Rent in Vipul khand Lucknow
2026-07-14 13:11:49,427 [INFO] Skipping likely-commercial listing:   Office Space for Rent in Bara Birwa Lucknow
2026-07-14 13:11:49,432 [INFO] Skipping likely-commercial listing:   Shop for Rent in Eldeco Udyan II, Raibareli Road Lucknow
2026-07-14 13:11:49,436 [INFO] Page 3: +21 listings (running total: 51)
2026-07-14 13:11:54,871 [INFO] HTTP Request: GET https://www.magicbricks.com/property-for-rent/residential-real-estate?cityName=Lucknow&page=4 "HTTP/1.1 200 OK"
2026-07-14 13:11:55,069 [INFO] Skipping likely-commercial listing:  Warehouse/ Godown for Rent in Dudauli Road Lucknow
2026-07-14 13:11:55,075 [INFO] Skipping likely-commercial listing:   Office Space for Rent in Vibhuti Khand Lucknow
2026-07-14 13:11:55,086 [INFO] Skipping likely-commercial listing:   Shop for Rent in Transport Nagar Lucknow
2026-07-14 13:11:55,095 [INFO] Skipping likely-commercial listing:  Warehouse/ Godown for Rent in Transport Nagar Lucknow
2026-07-14 13:11:55,105 [INFO] Skipping likely-commercial listing:   Office Space for Rent in Indira Nagar Lucknow
2026-07-14 13:11:55,108 [INFO] Skipping likely-commercial listing:   Office Space for Rent in Chhota bharwara Lucknow
2026-07-14 13:11:55,111 [INFO] Skipping likely-commercial listing:   Showroom for Rent in Banthra Lucknow
2026-07-14 13:11:55,113 [INFO] Skipping likely-commercial listing:  Warehouse/ Godown for Rent in Chinhat Lucknow
2026-07-14 13:11:55,116 [INFO] Skipping likely-commercial listing:   Shop for Rent in Arjun Ganj Lucknow
2026-07-14 13:11:55,118 [INFO] Skipping likely-commercial listing:   Office Space for Rent in Park Road Lucknow
2026-07-14 13:11:55,123 [INFO] Skipping likely-commercial listing:   Office Space for Rent in Dlf mypad Lucknow
2026-07-14 13:11:55,126 [INFO] Skipping likely-commercial listing:   Shop for Rent in Chandan Road Lucknow
2026-07-14 13:11:55,131 [INFO] Skipping likely-commercial listing:   Shop for Rent in Munshipuliya Lucknow
2026-07-14 13:11:55,136 [INFO] Page 4: +17 listings (running total: 68)
2026-07-14 13:11:58,745 [INFO] HTTP Request: GET https://www.magicbricks.com/property-for-rent/residential-real-estate?cityName=Lucknow&page=5 "HTTP/1.1 200 OK"
2026-07-14 13:11:58,937 [INFO] Skipping likely-commercial listing:   Office Space for Rent in Park Road Lucknow
2026-07-14 13:11:58,943 [INFO] Skipping likely-commercial listing:   Showroom for Rent in Indralok Colony Lucknow
2026-07-14 13:11:58,946 [INFO] Skipping likely-commercial listing:   Office Space for Rent in Gomtinagar Extension Lucknow
2026-07-14 13:11:58,949 [INFO] Skipping likely-commercial listing:   Shop for Rent in Vijay Khand Lucknow
2026-07-14 13:11:58,951 [INFO] Skipping likely-commercial listing:   Showroom for Rent in MIPL Platinum Mall, Sushant Golf City Lucknow
2026-07-14 13:11:58,956 [INFO] Skipping likely-commercial listing:   Showroom for Rent in Badshahnagar Lucknow
2026-07-14 13:11:58,961 [INFO] Skipping likely-commercial listing:   Office Space for Rent in Ahiran Khera Lucknow
2026-07-14 13:11:58,966 [INFO] Skipping likely-commercial listing:   Shop for Rent in Krishna Nagar Lucknow
2026-07-14 13:11:58,974 [INFO] Skipping likely-commercial listing:   Office Space for Rent in Vibhav Khand - 3 Lucknow
2026-07-14 13:11:58,977 [INFO] Skipping likely-commercial listing:   Office Space for Rent in Para Lucknow
2026-07-14 13:11:58,981 [INFO] Skipping likely-commercial listing:   Showroom for Rent in Sector G Aliganj Lucknow
2026-07-14 13:11:58,984 [INFO] Skipping likely-commercial listing:   Office Space for Rent in Rohtas Summit, Vibhuti Khand Lucknow
2026-07-14 13:11:58,987 [INFO] Skipping likely-commercial listing:   Office Space for Rent in Vibhuti Khand Lucknow
2026-07-14 13:11:59,006 [WARNING] Rejecting implausible monthly_rent=1260000.0 for cardid=82720375 (source text: 1260000) — outside the 1,000-1,000,000 sanity range.
2026-07-14 13:11:59,006 [INFO] Skipping likely-commercial listing:   Office Space for Rent in Viraj Khand Lucknow
2026-07-14 13:11:59,010 [INFO] Skipping likely-commercial listing:   Office Space for Rent in Mahanagar Colony Lucknow
2026-07-14 13:11:59,013 [INFO] Skipping likely-commercial listing:   Office Space for Rent in Singarnagar Lucknow
2026-07-14 13:11:59,020 [INFO] Skipping likely-commercial listing:   Shop for Rent in Vastu Khand Lucknow
2026-07-14 13:11:59,026 [INFO] Skipping likely-commercial listing:   Office Space for Rent in Vidhan Sabha Marg Lucknow
2026-07-14 13:11:59,030 [INFO] Page 5: +12 listings (running total: 80)
2026-07-14 13:11:59,030 [INFO] Starting detail-page enrichment (coordinates + amenities) for 80 listings...
2026-07-14 13:12:02,213 [INFO] HTTP Request: GET https://www.magicbricks.com/rr-orchid-estate-kanpur-road-lucknow-pdpid-4d4235343330323137#cardid-85244693 "HTTP/1.1 200 OK"
2026-07-14 13:12:06,971 [INFO] HTTP Request: GET https://www.magicbricks.com/shalimar-oneworld-belvedere-court-integrated-tower-gomti-nagar-lucknow-pdpid-4d4235323939313437#cardid-82768667 "HTTP/1.1 200 OK"
2026-07-14 13:12:12,075 [INFO] HTTP Request: GET https://www.magicbricks.com/propertyDetails/8-BHK-6400-Sq-ft-Residential-House-FOR-Rent-Gomti-Nagar-in-Lucknow&id=4d423832333530353631#cardid-82350561 "HTTP/1.1 200 OK"
2026-07-14 13:12:18,090 [INFO] HTTP Request: GET https://www.magicbricks.com/viraj-bbd-green-city-faizabad-road-lucknow-pdpid-4d4235303031373638#cardid-83510161 "HTTP/1.1 200 OK"
2026-07-14 13:12:18,770 [WARNING] Amenities section shows 'View All Amenities (29)' but only 12 were captured from the static HTML — the rest are likely behind a click-to-expand this scraper doesn't drive. Got: ['Club House', 'Coffee Lounge & Restaurants', 'Cafeteria/Food Court', 'Cycling & Jogging Track', 'Private Terrace/Garden', 'Power Back Up', 'Swimming Pool', 'Lift', 'Security', 'Park', 'Reserved Parking', 'Service/Goods Lift']
2026-07-14 13:12:22,279 [INFO] HTTP Request: GET https://www.magicbricks.com/propertyDetails/2-BHK-1200-Sq-ft-Residential-House-FOR-Rent-Jankipuram-in-Lucknow&id=4d423833393238393531#cardid-83928951 "HTTP/1.1 200 OK"
2026-07-14 13:12:31,163 [INFO] HTTP Request: GET https://www.magicbricks.com/propertyDetails/2-BHK-1400-Sq-ft-Multistorey-Apartment-FOR-Rent-Aliganj-in-Lucknow&id=4d423834313933373133#cardid-84193713 "HTTP/1.1 200 OK"
2026-07-14 13:12:36,867 [INFO] HTTP Request: GET https://www.magicbricks.com/propertyDetails/2-BHK-1400-Sq-ft-Residential-House-FOR-Rent-Sainik-Nagar-in-Lucknow&id=4d423835353138323433#cardid-85518243 "HTTP/1.1 200 OK"
2026-07-14 13:12:41,812 [INFO] HTTP Request: GET https://www.magicbricks.com/propertyDetails/2-BHK-1400-Sq-ft-Residential-House-FOR-Rent-Sector-H-Aliganj-in-Lucknow&id=4d423834393732313735#cardid-84972175 "HTTP/1.1 200 OK"
2026-07-14 13:12:46,840 [INFO] HTTP Request: GET https://www.magicbricks.com/propertyDetails/3-BHK-1250-Sq-ft-Residential-House-FOR-Rent-Vrindavan-Colony-in-Lucknow&id=4d423835313333303535#cardid-85133055 "HTTP/1.1 200 OK"
2026-07-14 13:12:50,649 [INFO] HTTP Request: GET https://www.magicbricks.com/propertyDetails/2-BHK-1200-Sq-ft-Multistorey-Apartment-FOR-Rent-Kursi-Road-in-Lucknow&id=4d423635363535313339#cardid-65655139 "HTTP/1.1 200 OK"
2026-07-14 13:12:50,788 [INFO] Detail-page enrichment: 10/80 processed, 10 coordinates and 8 amenity lists found so far
2026-07-14 13:12:56,007 [INFO] HTTP Request: GET https://www.magicbricks.com/prabhat-chauraha-jankipuram-lucknow-pdpid-4d4235343130333935#cardid-85067651 "HTTP/1.1 200 OK"
2026-07-14 13:13:00,378 [INFO] HTTP Request: GET https://www.magicbricks.com/lda-shravan-apartment-hindnagar-colony-lucknow-pdpid-4d4235323939353739#cardid-84804563 "HTTP/1.1 200 OK"
2026-07-14 13:13:05,053 [INFO] HTTP Request: GET https://www.magicbricks.com/propertyDetails/3-BHK-1800-Sq-ft-Residential-House-FOR-Rent-Gomtinagar-Extension-in-Lucknow&id=4d423835303136303639#cardid-85016069 "HTTP/1.1 200 OK"
2026-07-14 13:13:10,735 [INFO] HTTP Request: GET https://www.magicbricks.com/lda-kabir-nagar-devpur-para-multistoried-hans-khera-lucknow-pdpid-4d4235343336373431#cardid-84738897 "HTTP/1.1 200 OK"
2026-07-14 13:13:15,930 [INFO] HTTP Request: GET https://www.magicbricks.com/propertyDetails/2-BHK-1800-Sq-ft-Residential-House-FOR-Rent-Sector-K-Aliganj-in-Lucknow&id=4d423738373330363837#cardid-78730687 "HTTP/1.1 200 OK"
2026-07-14 13:13:20,834 [INFO] HTTP Request: GET https://www.magicbricks.com/propertyDetails/44670-Sq-ft-Commercial-Land-FOR-Rent-Deva-Road-in-Lucknow&id=4d423834343631393935#cardid-84461995 "HTTP/1.1 200 OK"
2026-07-14 13:13:26,942 [INFO] HTTP Request: GET https://www.magicbricks.com/propertyDetails/2-BHK-1400-Sq-ft-Residential-House-FOR-Rent-Nizampur-Malhaur-in-Lucknow&id=4d423831363134363535#cardid-81614655 "HTTP/1.1 200 OK"
2026-07-14 13:13:33,509 [INFO] HTTP Request: GET https://www.magicbricks.com/propertyDetails/1-BHK-100-Sq-ft-Builder-Floor-Apartment-FOR-Rent-Gomti-Nagar-in-Lucknow&id=4d423835323232363733#cardid-85222673 "HTTP/1.1 200 OK"
2026-07-14 13:13:37,880 [INFO] HTTP Request: GET https://www.magicbricks.com/omaxe-hazratganj-residency-gomti-nagar-extension-bypass-road-lucknow-pdpid-4d4235313030323033#cardid-85498019 "HTTP/1.1 200 OK"
2026-07-14 13:13:38,479 [WARNING] Amenities section shows 'View All Amenities (17)' but only 12 were captured from the static HTML — the rest are likely behind a click-to-expand this scraper doesn't drive. Got: ['Club House', 'Power Back Up', 'Swimming Pool', 'Lift', 'Intercom Facility', 'Maintenance Staff', 'Gymnasium', 'AEROBICS ROOM', 'Piped Gas', 'Rain Water Harvesting', 'Internet/Wi-Fi Connectivity', 'Conference Room']
2026-07-14 13:13:44,510 [INFO] HTTP Request: GET https://www.magicbricks.com/propertyDetails/2-BHK-1500-Sq-ft-Residential-House-FOR-Rent-Jankipuram-Extension-in-Lucknow&id=4d423833383639303635#cardid-83869065 "HTTP/1.1 200 OK"
2026-07-14 13:13:44,797 [INFO] Detail-page enrichment: 20/80 processed, 20 coordinates and 13 amenity lists found so far
2026-07-14 13:13:49,867 [INFO] HTTP Request: GET https://www.magicbricks.com/emaar-gomti-greens-gomtinagar-extension-lucknow-pdpid-4d4235303232343436#cardid-85216447 "HTTP/1.1 200 OK"
2026-07-14 13:13:56,353 [INFO] HTTP Request: GET https://www.magicbricks.com/propertyDetails/3-BHK-1650-Sq-ft-Villa-FOR-Rent-BBD-Green-City-in-Lucknow&id=4d423833363333373033#cardid-83633703 "HTTP/1.1 200 OK"
2026-07-14 13:13:59,899 [INFO] HTTP Request: GET https://www.magicbricks.com/propertyDetails/2-BHK-1100-Sq-ft-Residential-House-FOR-Rent-Kursi-Road-in-Lucknow&id=4d423834373031343437#cardid-84701447 "HTTP/1.1 200 OK"
2026-07-14 13:14:05,171 [INFO] HTTP Request: GET https://www.magicbricks.com/propertyDetails/3-BHK-1700-Sq-ft-Multistorey-Apartment-FOR-Rent-New-Hyderabad-in-Lucknow&id=4d423835323130333337#cardid-85210337 "HTTP/1.1 200 OK"
2026-07-14 13:14:11,663 [INFO] HTTP Request: GET https://www.magicbricks.com/propertyDetails/2-BHK-1200-Sq-ft-Residential-House-FOR-Rent-Eldeco-Udyan-II-in-Lucknow&id=4d423834363138393035#cardid-84618905 "HTTP/1.1 200 OK"
2026-07-14 13:14:15,516 [INFO] HTTP Request: GET https://www.magicbricks.com/eldeco-city-breeze-madehgunj-lucknow-pdpid-4d4235303834383531#cardid-85429973 "HTTP/1.1 301 Moved Permanently"
2026-07-14 13:14:16,085 [INFO] HTTP Request: GET https://www.magicbricks.com/eldeco-city-breeze-sitapur-road-lucknow-pdpid-4d4235303834383531#cardid-85429973 "HTTP/1.1 200 OK"
2026-07-14 13:14:20,591 [INFO] HTTP Request: GET https://www.magicbricks.com/ashiyana-sector-m-ashiyana-lucknow-pdpid-4d4235343039313931#cardid-81986065 "HTTP/1.1 200 OK"
2026-07-14 13:14:25,185 [INFO] HTTP Request: GET https://www.magicbricks.com/omaxe-heights-gomti-nagar-lucknow-pdpid-4d4235303836343037#cardid-84926515 "HTTP/1.1 200 OK"
2026-07-14 13:14:31,845 [INFO] HTTP Request: GET https://www.magicbricks.com/propertyDetails/2-BHK-1000-Sq-ft-Residential-House-FOR-Rent-Dubagga-in-Lucknow&id=4d423835333736323835#cardid-85376285 "HTTP/1.1 200 OK"
2026-07-14 13:14:37,463 [INFO] HTTP Request: GET https://www.magicbricks.com/propertyDetails/2-BHK-1200-Sq-ft-Villa-FOR-Rent-Shaheed-Nagar-in-Lucknow&id=4d423834383939363635#cardid-84899665 "HTTP/1.1 200 OK"
2026-07-14 13:14:37,652 [INFO] Detail-page enrichment: 30/80 processed, 30 coordinates and 21 amenity lists found so far
2026-07-14 13:14:40,755 [INFO] HTTP Request: GET https://www.magicbricks.com/mayfair-villas-faizabad-road-lucknow-pdpid-4d4235333137353235#cardid-84983171 "HTTP/1.1 200 OK"
2026-07-14 13:14:41,291 [WARNING] Amenities section shows 'View All Amenities (17)' but only 12 were captured from the static HTML — the rest are likely behind a click-to-expand this scraper doesn't drive. Got: ['Jogging and Strolling Track', 'Power Back Up', 'Security', 'Park', 'Visitor Parking', 'Maintenance Staff', 'Gymnasium', 'Indoor Games Room', 'Water Storage', 'Vaastu Compliant', 'Waste Disposal', 'Conference Room']
2026-07-14 13:14:47,648 [INFO] HTTP Request: GET https://www.magicbricks.com/propertyDetails/1-BHK-997-Sq-ft-Multistorey-Apartment-FOR-Rent-Kabir-Pur-in-Lucknow&id=4d423832303737303635#cardid-82077065 "HTTP/1.1 200 OK"
2026-07-14 13:14:53,017 [INFO] HTTP Request: GET https://www.magicbricks.com/propertyDetails/2-BHK-1600-Sq-ft-Residential-House-FOR-Rent-Gomti-Nagar-in-Lucknow&id=4d423835303138313535#cardid-85018155 "HTTP/1.1 200 OK"
2026-07-14 13:14:57,490 [INFO] HTTP Request: GET https://www.magicbricks.com/propertyDetails/2-BHK-600-Sq-ft-Residential-House-FOR-Rent-Kalyanpur-West-in-Lucknow&id=4d423739393231313535#cardid-79921155 "HTTP/1.1 200 OK"
2026-07-14 13:15:01,950 [INFO] HTTP Request: GET https://www.magicbricks.com/propertyDetails/2-BHK-1500-Sq-ft-Residential-House-FOR-Rent-Jankipuram-in-Lucknow&id=4d423834363334383237#cardid-84634827 "HTTP/1.1 200 OK"
2026-07-14 13:15:05,646 [INFO] HTTP Request: GET https://www.magicbricks.com/propertyDetails/2-BHK-1800-Sq-ft-Villa-FOR-Rent-Deva-Road-in-Lucknow&id=4d423735303338303737#cardid-75038077 "HTTP/1.1 200 OK"
2026-07-14 13:15:10,617 [INFO] HTTP Request: GET https://www.magicbricks.com/shalimar-one-world-vista-amar-shaheed-path-lucknow-pdpid-4d4235323439323235#cardid-81731625 "HTTP/1.1 200 OK"
2026-07-14 13:15:14,540 [INFO] HTTP Request: GET https://www.magicbricks.com/greenberry-signatures-vrindavan-yojana-lucknow-pdpid-4d4235323930323637#cardid-84709837 "HTTP/1.1 200 OK"
2026-07-14 13:15:14,947 [WARNING] Amenities section shows 'View All Amenities (15)' but only 0 were captured from the static HTML — the rest are likely behind a click-to-expand this scraper doesn't drive. Got: []
2026-07-14 13:15:19,317 [INFO] HTTP Request: GET https://www.magicbricks.com/rohtas-presidential-tower-vibhuti-khand-lucknow-pdpid-4d4235323531343239#cardid-85034877 "HTTP/1.1 200 OK"
2026-07-14 13:15:25,639 [INFO] HTTP Request: GET https://www.magicbricks.com/vivek-vihaan-heights-vrindavan-yojana-lucknow-pdpid-4d4235303430343936#cardid-85434635 "HTTP/1.1 200 OK"
2026-07-14 13:15:26,138 [WARNING] Amenities section shows 'View All Amenities (20)' but only 12 were captured from the static HTML — the rest are likely behind a click-to-expand this scraper doesn't drive. Got: ['Club House', 'Power Back Up', 'Swimming Pool', 'Lift', 'Security', 'Park', 'Reserved Parking', 'Visitor Parking', 'Maintenance Staff', 'Bank & ATM', 'Gymnasium', 'DTH Television Facility']
2026-07-14 13:15:26,138 [INFO] Detail-page enrichment: 40/80 processed, 40 coordinates and 27 amenity lists found so far
2026-07-14 13:15:29,981 [INFO] HTTP Request: GET https://www.magicbricks.com/propertyDetails/2-BHK-750-Sq-ft-Residential-House-FOR-Rent-Krishna-Nagar-in-Lucknow&id=4d423835323532323833#cardid-85252283 "HTTP/1.1 200 OK"
2026-07-14 13:15:36,103 [INFO] HTTP Request: GET https://www.magicbricks.com/azeagaia-azea-botanica-vrindavan-yojana-lucknow-pdpid-4d4235303331383635#cardid-85525795 "HTTP/1.1 200 OK"
2026-07-14 13:15:41,451 [INFO] HTTP Request: GET https://www.magicbricks.com/omaxe-waterscape-gomti-nagar-extension-bypass-road-lucknow-pdpid-4d4235303739313939#cardid-85302017 "HTTP/1.1 200 OK"
2026-07-14 13:15:42,176 [WARNING] Amenities section shows 'View All Amenities (37)' but only 12 were captured from the static HTML — the rest are likely behind a click-to-expand this scraper doesn't drive. Got: ['Club House', 'Coffee Lounge & Restaurants', 'Cafeteria/Food Court', 'Bar/Lounge', 'Jogging and Strolling Track', 'Outdoor Tennis Courts', 'Private Terrace/Garden', 'Power Back Up', 'Swimming Pool', 'Lift', 'Security', 'Park']
2026-07-14 13:15:47,749 [INFO] HTTP Request: GET https://www.magicbricks.com/propertyDetails/2-BHK-2600-Sq-ft-Residential-House-FOR-Rent-Rashmi-Khand-in-Lucknow&id=4d423832383838333333#cardid-82888333 "HTTP/1.1 200 OK"
2026-07-14 13:15:53,181 [INFO] HTTP Request: GET https://www.magicbricks.com/sapphire-infraventures-royale-sultanpur-road-lucknow-pdpid-4d4235313232363137#cardid-85367481 "HTTP/1.1 200 OK"
2026-07-14 13:15:53,871 [WARNING] Amenities section shows 'View All Amenities (16)' but only 0 were captured from the static HTML — the rest are likely behind a click-to-expand this scraper doesn't drive. Got: []
2026-07-14 13:15:59,021 [INFO] HTTP Request: GET https://www.magicbricks.com/eiffel-vivassa-estate-gomti-nagar-extension-bypass-road-lucknow-pdpid-4d4235313236333433#cardid-85346459 "HTTP/1.1 301 Moved Permanently"
2026-07-14 13:16:00,095 [INFO] HTTP Request: GET https://www.magicbricks.com/eiffel-vivassa-estate-sultanpur-road-lucknow-pdpid-4d4235313236333433#cardid-85346459 "HTTP/1.1 200 OK"
2026-07-14 13:16:01,403 [WARNING] Amenities section shows 'View All Amenities (16)' but only 0 were captured from the static HTML — the rest are likely behind a click-to-expand this scraper doesn't drive. Got: []
2026-07-14 13:16:06,590 [INFO] HTTP Request: GET https://www.magicbricks.com/propertyDetails/2-BHK-1250-Sq-ft-Residential-House-FOR-Rent-Vikalp-Khand-in-Lucknow&id=4d423830313136323035#cardid-80116205 "HTTP/1.1 200 OK"
2026-07-14 13:16:11,499 [INFO] HTTP Request: GET https://www.magicbricks.com/sunbreeze-i-faizabad-road-lucknow-pdpid-4d4235313135373639#cardid-85299141 "HTTP/1.1 200 OK"
2026-07-14 13:16:12,138 [WARNING] Amenities section shows 'View All Amenities (23)' but only 12 were captured from the static HTML — the rest are likely behind a click-to-expand this scraper doesn't drive. Got: ['Club House', 'Jogging and Strolling Track', 'Swimming Pool', 'Lift', 'Security', 'Park', 'Reserved Parking', 'Service/Goods Lift', 'Visitor Parking', 'Intercom Facility', 'Maintenance Staff', 'Banquet Hall']
2026-07-14 13:16:15,404 [INFO] HTTP Request: GET https://www.magicbricks.com/propertyDetails/1-BHK-1250-Sq-ft-Residential-House-FOR-Rent-Vibhav-Khand-4-in-Lucknow&id=4d423834373032383539#cardid-84702859 "HTTP/1.1 200 OK"
2026-07-14 13:16:21,554 [INFO] HTTP Request: GET https://www.magicbricks.com/baba-kailasha-enclave-sultanpur-road-lucknow-pdpid-4d4235333135343139#cardid-84399151 "HTTP/1.1 200 OK"
2026-07-14 13:16:22,161 [WARNING] Amenities section shows 'View All Amenities (13)' but only 12 were captured from the static HTML — the rest are likely behind a click-to-expand this scraper doesn't drive. Got: ['Club House', 'Swimming Pool', 'Security', 'Park', 'Reserved Parking', 'Gymnasium', 'Rain Water Harvesting', 'Water Storage', 'Vaastu Compliant', 'Waste Disposal', 'CCTV Camera', 'Entry Exit Gate']
2026-07-14 13:16:22,162 [INFO] Detail-page enrichment: 50/80 processed, 50 coordinates and 35 amenity lists found so far
2026-07-14 13:16:26,648 [INFO] HTTP Request: GET https://www.magicbricks.com/propertyDetails/3-BHK-1800-Sq-ft-Residential-House-FOR-Rent-Harihar-Nagar-in-Lucknow&id=4d423835303535313239#cardid-85055129 "HTTP/1.1 200 OK"
2026-07-14 13:16:32,573 [INFO] HTTP Request: GET https://www.magicbricks.com/propertyDetails/1-BHK-675-Sq-ft-Residential-House-FOR-Rent-Vikas-Nagar-in-Lucknow&id=4d423530323331343438#cardid-50231448 "HTTP/1.1 200 OK"
2026-07-14 13:16:37,990 [INFO] HTTP Request: GET https://www.magicbricks.com/omaxe-city-raibareli-road-lucknow-pdpid-4d4235313133303037#cardid-84996991 "HTTP/1.1 200 OK"
2026-07-14 13:16:44,249 [INFO] HTTP Request: GET https://www.magicbricks.com/propertyDetails/2-BHK-1700-Sq-ft-Multistorey-Apartment-FOR-Rent-Hazratganj-in-Lucknow&id=4d423834383936373831#cardid-84896781 "HTTP/1.1 200 OK"
2026-07-14 13:16:50,608 [INFO] HTTP Request: GET https://www.magicbricks.com/shalimar-oneworld-vista-gomti-nagar-lucknow-pdpid-4d4235323737323735#cardid-85020953 "HTTP/1.1 200 OK"
2026-07-14 13:16:51,220 [WARNING] Amenities section shows 'View All Amenities (32)' but only 12 were captured from the static HTML — the rest are likely behind a click-to-expand this scraper doesn't drive. Got: ['Club House', 'Cafeteria/Food Court', 'Bar/Lounge', 'Jogging and Strolling Track', 'Outdoor Tennis Courts', 'Private Terrace/Garden', 'Power Back Up', 'Swimming Pool', 'Lift', 'Security', 'Park', 'Reserved Parking']
2026-07-14 13:16:57,135 [INFO] HTTP Request: GET https://www.magicbricks.com/omega-windsor-greens-faizabad-road-lucknow-pdpid-4d4235313231353439#cardid-84473461 "HTTP/1.1 200 OK"
2026-07-14 13:16:57,849 [WARNING] Amenities section shows 'View All Amenities (50)' but only 12 were captured from the static HTML — the rest are likely behind a click-to-expand this scraper doesn't drive. Got: ['Club House', 'Coffee Lounge & Restaurants', 'Cafeteria/Food Court', 'Bar/Lounge', 'Cycling & Jogging Track', 'Power Back Up', 'Lift', 'Security', 'Park', 'Reserved Parking', 'Visitor Parking', 'Intercom Facility']
2026-07-14 13:17:02,463 [INFO] HTTP Request: GET https://www.magicbricks.com/propertyDetails/3-BHK-1500-Sq-ft-Residential-House-FOR-Rent-Alamnagar-in-Lucknow&id=4d423835323639353935#cardid-85269595 "HTTP/1.1 200 OK"
2026-07-14 13:17:09,318 [INFO] HTTP Request: GET https://www.magicbricks.com/shalimar-mannat-faizabad-road-lucknow-pdpid-4d4235303832333938#cardid-83757817 "HTTP/1.1 200 OK"
2026-07-14 13:17:10,726 [WARNING] Amenities section shows 'View All Amenities (23)' but only 12 were captured from the static HTML — the rest are likely behind a click-to-expand this scraper doesn't drive. Got: ['Club House', 'Coffee Lounge & Restaurants', 'Cafeteria/Food Court', 'Jogging and Strolling Track', 'Power Back Up', 'Swimming Pool', 'Lift', 'Security', 'Park', 'Reserved Parking', 'Intercom Facility', 'Maintenance Staff']
2026-07-14 13:17:15,026 [INFO] HTTP Request: GET https://www.magicbricks.com/propertyDetails/3-BHK-1800-Sq-ft-Villa-FOR-Rent-Mayur-Vihar-in-Lucknow&id=4d423835303535383439#cardid-85055849 "HTTP/1.1 200 OK"
2026-07-14 13:17:21,954 [INFO] HTTP Request: GET https://www.magicbricks.com/propertyDetails/2-BHK-1276-Sq-ft-Villa-FOR-Rent-Chhata-Meel-in-Lucknow&id=4d423834383033313831#cardid-84803181 "HTTP/1.1 200 OK"
2026-07-14 13:17:22,102 [INFO] Detail-page enrichment: 60/80 processed, 60 coordinates and 44 amenity lists found so far
2026-07-14 13:17:26,513 [INFO] HTTP Request: GET https://www.magicbricks.com/propertyDetails/2-BHK-2300-Sq-ft-Residential-House-FOR-Rent-in-Lucknow&id=4d423834383036333235#cardid-84806325 "HTTP/1.1 200 OK"
2026-07-14 13:17:30,541 [INFO] HTTP Request: GET https://www.magicbricks.com/propertyDetails/3-BHK-1100-Sq-ft-Residential-House-FOR-Rent-Kamta-in-Lucknow&id=4d423835333439323537#cardid-85349257 "HTTP/1.1 200 OK"
2026-07-14 13:17:34,015 [INFO] HTTP Request: GET https://www.magicbricks.com/propertyDetails/3-BHK-1200-Sq-ft-Residential-House-FOR-Rent-Sector-2-Vikas-Nagar-in-Lucknow&id=4d423834393937333335#cardid-84997335 "HTTP/1.1 200 OK"
2026-07-14 13:17:40,010 [INFO] HTTP Request: GET https://www.magicbricks.com/propertyDetails/3-BHK-2000-Sq-ft-Residential-House-FOR-Rent-Sector-10-Vrindavan-Colony-in-Lucknow&id=4d423737333335303537#cardid-77335057 "HTTP/1.1 200 OK"
2026-07-14 13:17:45,929 [INFO] HTTP Request: GET https://www.magicbricks.com/propertyDetails/1-BHK-1072-Sq-ft-Residential-House-FOR-Rent-Vivek-Khand-2-in-Lucknow&id=4d423834343435323833#cardid-84445283 "HTTP/1.1 200 OK"
2026-07-14 13:17:50,853 [INFO] HTTP Request: GET https://www.magicbricks.com/propertyDetails/3-BHK-1500-Sq-ft-Multistorey-Apartment-FOR-Rent-Rajendranagar-in-Lucknow&id=4d423834343833393535#cardid-84483955 "HTTP/1.1 200 OK"
2026-07-14 13:17:57,114 [INFO] HTTP Request: GET https://www.magicbricks.com/propertyDetails/5-BHK-4000-Sq-ft-Villa-FOR-Rent-Manak-Nagar-in-Lucknow&id=4d423833393238373639#cardid-83928769 "HTTP/1.1 200 OK"
2026-07-14 13:18:01,127 [INFO] HTTP Request: GET https://www.magicbricks.com/propertyDetails/2-BHK-1500-Sq-ft-Residential-House-FOR-Rent-Ahmamau-in-Lucknow&id=4d423830353936323439#cardid-80596249 "HTTP/1.1 200 OK"
2026-07-14 13:18:05,222 [INFO] HTTP Request: GET https://www.magicbricks.com/emaar-gomti-greens-sultanpur-road-lucknow-pdpid-4d4235303232343436#cardid-81105999 "HTTP/1.1 301 Moved Permanently"
2026-07-14 13:18:05,308 [INFO] HTTP Request: GET https://www.magicbricks.com/emaar-gomti-greens-gomtinagar-extension-lucknow-pdpid-4d4235303232343436#cardid-81105999 "HTTP/1.1 200 OK"
2026-07-14 13:18:14,129 [INFO] HTTP Request: GET https://www.magicbricks.com/propertyDetails/320-Sq-ft-Commercial-Land-FOR-Rent-Kapoorthla-in-Lucknow&id=4d423834333035363535#cardid-84305655 "HTTP/1.1 200 OK"
2026-07-14 13:18:14,247 [INFO] Detail-page enrichment: 70/80 processed, 69 coordinates and 53 amenity lists found so far
2026-07-14 13:18:20,598 [INFO] HTTP Request: GET https://www.magicbricks.com/radium-apartment-hasanganj-lucknow-pdpid-4d4235323437353433#cardid-84650557 "HTTP/1.1 200 OK"
2026-07-14 13:18:24,609 [INFO] HTTP Request: GET https://www.magicbricks.com/mi-rustle-court-gomtinagar-extension-lucknow-pdpid-4d4235323737303039#cardid-84295651 "HTTP/1.1 301 Moved Permanently"
2026-07-14 13:18:25,503 [INFO] HTTP Request: GET https://www.magicbricks.com/mi-rustle-court-amar-shaheed-path-lucknow-pdpid-4d4235323737303039#cardid-84295651 "HTTP/1.1 200 OK"
2026-07-14 13:18:30,435 [INFO] HTTP Request: GET https://www.magicbricks.com/propertyDetails/2-BHK-2400-Sq-ft-Residential-House-FOR-Rent-Vijay-Khand-in-Lucknow&id=4d423636393234333437#cardid-66924347 "HTTP/1.1 200 OK"
2026-07-14 13:18:36,562 [INFO] HTTP Request: GET https://www.magicbricks.com/propertyDetails/3-BHK-2500-Sq-ft-Residential-House-FOR-Rent-in-Lucknow&id=4d423438363238353733#cardid-48628573 "HTTP/1.1 200 OK"
2026-07-14 13:18:41,869 [INFO] HTTP Request: GET https://www.magicbricks.com/mayfair-villas-faizabad-road-lucknow-pdpid-4d4235333137353235#cardid-84827683 "HTTP/1.1 200 OK"
2026-07-14 13:18:42,376 [WARNING] Amenities section shows 'View All Amenities (17)' but only 12 were captured from the static HTML — the rest are likely behind a click-to-expand this scraper doesn't drive. Got: ['Jogging and Strolling Track', 'Power Back Up', 'Security', 'Park', 'Visitor Parking', 'Maintenance Staff', 'Gymnasium', 'Indoor Games Room', 'Water Storage', 'Vaastu Compliant', 'Waste Disposal', 'Conference Room']
2026-07-14 13:18:48,103 [INFO] HTTP Request: GET https://www.magicbricks.com/propertyDetails/2800-Sq-ft-Commercial-Land-FOR-Rent-Kanchana-Bihari-Marg-in-Lucknow&id=4d423834373637333035#cardid-84767305 "HTTP/1.1 200 OK"
2026-07-14 13:18:52,556 [INFO] HTTP Request: GET https://www.magicbricks.com/pardos-okas-residency-sultanpur-road-lucknow-pdpid-4d4235313839303838#cardid-85080517 "HTTP/1.1 301 Moved Permanently"
2026-07-14 13:18:55,369 [INFO] HTTP Request: GET https://www.magicbricks.com/pardos-okas-residency-sushant-golf-city-lucknow-pdpid-4d4235313839303838#cardid-85080517 "HTTP/1.1 200 OK"
2026-07-14 13:18:55,992 [WARNING] Amenities section shows 'View All Amenities (43)' but only 12 were captured from the static HTML — the rest are likely behind a click-to-expand this scraper doesn't drive. Got: ['Club House', 'Cafeteria/Food Court', 'Jogging and Strolling Track', 'Cycling & Jogging Track', 'Private Terrace/Garden', 'Power Back Up', 'Swimming Pool', 'Lift', 'Security', 'Park', 'Reserved Parking', 'Service/Goods Lift']
2026-07-14 13:19:00,947 [INFO] HTTP Request: GET https://www.magicbricks.com/propertyDetails/8-BHK-2152-Sq-ft-Residential-House-FOR-Rent-Vastu-Khand-in-Lucknow&id=4d423834303937313831#cardid-84097181 "HTTP/1.1 200 OK"
2026-07-14 13:19:07,250 [INFO] HTTP Request: GET https://www.magicbricks.com/goel-heights-faizabad-road-lucknow-pdpid-4d4235303231373235#cardid-37481971 "HTTP/1.1 200 OK"
2026-07-14 13:19:07,859 [WARNING] Amenities section shows 'View All Amenities (23)' but only 12 were captured from the static HTML — the rest are likely behind a click-to-expand this scraper doesn't drive. Got: ['Club House', 'Cafeteria/Food Court', 'Outdoor Tennis Courts', 'Cycling & Jogging Track', 'Power Back Up', 'Swimming Pool', 'Lift', 'Security', 'Park', 'Reserved Parking', 'Visitor Parking', 'Intercom Facility']
2026-07-14 13:19:14,440 [INFO] HTTP Request: GET https://www.magicbricks.com/propertyDetails/2-BHK-2100-Sq-ft-Builder-Floor-Apartment-FOR-Rent-Sector-D1-LDA-Colony-in-Lucknow&id=4d423834373531393539#cardid-84751959 "HTTP/1.1 200 OK"
2026-07-14 13:19:14,641 [INFO] Detail-page enrichment: 80/80 processed, 78 coordinates and 60 amenity lists found so far
2026-07-14 13:19:14,641 [INFO] Detail-page enrichment complete: 78/80 listings got real coordinates, 60/80 got an amenities list
2026-07-14 13:19:14,642 [INFO] Scraped 80 total listings
2026-07-14 13:19:14,650 [INFO] Wrote 80 listings to scraped_listings.jsonl
2026-07-14 15:36:04,306 [INFO] No city name in config — reverse-geocoding (30.7391, 76.7828)...
2026-07-14 15:36:04,705 [INFO] Resolved city: Chandigarh, state: Chandigarh
2026-07-14 15:36:04,706 [INFO] Saved resolved values back to C:\Users\riddh\OneDrive\Desktop\skymark-grid-project\config.json
2026-07-14 15:36:04,710 [INFO] Starting MagicBricks scrape run
2026-07-14 15:36:05,338 [INFO] Bootstrapping session via Playwright: https://www.magicbricks.com/property-for-rent/residential-real-estate?cityName=Chandigarh&page=1
2026-07-14 15:36:10,121 [INFO] Skipping likely-commercial listing:   Office Space for Rent in Rajiv Gandhi IT Park, Manimajra Chandigarh
2026-07-14 15:36:10,133 [INFO] Skipping likely-commercial listing:   Showroom for Rent in Sector 17 Chandigarh
2026-07-14 15:36:10,163 [INFO] Skipping likely-commercial listing:   Showroom for Rent in Sector 9 Chandigarh
2026-07-14 15:36:10,167 [INFO] Skipping likely-commercial listing:  Warehouse/ Godown for Rent in Zirakpur Chandigarh
2026-07-14 15:36:10,174 [INFO] Skipping likely-commercial listing:   Office Space for Rent in Elante Mall, Phase I Industrial Area Chandigarh
2026-07-14 15:36:10,183 [INFO] Skipping likely-commercial listing:   Office Space for Rent in Sector 17 Chandigarh
2026-07-14 15:36:10,185 [INFO] Skipping likely-commercial listing:   Office Space for Rent in Sector 45 Chandigarh
2026-07-14 15:36:10,187 [INFO] Skipping likely-commercial listing:  Warehouse/ Godown for Rent in Sector 38 West Chandigarh
2026-07-14 15:36:10,196 [INFO] Skipping likely-commercial listing:  Warehouse/ Godown for Rent in Daria Chandigarh
2026-07-14 15:36:10,199 [INFO] Skipping likely-commercial listing:   Office Space for Rent in Elante Mall, Phase I Industrial Area Chandigarh
2026-07-14 15:36:10,199 [INFO] Page 1: 20 listings parsed so far
2026-07-14 15:36:15,415 [INFO] HTTP Request: GET https://www.magicbricks.com/property-for-rent/residential-real-estate?cityName=Chandigarh&page=2 "HTTP/1.1 200 OK"
2026-07-14 15:36:15,600 [INFO] Skipping likely-commercial listing:   Office Space for Rent in Uptown Insignia, Zirakpur Chandigarh
2026-07-14 15:36:15,606 [INFO] Skipping likely-commercial listing:   Office Space for Rent in Sector 9 Chandigarh
2026-07-14 15:36:15,613 [INFO] Skipping likely-commercial listing:   Office Space for Rent in Sector 38C Chandigarh
2026-07-14 15:36:15,615 [INFO] Skipping likely-commercial listing:   Office Space for Rent in Phase 1 Industrial Area Chandigarh
2026-07-14 15:36:15,630 [INFO] Skipping likely-commercial listing:  Warehouse/ Godown for Rent in Sector 43B Chandigarh
2026-07-14 15:36:15,643 [INFO] Skipping likely-commercial listing:  Industrial Building for Rent in Phase 1 Industrial Area Chandigarh
2026-07-14 15:36:15,646 [INFO] Skipping likely-commercial listing:   Showroom for Rent in Sector 17 Chandigarh
2026-07-14 15:36:15,666 [INFO] Skipping likely-commercial listing:   Showroom for Rent in Silver City Extention, Zirakpur Chandigarh
2026-07-14 15:36:15,678 [INFO] Page 2: +22 listings (running total: 42)
2026-07-14 15:36:20,245 [INFO] HTTP Request: GET https://www.magicbricks.com/property-for-rent/residential-real-estate?cityName=Chandigarh&page=3 "HTTP/1.1 200 OK"
2026-07-14 15:36:20,434 [INFO] Skipping likely-commercial listing:   Office Space for Rent in Madhya Marg Chandigarh
2026-07-14 15:36:20,437 [INFO] Skipping likely-commercial listing:  Warehouse/ Godown for Rent in Daria Chandigarh
2026-07-14 15:36:20,455 [INFO] Skipping likely-commercial listing:   Office Space for Rent in Phase I Industrial Area Chandigarh
2026-07-14 15:36:20,462 [INFO] Skipping likely-commercial listing:   Office Space for Rent in Paradigm Hermitage Plaza, Zirakpur Chandigarh
2026-07-14 15:36:20,479 [INFO] Page 3: +26 listings (running total: 68)
2026-07-14 15:36:25,434 [INFO] HTTP Request: GET https://www.magicbricks.com/property-for-rent/residential-real-estate?cityName=Chandigarh&page=4 "HTTP/1.1 200 OK"
2026-07-14 15:36:25,634 [INFO] Skipping likely-commercial listing:   Office Space for Rent in Sector-34 Chandigarh
2026-07-14 15:36:25,641 [INFO] Skipping likely-commercial listing:   Shop for Rent in Bay Shop No.41, Yec-22 C, CHD Chandigarh
2026-07-14 15:36:25,646 [INFO] Skipping likely-commercial listing:   Office Space for Rent in Sector-22 Chandigarh
2026-07-14 15:36:25,649 [INFO] Skipping likely-commercial listing:   Shop for Rent in Sector 13 Chandigarh
2026-07-14 15:36:25,664 [INFO] Skipping likely-commercial listing:   Showroom for Rent in Sector 47D Chandigarh
2026-07-14 15:36:25,670 [WARNING] Rejecting implausible monthly_rent=1150000.0 for cardid=85022067 (source text: 1150000) — outside the 1,000-1,000,000 sanity range.
2026-07-14 15:36:25,670 [INFO] Skipping likely-commercial listing:   Office Space for Rent in Sector 9 Chandigarh
2026-07-14 15:36:25,673 [INFO] Skipping likely-commercial listing:   Showroom for Rent in Sector 17 Chandigarh
2026-07-14 15:36:25,675 [INFO] Skipping likely-commercial listing:   Shop for Rent in Sector 17 Chandigarh
2026-07-14 15:36:25,676 [INFO] Page 4: +22 listings (running total: 90)
2026-07-14 15:36:31,520 [INFO] HTTP Request: GET https://www.magicbricks.com/property-for-rent/residential-real-estate?cityName=Chandigarh&page=5 "HTTP/1.1 200 OK"
2026-07-14 15:36:31,688 [INFO] Skipping likely-commercial listing:   Office Space for Rent in Zirakpur Chandigarh
2026-07-14 15:36:31,691 [INFO] Skipping likely-commercial listing:   Shop for Rent in Nayagaon Chandigarh
2026-07-14 15:36:31,695 [INFO] Skipping likely-commercial listing:   Showroom for Rent in Sector-35 Chandigarh
2026-07-14 15:36:31,697 [INFO] Skipping likely-commercial listing:   Office Space for Rent in Sector 35C Chandigarh
2026-07-14 15:36:31,716 [INFO] Skipping likely-commercial listing:  Industrial Shed for Rent in Phase 1 Industrial Area Chandigarh
2026-07-14 15:36:31,718 [WARNING] Rejecting implausible monthly_rent=2100218000.0 for cardid=73250955 (source text: 2100218000) — outside the 1,000-1,000,000 sanity range.
2026-07-14 15:36:31,719 [INFO] Skipping likely-commercial listing:   Office Space for Rent in Zirakpur Chandigarh
2026-07-14 15:36:31,724 [INFO] Skipping likely-commercial listing:   Showroom for Rent in Zirakpur Chandigarh
2026-07-14 15:36:31,741 [INFO] Skipping likely-commercial listing:   Shop for Rent in Sector-11 Chandigarh
2026-07-14 15:36:31,744 [INFO] Skipping likely-commercial listing:   Showroom for Rent in Manimajra Chandigarh
2026-07-14 15:36:31,747 [WARNING] Rejecting implausible monthly_rent=1290000.0 for cardid=83913263 (source text: 1290000) — outside the 1,000-1,000,000 sanity range.
2026-07-14 15:36:31,747 [INFO] Skipping likely-commercial listing:   Shop for Rent in Sector-11 Chandigarh
2026-07-14 15:36:31,747 [INFO] Page 5: +20 listings (running total: 110)
2026-07-14 15:36:35,381 [INFO] HTTP Request: GET https://www.magicbricks.com/property-for-rent/residential-real-estate?cityName=Chandigarh&page=6 "HTTP/1.1 200 OK"
2026-07-14 15:36:35,555 [INFO] Skipping likely-commercial listing:   Office Space for Rent in Sector 16 Chandigarh
2026-07-14 15:36:35,562 [INFO] Skipping likely-commercial listing:   Office Space for Rent in Sector 13 Chandigarh
2026-07-14 15:36:35,565 [INFO] Skipping likely-commercial listing:   Office Space for Rent in Sector 20 Chandigarh
2026-07-14 15:36:35,588 [INFO] Skipping likely-commercial listing:   Shop for Rent in Manimajra Chandigarh
2026-07-14 15:36:35,600 [INFO] Skipping likely-commercial listing:   Office Space for Rent in Sector 32D Chandigarh
2026-07-14 15:36:35,614 [INFO] Skipping likely-commercial listing:   Showroom for Rent in Sector-37 Chandigarh
2026-07-14 15:36:35,617 [INFO] Skipping likely-commercial listing:   Office Space for Rent in Sector 54 Chandigarh
2026-07-14 15:36:35,619 [INFO] Skipping likely-commercial listing:   Showroom for Rent in Tribune Chowk Chandigarh
2026-07-14 15:36:35,627 [INFO] Page 6: +22 listings (running total: 132)
2026-07-14 15:36:35,627 [INFO] Starting detail-page enrichment (coordinates + amenities) for 132 listings...
2026-07-14 15:36:40,825 [INFO] HTTP Request: GET https://www.magicbricks.com/green-lotus-utsav-zirakpur-chandigarh-pdpid-4d4235323530373439#cardid-84443725 "HTTP/1.1 200 OK"
2026-07-14 15:36:44,721 [INFO] HTTP Request: GET https://www.magicbricks.com/propertyDetails/5-BHK-5500-Sq-ft-Residential-House-FOR-Rent-Sector-9-in-Chandigarh&id=4d423833353037373631#cardid-83507761 "HTTP/1.1 200 OK"
2026-07-14 15:36:48,774 [INFO] HTTP Request: GET https://www.magicbricks.com/propertyDetails/4-BHK-1500-Sq-ft-Multistorey-Apartment-FOR-Rent-Sector-49-in-Chandigarh&id=4d423834393335383431#cardid-84935841 "HTTP/1.1 200 OK"
2026-07-14 15:36:52,980 [INFO] HTTP Request: GET https://www.magicbricks.com/green-lotus-utsav-zirakpur-chandigarh-pdpid-4d4235323530373439#cardid-85430081 "HTTP/1.1 200 OK"
2026-07-14 15:36:58,945 [INFO] HTTP Request: GET https://www.magicbricks.com/propertyDetails/2-BHK-750-Sq-ft-Multistorey-Apartment-FOR-Rent-Sector-56-in-Chandigarh&id=4d423834363532353131#cardid-84652511 "HTTP/1.1 200 OK"
2026-07-14 15:37:02,830 [INFO] HTTP Request: GET https://www.magicbricks.com/progressive-society-sector-50-chandigarh-pdpid-4d4235323532303039#cardid-85198331 "HTTP/1.1 200 OK"
2026-07-14 15:37:07,850 [INFO] HTTP Request: GET https://www.magicbricks.com/propertyDetails/2-BHK-1800-Sq-ft-Builder-Floor-Apartment-FOR-Rent-Sector-42-in-Chandigarh&id=4d423832393537363333#cardid-82957633 "HTTP/1.1 200 OK"
2026-07-14 15:37:13,091 [INFO] HTTP Request: GET https://www.magicbricks.com/propertyDetails/3-BHK-14-Marla-Residential-House-FOR-Rent-Sector-34-in-Chandigarh&id=4d423833363235343933#cardid-83625493 "HTTP/1.1 200 OK"
2026-07-14 15:37:20,449 [INFO] HTTP Request: GET https://www.magicbricks.com/propertyDetails/2-BHK-1250-Sq-ft-Multistorey-Apartment-FOR-Rent-Sector-63-in-Chandigarh&id=4d423835343034373935#cardid-85404795 "HTTP/1.1 200 OK"
2026-07-14 15:37:25,569 [INFO] HTTP Request: GET https://www.magicbricks.com/sushma-chandigarh-grande-zirakpur-chandigarh-pdpid-4d4235303137343736#cardid-65676925 "HTTP/1.1 200 OK"
2026-07-14 15:37:25,929 [WARNING] Amenities section shows 'View All Amenities (15)' but only 12 were captured from the static HTML — the rest are likely behind a click-to-expand this scraper doesn't drive. Got: ['Club House', 'Private Terrace/Garden', 'Power Back Up', 'Swimming Pool', 'Lift', 'Security', 'Park', 'Reserved Parking', 'Service/Goods Lift', 'Visitor Parking', 'Intercom Facility', 'Gymnasium']
2026-07-14 15:37:25,930 [INFO] Detail-page enrichment: 10/132 processed, 10 coordinates and 9 amenity lists found so far
2026-07-14 15:37:33,213 [INFO] HTTP Request: GET https://www.magicbricks.com/maxxus-elanza-zirakpur-chandigarh-pdpid-4d4235313930353735#cardid-85468101 "HTTP/1.1 200 OK"
2026-07-14 15:37:33,593 [WARNING] Amenities section shows 'View All Amenities (20)' but only 12 were captured from the static HTML — the rest are likely behind a click-to-expand this scraper doesn't drive. Got: ['Club House', 'Cafeteria/Food Court', 'Jogging and Strolling Track', 'Power Back Up', 'Swimming Pool', 'Lift', 'Security', 'Park', 'Reserved Parking', 'Intercom Facility', 'Banquet Hall', 'Gymnasium']
2026-07-14 15:37:39,334 [INFO] HTTP Request: GET https://www.magicbricks.com/palm-court-zirakpur-chandigarh-pdpid-4d4235313030373137#cardid-85335879 "HTTP/1.1 200 OK"
2026-07-14 15:37:45,237 [INFO] HTTP Request: GET https://www.magicbricks.com/apr-highland-park-zirakpur-zirakpur-chandigarh-pdpid-4d4235303937343531#cardid-84038935 "HTTP/1.1 200 OK"
2026-07-14 15:37:45,736 [WARNING] Amenities section shows 'View All Amenities (11)' but only 0 were captured from the static HTML — the rest are likely behind a click-to-expand this scraper doesn't drive. Got: []
2026-07-14 15:37:49,623 [INFO] HTTP Request: GET https://www.magicbricks.com/propertyDetails/2-BHK-1250-Sq-ft-Multistorey-Apartment-FOR-Rent-Sector-49-in-Chandigarh&id=4d423835303439363137#cardid-85049617 "HTTP/1.1 200 OK"
2026-07-14 15:37:55,588 [INFO] HTTP Request: GET https://www.magicbricks.com/propertyDetails/2-BHK-1015-Sq-ft-Builder-Floor-Apartment-FOR-Rent-Sector-28D-in-Chandigarh&id=4d423835343031353733#cardid-85401573 "HTTP/1.1 200 OK"
2026-07-14 15:37:59,988 [INFO] HTTP Request: GET https://www.magicbricks.com/monarch-apartments-zirakpur-chandigarh-pdpid-4d4235313035313937#cardid-85536337 "HTTP/1.1 200 OK"
2026-07-14 15:38:08,320 [INFO] HTTP Request: GET https://www.magicbricks.com/propertyDetails/4-BHK-2020-Sq-ft-Multistorey-Apartment-FOR-Rent-in-Chandigarh&id=4d423832393938383539#cardid-82998859 "HTTP/1.1 200 OK"
2026-07-14 15:38:13,489 [INFO] HTTP Request: GET https://www.magicbricks.com/motiaz-royal-citi-zirakpur-chandigarh-pdpid-4d4235303833313839#cardid-85263963 "HTTP/1.1 200 OK"
2026-07-14 15:38:13,821 [WARNING] Amenities section shows 'View All Amenities (15)' but only 12 were captured from the static HTML — the rest are likely behind a click-to-expand this scraper doesn't drive. Got: ['Club House', 'Cycling & Jogging Track', 'Power Back Up', 'Swimming Pool', 'Lift', 'Security', 'Park', 'Reserved Parking', 'Intercom Facility', 'Gymnasium', 'Piped Gas', 'Rain Water Harvesting']
2026-07-14 15:38:17,177 [INFO] HTTP Request: GET https://www.magicbricks.com/propertyDetails/5-BHK-21780-Sq-ft-Residential-House-FOR-Rent-Sector-10-in-Chandigarh&id=4d423833393131393239#cardid-83911929 "HTTP/1.1 200 OK"
2026-07-14 15:38:21,489 [INFO] HTTP Request: GET https://www.magicbricks.com/pushpac-complex-sector-49-chandigarh-pdpid-4d4235333130393435#cardid-84832661 "HTTP/1.1 200 OK"
2026-07-14 15:38:21,766 [INFO] Detail-page enrichment: 20/132 processed, 19 coordinates and 13 amenity lists found so far
2026-07-14 15:38:25,270 [INFO] HTTP Request: GET https://www.magicbricks.com/propertyDetails/3-BHK-1800-Sq-ft-Builder-Floor-Apartment-FOR-Rent-Sector-15-in-Chandigarh&id=4d423835353134313037#cardid-85514107 "HTTP/1.1 200 OK"
2026-07-14 15:38:29,369 [INFO] HTTP Request: GET https://www.magicbricks.com/green-lotus-utsav-zirakpur-chandigarh-pdpid-4d4235323530373439#cardid-84456757 "HTTP/1.1 200 OK"
2026-07-14 15:38:36,594 [INFO] HTTP Request: GET https://www.magicbricks.com/omaxe-the-lake-sector-17-chandigarh-pdpid-4d4235303836343436#cardid-85476295 "HTTP/1.1 301 Moved Permanently"
2026-07-14 15:38:37,731 [INFO] HTTP Request: GET https://www.magicbricks.com/omaxe-the-lake-madhya-marg-chandigarh-pdpid-4d4235303836343436#cardid-85476295 "HTTP/1.1 200 OK"
2026-07-14 15:38:38,281 [WARNING] Amenities section shows 'View All Amenities (16)' but only 0 were captured from the static HTML — the rest are likely behind a click-to-expand this scraper doesn't drive. Got: []
2026-07-14 15:38:42,380 [INFO] HTTP Request: GET https://www.magicbricks.com/green-lotus-utsav-zirakpur-chandigarh-pdpid-4d4235323530373439#cardid-84080763 "HTTP/1.1 200 OK"
2026-07-14 15:38:46,796 [INFO] HTTP Request: GET https://www.magicbricks.com/propertyDetails/3-BHK-2100-Sq-ft-Multistorey-Apartment-FOR-Rent-in-Chandigarh&id=4d423834333832313233#cardid-84382123 "HTTP/1.1 200 OK"
2026-07-14 15:38:51,817 [INFO] HTTP Request: GET https://www.magicbricks.com/av-ananta-lifestyle-zirakpur-chandigarh-pdpid-4d4235313234323137#cardid-83703359 "HTTP/1.1 200 OK"
2026-07-14 15:38:57,081 [INFO] HTTP Request: GET https://www.magicbricks.com/propertyDetails/4-BHK-2-Kanal-Builder-Floor-Apartment-FOR-Rent-Sector-21-in-Chandigarh&id=4d423833353933373939#cardid-83593799 "HTTP/1.1 200 OK"
2026-07-14 15:39:02,962 [INFO] HTTP Request: GET https://www.magicbricks.com/propertyDetails/4-BHK-3580-Sq-ft-Residential-House-FOR-Rent-Sector-44-in-Chandigarh&id=4d423835343735303233#cardid-85475023 "HTTP/1.1 200 OK"
2026-07-14 15:39:07,672 [INFO] HTTP Request: GET https://www.magicbricks.com/sushma-grande-zirakpur-chandigarh-pdpid-4d4235303336373530#cardid-85496927 "HTTP/1.1 200 OK"
2026-07-14 15:39:08,279 [WARNING] Amenities section shows 'View All Amenities (50)' but only 12 were captured from the static HTML — the rest are likely behind a click-to-expand this scraper doesn't drive. Got: ['Club House', 'Cafeteria/Food Court', 'Bar/Lounge', 'Jogging and Strolling Track', 'Outdoor Tennis Courts', 'Private Terrace/Garden', 'Power Back Up', 'Swimming Pool', 'Lift', 'Security', 'Park', 'Reserved Parking']
2026-07-14 15:39:12,782 [INFO] HTTP Request: GET https://www.magicbricks.com/propertyDetails/3-BHK-4500-Sq-ft-Builder-Floor-Apartment-FOR-Rent-Sector-21-in-Chandigarh&id=4d423835343732393433#cardid-85472943 "HTTP/1.1 200 OK"
2026-07-14 15:39:12,906 [INFO] Detail-page enrichment: 30/132 processed, 29 coordinates and 21 amenity lists found so far
2026-07-14 15:39:18,006 [INFO] HTTP Request: GET https://www.magicbricks.com/nk-sharma-savitry-greens-2-zirakpur-chandigarh-pdpid-4d4235303836323939#cardid-84844381 "HTTP/1.1 200 OK"
2026-07-14 15:39:18,398 [WARNING] Amenities section shows 'View All Amenities (10)' but only 0 were captured from the static HTML — the rest are likely behind a click-to-expand this scraper doesn't drive. Got: []
2026-07-14 15:39:23,741 [INFO] HTTP Request: GET https://www.magicbricks.com/savitry-greens-zirakpur-chandigarh-pdpid-4d4235303336363634#cardid-64366183 "HTTP/1.1 200 OK"
2026-07-14 15:39:24,450 [WARNING] Amenities section shows 'View All Amenities (24)' but only 12 were captured from the static HTML — the rest are likely behind a click-to-expand this scraper doesn't drive. Got: ['Club House', 'Jogging and Strolling Track', 'Cycling & Jogging Track', 'Power Back Up', 'Swimming Pool', 'Lift', 'Security', 'Park', 'Reserved Parking', 'Intercom Facility', 'Gymnasium', 'Indoor Games Room']
2026-07-14 15:39:29,568 [INFO] HTTP Request: GET https://www.magicbricks.com/propertyDetails/3-BHK-3200-Sq-ft-Residential-House-FOR-Rent-Sector-35-in-Chandigarh&id=4d423835343635383937#cardid-85465897 "HTTP/1.1 200 OK"
2026-07-14 15:39:33,277 [INFO] HTTP Request: GET https://www.magicbricks.com/green-lotus-utsav-zirakpur-chandigarh-pdpid-4d4235323530373439#cardid-85426479 "HTTP/1.1 200 OK"
2026-07-14 15:39:37,876 [INFO] HTTP Request: GET https://www.magicbricks.com/motia-blue-ridge-zirakpur-chandigarh-pdpid-4d4235313136363131#cardid-85460661 "HTTP/1.1 200 OK"
2026-07-14 15:39:38,360 [WARNING] Amenities section shows 'View All Amenities (21)' but only 12 were captured from the static HTML — the rest are likely behind a click-to-expand this scraper doesn't drive. Got: ['Power Back Up', 'Swimming Pool', 'Lift', 'Park', 'Reserved Parking', 'Visitor Parking', 'Intercom Facility', 'Maintenance Staff', 'Gymnasium', 'Indoor Games Room', 'Rain Water Harvesting', 'Water Storage']
2026-07-14 15:39:44,516 [INFO] HTTP Request: GET https://www.magicbricks.com/propertyDetails/3-BHK-2200-Sq-ft-Residential-House-FOR-Rent-Sector-33-in-Chandigarh&id=4d423835353036353831#cardid-85506581 "HTTP/1.1 200 OK"
2026-07-14 15:39:52,109 [INFO] HTTP Request: GET https://www.magicbricks.com/skylar-homes-zirakpur-chandigarh-pdpid-4d4235323030393235#cardid-85245219 "HTTP/1.1 200 OK"
2026-07-14 15:39:58,261 [INFO] HTTP Request: GET https://www.magicbricks.com/el-spazia-zirakpur-chandigarh-pdpid-4d4235313237303437#cardid-75904027 "HTTP/1.1 200 OK"
2026-07-14 15:39:58,965 [WARNING] Amenities section shows 'View All Amenities (13)' but only 12 were captured from the static HTML — the rest are likely behind a click-to-expand this scraper doesn't drive. Got: ['Club House', 'Swimming Pool', 'Lift', 'Security', 'Park', 'Service/Goods Lift', 'Intercom Facility', 'Gymnasium', 'Indoor Games Room', 'Rain Water Harvesting', 'Internet/Wi-Fi Connectivity', 'Multipurpose Hall']
2026-07-14 15:40:03,896 [INFO] HTTP Request: GET https://www.magicbricks.com/joynest-moh-1-zirakpur-chandigarh-pdpid-4d4235303938363237#cardid-84645055 "HTTP/1.1 200 OK"
2026-07-14 15:40:04,400 [WARNING] Amenities section shows 'View All Amenities (25)' but only 12 were captured from the static HTML — the rest are likely behind a click-to-expand this scraper doesn't drive. Got: ['Club House', 'Jogging and Strolling Track', 'Cycling & Jogging Track', 'Power Back Up', 'Lift', 'Security', 'Park', 'Reserved Parking', 'Visitor Parking', 'Intercom Facility', 'Maintenance Staff', 'Gymnasium']
2026-07-14 15:40:07,857 [INFO] HTTP Request: GET https://www.magicbricks.com/green-lotus-utsav-zirakpur-chandigarh-pdpid-4d4235323530373439#cardid-83902607 "HTTP/1.1 200 OK"
2026-07-14 15:40:08,316 [INFO] Detail-page enrichment: 40/132 processed, 39 coordinates and 29 amenity lists found so far
2026-07-14 15:40:15,249 [INFO] HTTP Request: GET https://www.magicbricks.com/orbit-apartments-zirakpur-chandigarh-pdpid-4d4235303336353634#cardid-82853915 "HTTP/1.1 200 OK"
2026-07-14 15:40:15,572 [WARNING] Amenities section shows 'View All Amenities (21)' but only 12 were captured from the static HTML — the rest are likely behind a click-to-expand this scraper doesn't drive. Got: ['Club House', 'Power Back Up', 'Lift', 'Security', 'Park', 'Reserved Parking', 'Visitor Parking', 'Intercom Facility', 'Maintenance Staff', 'Bank & ATM', 'Gymnasium', 'Indoor Games Room']
2026-07-14 15:40:22,123 [INFO] HTTP Request: GET https://www.magicbricks.com/propertyDetails/3-BHK-1800-Sq-ft-Builder-Floor-Apartment-FOR-Rent-Sector-15-in-Chandigarh&id=4d423835343032303931#cardid-85402091 "HTTP/1.1 200 OK"
2026-07-14 15:40:27,314 [INFO] HTTP Request: GET https://www.magicbricks.com/propertyDetails/4-BHK-5000-Sq-ft-Residential-House-FOR-Rent-Sector-21-in-Chandigarh&id=4d423834343630373037#cardid-84460707 "HTTP/1.1 200 OK"
2026-07-14 15:40:34,400 [INFO] HTTP Request: GET https://www.magicbricks.com/propertyDetails/3-BHK-2250-Sq-ft-Builder-Floor-Apartment-FOR-Rent-Sector-15-in-Chandigarh&id=4d423835343235323837#cardid-85425287 "HTTP/1.1 200 OK"
2026-07-14 15:40:38,308 [INFO] HTTP Request: GET https://www.magicbricks.com/propertyDetails/1-BHK-1100-Sq-ft-Residential-House-FOR-Rent-Sector-38-in-Chandigarh&id=4d423835343337363735#cardid-85437675 "HTTP/1.1 200 OK"
2026-07-14 15:40:45,736 [INFO] HTTP Request: GET https://www.magicbricks.com/artique-uptown-skylla-zirakpur-chandigarh-pdpid-4d4235313234323637#cardid-85152995 "HTTP/1.1 200 OK"
2026-07-14 15:40:46,297 [WARNING] Amenities section shows 'View All Amenities (15)' but only 12 were captured from the static HTML — the rest are likely behind a click-to-expand this scraper doesn't drive. Got: ['Power Back Up', 'Swimming Pool', 'Lift', 'Security', 'Visitor Parking', 'Gymnasium', 'Rain Water Harvesting', 'Multipurpose Courts', 'Waste Disposal', 'Earth quake resistant', 'Large Open space', 'Multipurpose Hall']
2026-07-14 15:40:49,556 [INFO] HTTP Request: GET https://www.magicbricks.com/motia-blue-ridge-zirakpur-chandigarh-pdpid-4d4235313136363131#cardid-85265057 "HTTP/1.1 200 OK"
2026-07-14 15:40:50,039 [WARNING] Amenities section shows 'View All Amenities (21)' but only 12 were captured from the static HTML — the rest are likely behind a click-to-expand this scraper doesn't drive. Got: ['Power Back Up', 'Swimming Pool', 'Lift', 'Park', 'Reserved Parking', 'Visitor Parking', 'Intercom Facility', 'Maintenance Staff', 'Gymnasium', 'Indoor Games Room', 'Rain Water Harvesting', 'Water Storage']
2026-07-14 15:40:53,676 [INFO] HTTP Request: GET https://www.magicbricks.com/propertyDetails/2-BHK-1100-Sq-ft-Residential-House-FOR-Rent-Sector-48-in-Chandigarh&id=4d423835333931323733#cardid-85391273 "HTTP/1.1 200 OK"
2026-07-14 15:40:57,647 [INFO] HTTP Request: GET https://www.magicbricks.com/propertyDetails/4-BHK-4000-Sq-ft-Villa-FOR-Rent-Sector-8-in-Chandigarh&id=4d423835323632313137#cardid-85262117 "HTTP/1.1 200 OK"
2026-07-14 15:41:01,612 [INFO] HTTP Request: GET https://www.magicbricks.com/propertyDetails/3-BHK-2100-Sq-ft-Multistorey-Apartment-FOR-Rent-in-Chandigarh&id=4d423835303937333939#cardid-85097399 "HTTP/1.1 200 OK"
2026-07-14 15:41:01,900 [INFO] Detail-page enrichment: 50/132 processed, 49 coordinates and 39 amenity lists found so far
2026-07-14 15:41:08,390 [INFO] HTTP Request: GET https://www.magicbricks.com/propertyDetails/3-BHK-1800-Sq-ft-Builder-Floor-Apartment-FOR-Rent-Sector-40-in-Chandigarh&id=4d423835333833363339#cardid-85383639 "HTTP/1.1 200 OK"
2026-07-14 15:41:11,785 [INFO] HTTP Request: GET https://www.magicbricks.com/propertyDetails/2-BHK-1400-Sq-ft-Multistorey-Apartment-FOR-Rent-Sector-63-in-Chandigarh&id=4d423835333835313637#cardid-85385167 "HTTP/1.1 200 OK"
2026-07-14 15:41:16,484 [INFO] HTTP Request: GET https://www.magicbricks.com/paradigm-the-hermitage-park-zirakpur-chandigarh-pdpid-4d4235303833353536#cardid-84899135 "HTTP/1.1 200 OK"
2026-07-14 15:41:16,853 [WARNING] Amenities section shows 'View All Amenities (13)' but only 0 were captured from the static HTML — the rest are likely behind a click-to-expand this scraper doesn't drive. Got: []
2026-07-14 15:41:20,381 [INFO] HTTP Request: GET https://www.magicbricks.com/rajdhani-apartments-sector-49-chandigarh-pdpid-4d4235333130393433#cardid-76825833 "HTTP/1.1 200 OK"
2026-07-14 15:41:28,443 [INFO] HTTP Request: GET https://www.magicbricks.com/propertyDetails/4-BHK-4000-Sq-ft-Builder-Floor-Apartment-FOR-Rent-Sector-8-in-Chandigarh&id=4d423630343930373837#cardid-60490787 "HTTP/1.1 200 OK"
2026-07-14 15:41:35,644 [INFO] HTTP Request: GET https://www.magicbricks.com/propertyDetails/3-BHK-1700-Sq-ft-Multistorey-Apartment-FOR-Rent-in-Chandigarh&id=4d423832353530313931#cardid-82550191 "HTTP/1.1 200 OK"
2026-07-14 15:41:39,615 [INFO] HTTP Request: GET https://www.magicbricks.com/propertyDetails/3-BHK-3000-Sq-ft-Villa-FOR-Rent-Sector-8-in-Chandigarh&id=4d423833313031373439#cardid-83101749 "HTTP/1.1 200 OK"
2026-07-14 15:41:42,905 [INFO] HTTP Request: GET https://www.magicbricks.com/propertyDetails/1-BHK-200-Sq-ft-Multistorey-Apartment-FOR-Rent-in-Chandigarh&id=4d423737353435303833#cardid-77545083 "HTTP/1.1 200 OK"
2026-07-14 15:41:49,264 [INFO] HTTP Request: GET https://www.magicbricks.com/propertyDetails/2-BHK-1000-Sq-ft-Multistorey-Apartment-FOR-Rent-Nayagaon-in-Chandigarh&id=4d423835323939303735#cardid-85299075 "HTTP/1.1 200 OK"
2026-07-14 15:41:55,393 [INFO] HTTP Request: GET https://www.magicbricks.com/propertyDetails/1-BHK-5-Marla-Residential-House-FOR-Rent-Sector-22B-in-Chandigarh&id=4d423835333332353933#cardid-85332593 "HTTP/1.1 200 OK"
2026-07-14 15:41:55,525 [INFO] Detail-page enrichment: 60/132 processed, 58 coordinates and 48 amenity lists found so far
2026-07-14 15:42:02,766 [INFO] HTTP Request: GET https://www.magicbricks.com/propertyDetails/1-BHK-750-Sq-ft-Residential-House-FOR-Rent-Zirakpur-in-Chandigarh&id=4d423335323836313731#cardid-35286171 "HTTP/1.1 200 OK"
2026-07-14 15:42:07,069 [INFO] HTTP Request: GET https://www.magicbricks.com/gbp-crest-kharhar-chandigarh-pdpid-4d4235303836343030#cardid-69856433 "HTTP/1.1 200 OK"
2026-07-14 15:42:13,000 [INFO] HTTP Request: GET https://www.magicbricks.com/propertyDetails/2-BHK-725-Sq-ft-Multistorey-Apartment-FOR-Rent-Sector-44-in-Chandigarh&id=4d423835323731333335#cardid-85271335 "HTTP/1.1 200 OK"
2026-07-14 15:42:16,789 [INFO] HTTP Request: GET https://www.magicbricks.com/propertyDetails/2-BHK-1600-Sq-ft-Multistorey-Apartment-FOR-Rent-Sector-32A-in-Chandigarh&id=4d423733323130373935#cardid-73210795 "HTTP/1.1 200 OK"
2026-07-14 15:42:21,206 [INFO] HTTP Request: GET https://www.magicbricks.com/propertyDetails/2-BHK-800-Sq-ft-Multistorey-Apartment-FOR-Rent-Manimajra-in-Chandigarh&id=4d423835353233313235#cardid-85523125 "HTTP/1.1 200 OK"
2026-07-14 15:42:25,392 [INFO] HTTP Request: GET https://www.magicbricks.com/propertyDetails/3-BHK-2500-Sq-ft-Residential-House-FOR-Rent-Sector-37C-in-Chandigarh&id=4d423732323338313437#cardid-72238147 "HTTP/1.1 200 OK"
2026-07-14 15:42:29,896 [INFO] HTTP Request: GET https://www.magicbricks.com/propertyDetails/1-BHK-800-Sq-ft-Multistorey-Apartment-FOR-Rent-Modern-Housing-Complex-in-Chandigarh&id=4d423339393434393235#cardid-39944925 "HTTP/1.1 200 OK"
2026-07-14 15:42:36,456 [INFO] HTTP Request: GET https://www.magicbricks.com/propertyDetails/3-BHK-1800-Sq-ft-Residential-House-FOR-Rent-Sector-40D-in-Chandigarh&id=4d423835343933303533#cardid-85493053 "HTTP/1.1 200 OK"
2026-07-14 15:42:43,932 [INFO] HTTP Request: GET https://www.magicbricks.com/propertyDetails/3-BHK-5000-Sq-ft-Multistorey-Apartment-FOR-Rent-Sector-21D-in-Chandigarh&id=4d423835343533383039#cardid-85453809 "HTTP/1.1 200 OK"
2026-07-14 15:42:49,659 [INFO] HTTP Request: GET https://www.magicbricks.com/propertyDetails/2-BHK-1800-Sq-ft-Residential-House-FOR-Rent-Sector-35C-in-Chandigarh&id=4d423835343936393235#cardid-85496925 "HTTP/1.1 200 OK"
2026-07-14 15:42:49,831 [INFO] Detail-page enrichment: 70/132 processed, 68 coordinates and 57 amenity lists found so far
2026-07-14 15:42:56,846 [INFO] HTTP Request: GET https://www.magicbricks.com/propertyDetails/1-BHK-500-Sq-ft-Multistorey-Apartment-FOR-Rent-Sector-21-in-Chandigarh&id=4d423835353032313831#cardid-85502181 "HTTP/1.1 200 OK"
2026-07-14 15:43:03,694 [INFO] HTTP Request: GET https://www.magicbricks.com/propertyDetails/2-BHK-1000-Sq-ft-Residential-House-FOR-Rent-Kharhar-in-Chandigarh&id=4d423730323934393931#cardid-70294991 "HTTP/1.1 200 OK"
2026-07-14 15:43:09,639 [INFO] HTTP Request: GET https://www.magicbricks.com/bliss-orra-zirakpur-chandigarh-pdpid-4d4235313037333837#cardid-85511323 "HTTP/1.1 200 OK"
2026-07-14 15:43:14,561 [INFO] HTTP Request: GET https://www.magicbricks.com/propertyDetails/2-BHK-1600-Sq-ft-Builder-Floor-Apartment-FOR-Rent-Sector-22B-in-Chandigarh&id=4d423835353134383139#cardid-85514819 "HTTP/1.1 200 OK"
2026-07-14 15:43:18,533 [INFO] HTTP Request: GET https://www.magicbricks.com/propertyDetails/2-BHK-891-Sq-ft-Multistorey-Apartment-FOR-Rent-in-Chandigarh&id=4d423835343036333233#cardid-85406323 "HTTP/1.1 200 OK"
2026-07-14 15:43:25,087 [INFO] HTTP Request: GET https://www.magicbricks.com/propertyDetails/3-BHK-2800-Sq-ft-Builder-Floor-Apartment-FOR-Rent-Sector-34-in-Chandigarh&id=4d423833333132323935#cardid-83312295 "HTTP/1.1 200 OK"
2026-07-14 15:43:29,305 [INFO] HTTP Request: GET https://www.magicbricks.com/mig-flats-sector-40a-chandigarh-pdpid-4d4235343038363737#cardid-85420323 "HTTP/1.1 200 OK"
2026-07-14 15:43:37,480 [INFO] HTTP Request: GET https://www.magicbricks.com/propertyDetails/2-BHK-1350-Sq-ft-Residential-House-FOR-Rent-Sector-20A-in-Chandigarh&id=4d423532323436363239#cardid-52246629 "HTTP/1.1 200 OK"
2026-07-14 15:43:42,513 [INFO] HTTP Request: GET https://www.magicbricks.com/modern-housing-complex-manimajra-chandigarh-pdpid-4d4235323233343731#cardid-85403053 "HTTP/1.1 200 OK"
2026-07-14 15:43:45,786 [INFO] HTTP Request: GET https://www.magicbricks.com/motia-blue-ridge-zirakpur-chandigarh-pdpid-4d4235313136363131#cardid-85391225 "HTTP/1.1 200 OK"
2026-07-14 15:43:46,292 [WARNING] Amenities section shows 'View All Amenities (21)' but only 12 were captured from the static HTML — the rest are likely behind a click-to-expand this scraper doesn't drive. Got: ['Power Back Up', 'Swimming Pool', 'Lift', 'Park', 'Reserved Parking', 'Visitor Parking', 'Intercom Facility', 'Maintenance Staff', 'Gymnasium', 'Indoor Games Room', 'Rain Water Harvesting', 'Water Storage']
2026-07-14 15:43:46,292 [INFO] Detail-page enrichment: 80/132 processed, 77 coordinates and 65 amenity lists found so far
2026-07-14 15:43:51,295 [INFO] HTTP Request: GET https://www.magicbricks.com/propertyDetails/3-BHK-1741-Sq-ft-Multistorey-Apartment-FOR-Rent-Chandigarh-Enclave-in-Chandigarh&id=4d423835323638343433#cardid-85268443 "HTTP/1.1 200 OK"
2026-07-14 15:43:57,162 [INFO] HTTP Request: GET https://www.magicbricks.com/propertyDetails/3-BHK-1600-Sq-ft-Residential-House-FOR-Rent-Sector-36-in-Chandigarh&id=4d423835333937323439#cardid-85397249 "HTTP/1.1 200 OK"
2026-07-14 15:44:02,931 [INFO] HTTP Request: GET https://www.magicbricks.com/propertyDetails/1-BHK-3200-Sq-ft-Multistorey-Apartment-FOR-Rent-in-Chandigarh&id=4d423831383632353731#cardid-81862571 "HTTP/1.1 200 OK"
2026-07-14 15:44:07,767 [INFO] HTTP Request: GET https://www.magicbricks.com/sbp-housing-park-dera-bassi-chandigarh-pdpid-4d4235303238393937#cardid-33055163 "HTTP/1.1 200 OK"
2026-07-14 15:44:08,277 [WARNING] Amenities section shows 'View All Amenities (32)' but only 12 were captured from the static HTML — the rest are likely behind a click-to-expand this scraper doesn't drive. Got: ['Club House', 'Jogging and Strolling Track', 'Outdoor Tennis Courts', 'Cycling & Jogging Track', 'Power Back Up', 'Swimming Pool', 'Lift', 'Security', 'Reserved Parking', 'Intercom Facility', 'Maintenance Staff', 'Banquet Hall']
2026-07-14 15:44:12,808 [INFO] HTTP Request: GET https://www.magicbricks.com/bajwa-sunny-enclave-khara-mohali-chandigarh-pdpid-4d4235333133343237#cardid-48804781 "HTTP/1.1 301 Moved Permanently"
2026-07-14 15:44:13,438 [INFO] HTTP Request: GET https://www.magicbricks.com/bajwa-sunny-enclave-ludhiana-chandigarh-state-highway-chandigarh-pdpid-4d4235333133343237#cardid-48804781 "HTTP/1.1 200 OK"
2026-07-14 15:44:17,314 [INFO] HTTP Request: GET https://www.magicbricks.com/propertyDetails/2-BHK-1500-Sq-ft-Residential-House-FOR-Rent-in-Chandigarh&id=4d423831383131383931#cardid-81811891 "HTTP/1.1 200 OK"
2026-07-14 15:44:25,928 [INFO] HTTP Request: GET https://www.magicbricks.com/propertyDetails/450-Sq-ft-Studio-Apartment-FOR-Rent-Sector-18-in-Chandigarh&id=4d423835323533373633#cardid-85253763 "HTTP/1.1 200 OK"
2026-07-14 15:44:30,113 [INFO] HTTP Request: GET https://www.magicbricks.com/propertyDetails/3-BHK-500-Sq-ft-Residential-House-FOR-Rent-Sector-18C-in-Chandigarh&id=4d423835303339383531#cardid-85039851 "HTTP/1.1 200 OK"
2026-07-14 15:44:36,681 [INFO] HTTP Request: GET https://www.magicbricks.com/propertyDetails/3-BHK-1400-Sq-ft-Multistorey-Apartment-FOR-Rent-Khara-Mohali-in-Chandigarh&id=4d423835303438363035#cardid-85048605 "HTTP/1.1 200 OK"
2026-07-14 15:44:40,148 [INFO] HTTP Request: GET https://www.magicbricks.com/propertyDetails/3-BHK-1080-Sq-ft-Residential-House-FOR-Rent-Khara-Mohali-in-Chandigarh&id=4d423835303136343131#cardid-85016411 "HTTP/1.1 200 OK"
2026-07-14 15:44:40,387 [INFO] Detail-page enrichment: 90/132 processed, 86 coordinates and 74 amenity lists found so far
2026-07-14 15:44:47,727 [INFO] HTTP Request: GET https://www.magicbricks.com/propertyDetails/2000-Sq-ft-Studio-Apartment-FOR-Rent-Sector-11-in-Chandigarh&id=4d423835323336333737#cardid-85236377 "HTTP/1.1 200 OK"
2026-07-14 15:44:52,027 [INFO] HTTP Request: GET https://www.magicbricks.com/propertyDetails/2-BHK-75-Sq-yrd-Multistorey-Apartment-FOR-Rent-Sector-41-in-Chandigarh&id=4d423437303236313333#cardid-47026133 "HTTP/1.1 200 OK"
2026-07-14 15:44:57,763 [INFO] HTTP Request: GET https://www.magicbricks.com/propertyDetails/2-BHK-1400-Sq-ft-Residential-House-FOR-Rent-Sector-22B-in-Chandigarh&id=4d423833353538303937#cardid-83558097 "HTTP/1.1 200 OK"
2026-07-14 15:45:02,083 [INFO] HTTP Request: GET https://www.magicbricks.com/propertyDetails/2-BHK-1300-Sq-ft-Builder-Floor-Apartment-FOR-Rent-Sector-23-in-Chandigarh&id=4d423833333630363435#cardid-83360645 "HTTP/1.1 200 OK"
2026-07-14 15:45:08,001 [INFO] HTTP Request: GET https://www.magicbricks.com/propertyDetails/1-BHK-2500-Sq-ft-Residential-House-FOR-Rent-Sector-35C-in-Chandigarh&id=4d423835343536333337#cardid-85456337 "HTTP/1.1 200 OK"
2026-07-14 15:45:14,159 [INFO] HTTP Request: GET https://www.magicbricks.com/sushma-grande-nxt-zirakpur-chandigarh-pdpid-4d4235303930313532#cardid-83746075 "HTTP/1.1 200 OK"
2026-07-14 15:45:14,792 [WARNING] Amenities section shows 'View All Amenities (13)' but only 12 were captured from the static HTML — the rest are likely behind a click-to-expand this scraper doesn't drive. Got: ['Club House', 'Outdoor Tennis Courts', 'Power Back Up', 'Swimming Pool', 'Lift', 'Park', 'Banquet Hall', 'Gymnasium', 'Kids Club', 'AEROBICS ROOM', 'Flower Gardens', 'Water Storage']
2026-07-14 15:45:21,826 [INFO] HTTP Request: GET https://www.magicbricks.com/propertyDetails/2-BHK-2200-Sq-ft-Residential-House-FOR-Rent-Sector-22B-in-Chandigarh&id=4d423733313334343931#cardid-73134491 "HTTP/1.1 200 OK"
2026-07-14 15:45:25,631 [INFO] HTTP Request: GET https://www.magicbricks.com/propertyDetails/2-BHK-2200-Sq-ft-Builder-Floor-Apartment-FOR-Rent-in-Chandigarh&id=4d423835353039303033#cardid-85509003 "HTTP/1.1 200 OK"
2026-07-14 15:45:31,891 [INFO] HTTP Request: GET https://www.magicbricks.com/propertyDetails/3-BHK-Builder-Floor-Apartment-FOR-Rent-Sector-15-in-Chandigarh&id=4d423432343531333237#cardid-42451327 "HTTP/1.1 200 OK"
2026-07-14 15:45:38,358 [INFO] HTTP Request: GET https://www.magicbricks.com/propertyDetails/1-BHK-200-Sq-ft-Multistorey-Apartment-FOR-Rent-Sector-22-in-Chandigarh&id=4d423539373533353531#cardid-59753551 "HTTP/1.1 200 OK"
2026-07-14 15:45:38,532 [INFO] Detail-page enrichment: 100/132 processed, 95 coordinates and 79 amenity lists found so far
2026-07-14 15:45:43,129 [INFO] HTTP Request: GET https://www.magicbricks.com/propertyDetails/300-Sq-ft-Studio-Apartment-FOR-Rent-in-Chandigarh&id=4d423636373231373835#cardid-66721785 "HTTP/1.1 200 OK"
2026-07-14 15:45:46,939 [INFO] HTTP Request: GET https://www.magicbricks.com/chandigarh-royale-city-zirakpur-chandigarh-pdpid-4d4235333133333733#cardid-61085385 "HTTP/1.1 200 OK"
2026-07-14 15:45:54,085 [INFO] HTTP Request: GET https://www.magicbricks.com/propertyDetails/2-BHK-300-Sq-ft-Residential-House-FOR-Rent-in-Chandigarh&id=4d423835343935303833#cardid-85495083 "HTTP/1.1 200 OK"
2026-07-14 15:46:00,328 [INFO] HTTP Request: GET https://www.magicbricks.com/propertyDetails/3-BHK-900-Sq-ft-Multistorey-Apartment-FOR-Rent-Zirakpur-in-Chandigarh&id=4d423336373432313239#cardid-36742129 "HTTP/1.1 200 OK"
2026-07-14 15:46:07,003 [INFO] HTTP Request: GET https://www.magicbricks.com/propertyDetails/3-BHK-1800-Sq-ft-Multistorey-Apartment-FOR-Rent-Dera-Bassi-in-Chandigarh&id=4d423730333335363835#cardid-70335685 "HTTP/1.1 200 OK"
2026-07-14 15:46:14,420 [INFO] HTTP Request: GET https://www.magicbricks.com/propertyDetails/2-BHK-1150-Sq-ft-Multistorey-Apartment-FOR-Rent-Sector-48-in-Chandigarh&id=4d423639353034343833#cardid-69504483 "HTTP/1.1 200 OK"
2026-07-14 15:46:20,107 [INFO] HTTP Request: GET https://www.magicbricks.com/ats-golf-meadows-prelude-dera-bassi-chandigarh-pdpid-4d4235303233353337#cardid-84426687 "HTTP/1.1 200 OK"
2026-07-14 15:46:20,372 [WARNING] Amenities section shows 'View All Amenities (19)' but only 12 were captured from the static HTML — the rest are likely behind a click-to-expand this scraper doesn't drive. Got: ['Club House', 'Cycling & Jogging Track', 'Private Terrace/Garden', 'Power Back Up', 'Swimming Pool', 'Lift', 'Security', 'Park', 'Reserved Parking', 'Service/Goods Lift', 'Visitor Parking', 'Intercom Facility']
2026-07-14 15:46:25,746 [INFO] HTTP Request: GET https://www.magicbricks.com/propertyDetails/3-BHK-2100-Sq-ft-Residential-House-FOR-Rent-Sector-32D-in-Chandigarh&id=4d423835333835343237#cardid-85385427 "HTTP/1.1 200 OK"
2026-07-14 15:46:32,998 [INFO] HTTP Request: GET https://www.magicbricks.com/propertyDetails/1-BHK-1000-Sq-ft-Residential-House-FOR-Rent-Sector-20-in-Chandigarh&id=4d423638313337393737#cardid-68137977 "HTTP/1.1 200 OK"
2026-07-14 15:46:38,041 [INFO] HTTP Request: GET https://www.magicbricks.com/bsnl-society-sector-50-chandigarh-pdpid-4d4235323231343239#cardid-72417927 "HTTP/1.1 200 OK"
2026-07-14 15:46:38,312 [INFO] Detail-page enrichment: 110/132 processed, 103 coordinates and 84 amenity lists found so far
2026-07-14 15:46:43,961 [INFO] HTTP Request: GET https://www.magicbricks.com/propertyDetails/2-BHK-900-Sq-ft-Residential-House-FOR-Rent-Sector-8B-in-Chandigarh&id=4d423835343234303531#cardid-85424051 "HTTP/1.1 200 OK"
2026-07-14 15:46:49,801 [INFO] HTTP Request: GET https://www.magicbricks.com/propertyDetails/2-BHK-1400-Sq-ft-Residential-House-FOR-Rent-Sector-40-in-Chandigarh&id=4d423834333031393435#cardid-84301945 "HTTP/1.1 200 OK"
2026-07-14 15:46:53,371 [INFO] HTTP Request: GET https://www.magicbricks.com/propertyDetails/2-BHK-120-Sq-yrd-Residential-House-FOR-Rent-Khara-Mohali-in-Chandigarh&id=4d423835303332393731#cardid-85032971 "HTTP/1.1 200 OK"
2026-07-14 15:46:58,492 [INFO] HTTP Request: GET https://www.magicbricks.com/propertyDetails/3-BHK-258-Sq-ft-Residential-House-FOR-Rent-in-Chandigarh&id=4d423530363339333638#cardid-50639368 "HTTP/1.1 200 OK"
2026-07-14 15:47:01,888 [INFO] HTTP Request: GET https://www.magicbricks.com/artique-uptown-skylla-zirakpur-chandigarh-pdpid-4d4235313234323637#cardid-84091033 "HTTP/1.1 200 OK"
2026-07-14 15:47:02,406 [WARNING] Amenities section shows 'View All Amenities (15)' but only 12 were captured from the static HTML — the rest are likely behind a click-to-expand this scraper doesn't drive. Got: ['Power Back Up', 'Swimming Pool', 'Lift', 'Security', 'Visitor Parking', 'Gymnasium', 'Rain Water Harvesting', 'Multipurpose Courts', 'Waste Disposal', 'Earth quake resistant', 'Large Open space', 'Multipurpose Hall']
2026-07-14 15:47:08,230 [INFO] HTTP Request: GET https://www.magicbricks.com/maya-garden-city-zirakpur-chandigarh-pdpid-4d4235303233343039#cardid-82825941 "HTTP/1.1 200 OK"
2026-07-14 15:47:08,848 [WARNING] Amenities section shows 'View All Amenities (29)' but only 12 were captured from the static HTML — the rest are likely behind a click-to-expand this scraper doesn't drive. Got: ['Club House', 'Jogging and Strolling Track', 'Outdoor Tennis Courts', 'Cycling & Jogging Track', 'Private Terrace/Garden', 'Power Back Up', 'Swimming Pool', 'Lift', 'Security', 'Park', 'Reserved Parking', 'Visitor Parking']
2026-07-14 15:47:14,067 [INFO] HTTP Request: GET https://www.magicbricks.com/universal-enclave-sector-48-chandigarh-pdpid-4d4235323631303531#cardid-85532603 "HTTP/1.1 200 OK"
2026-07-14 15:47:19,999 [INFO] HTTP Request: GET https://www.magicbricks.com/propertyDetails/1-BHK-400-Sq-ft-Builder-Floor-Apartment-FOR-Rent-Sector-38-in-Chandigarh&id=4d423531313138303432#cardid-51118042 "HTTP/1.1 200 OK"
2026-07-14 15:47:26,448 [INFO] HTTP Request: GET https://www.magicbricks.com/propertyDetails/2-BHK-1400-Sq-ft-Residential-House-FOR-Rent-Sector-46-in-Chandigarh&id=4d423835353039303431#cardid-85509041 "HTTP/1.1 200 OK"
2026-07-14 15:47:30,647 [INFO] HTTP Request: GET https://www.magicbricks.com/propertyDetails/3-BHK-2250-Sq-ft-Residential-House-FOR-Rent-Sector-43-in-Chandigarh&id=4d423832353538343533#cardid-82558453 "HTTP/1.1 200 OK"
2026-07-14 15:47:30,878 [INFO] Detail-page enrichment: 120/132 processed, 112 coordinates and 89 amenity lists found so far
2026-07-14 15:47:38,123 [INFO] HTTP Request: GET https://www.magicbricks.com/propertyDetails/2-BHK-970-Sq-ft-Multistorey-Apartment-FOR-Rent-Sector-51A-in-Chandigarh&id=4d423835323831363437#cardid-85281647 "HTTP/1.1 200 OK"
2026-07-14 15:47:45,429 [INFO] HTTP Request: GET https://www.magicbricks.com/propertyDetails/3-BHK-2050-Sq-ft-Penthouse-FOR-Rent-Manimajra-in-Chandigarh&id=4d423138363437343839#cardid-18647489 "HTTP/1.1 200 OK"
2026-07-14 15:47:50,584 [INFO] HTTP Request: GET https://www.magicbricks.com/uppal-marble-arch-manimajra-chandigarh-pdpid-4d4235303338303839#cardid-80161851 "HTTP/1.1 200 OK"
2026-07-14 15:47:51,004 [WARNING] Amenities section shows 'View All Amenities (16)' but only 12 were captured from the static HTML — the rest are likely behind a click-to-expand this scraper doesn't drive. Got: ['Private Terrace/Garden', 'Power Back Up', 'Swimming Pool', 'Lift', 'Security', 'Park', 'Reserved Parking', 'Intercom Facility', 'Gymnasium', 'Indoor Games Room', 'Piped Gas', 'Rain Water Harvesting']
2026-07-14 15:47:57,795 [INFO] HTTP Request: GET https://www.magicbricks.com/propertyDetails/3-BHK-1050-Sq-ft-Multistorey-Apartment-FOR-Rent-in-Chandigarh&id=4d423632363738353533#cardid-62678553 "HTTP/1.1 200 OK"
2026-07-14 15:48:04,157 [INFO] HTTP Request: GET https://www.magicbricks.com/propertyDetails/3-BHK-1500-Sq-ft-Builder-Floor-Apartment-FOR-Rent-in-Chandigarh&id=4d423832393831303337#cardid-82981037 "HTTP/1.1 200 OK"
2026-07-14 15:48:11,002 [INFO] HTTP Request: GET https://www.magicbricks.com/propertyDetails/3-BHK-1880-Sq-ft-Multistorey-Apartment-FOR-Rent-Sector-50-in-Chandigarh&id=4d423832363536393935#cardid-82656995 "HTTP/1.1 200 OK"
2026-07-14 15:48:17,037 [INFO] HTTP Request: GET https://www.magicbricks.com/propertyDetails/3-BHK-2600-Sq-ft-Builder-Floor-Apartment-FOR-Rent-Sector-37-in-Chandigarh&id=4d423833353431363733#cardid-83541673 "HTTP/1.1 200 OK"
2026-07-14 15:48:23,589 [INFO] HTTP Request: GET https://www.magicbricks.com/propertyDetails/2-BHK-720-Sq-ft-Residential-House-FOR-Rent-in-Chandigarh&id=4d423438343931323339#cardid-48491239 "HTTP/1.1 200 OK"
2026-07-14 15:48:28,217 [INFO] HTTP Request: GET https://www.magicbricks.com/propertyDetails/2-BHK-400-Sq-ft-Residential-House-FOR-Rent-in-Chandigarh&id=4d423637363836373635#cardid-67686765 "HTTP/1.1 200 OK"
2026-07-14 15:48:34,458 [INFO] HTTP Request: GET https://www.magicbricks.com/propertyDetails/2-BHK-1100-Sq-ft-Residential-House-FOR-Rent-in-Chandigarh&id=4d423834323431383331#cardid-84241831 "HTTP/1.1 200 OK"
2026-07-14 15:48:34,624 [INFO] Detail-page enrichment: 130/132 processed, 117 coordinates and 95 amenity lists found so far
2026-07-14 15:48:42,426 [INFO] HTTP Request: GET https://www.magicbricks.com/propertyDetails/2-BHK-1600-Sq-ft-Builder-Floor-Apartment-FOR-Rent-Sector-38-in-Chandigarh&id=4d423835323039353137#cardid-85209517 "HTTP/1.1 200 OK"
2026-07-14 15:48:49,094 [INFO] HTTP Request: GET https://www.magicbricks.com/propertyDetails/3-BHK-1300-Sq-ft-Residential-House-FOR-Rent-Dera-Bassi-in-Chandigarh&id=4d423734373638383435#cardid-74768845 "HTTP/1.1 200 OK"
2026-07-14 15:48:49,228 [INFO] Detail-page enrichment complete: 119/132 listings got real coordinates, 95/132 got an amenities list
2026-07-14 15:48:49,229 [INFO] Scraped 132 total listings
2026-07-14 15:48:49,237 [INFO] Wrote 132 listings to scraped_listings.jsonl
2026-07-14 15:50:04,662 [INFO] No city name in config — reverse-geocoding (22.6867, 75.8377)...
2026-07-14 15:50:05,476 [INFO] Resolved city: Indore, state: Madhya Pradesh
2026-07-14 15:50:05,478 [INFO] Saved resolved values back to C:\Users\riddh\OneDrive\Desktop\skymark-grid-project\config.json
2026-07-14 15:50:05,485 [INFO] Starting MagicBricks scrape run
2026-07-14 15:50:06,048 [INFO] Bootstrapping session via Playwright: https://www.magicbricks.com/property-for-rent/residential-real-estate?cityName=Indore&page=1
2026-07-14 15:50:10,707 [INFO] Skipping likely-commercial listing:   Office Space for Rent in N R K BIZZ PARK, Vijay Nagar Indore
2026-07-14 15:50:10,709 [INFO] Skipping likely-commercial listing:   Shop for Rent in Omaxe City, Indore Bypass Road Indore
2026-07-14 15:50:10,714 [INFO] Skipping likely-commercial listing:   Showroom for Rent in Anand Bazaar Indore
2026-07-14 15:50:10,725 [INFO] Skipping likely-commercial listing:   Office Space for Rent in Palasiya Square Indore
2026-07-14 15:50:10,733 [INFO] Skipping likely-commercial listing:   Office Space for Rent in Vijay Nagar Indore
2026-07-14 15:50:10,735 [INFO] Skipping likely-commercial listing:  Warehouse/ Godown for Rent in Mhow Indore
2026-07-14 15:50:10,739 [INFO] Skipping likely-commercial listing:   Showroom for Rent in Navlakha Indore
2026-07-14 15:50:10,741 [INFO] Skipping likely-commercial listing:  Warehouse/ Godown for Rent in Shree Nagar Extension Indore
2026-07-14 15:50:10,745 [INFO] Skipping likely-commercial listing:  Warehouse/ Godown for Rent in Pithampur Indore
2026-07-14 15:50:10,750 [INFO] Skipping likely-commercial listing:   Showroom for Rent in New Palasia Indore
2026-07-14 15:50:10,757 [INFO] Skipping likely-commercial listing:   Office Space for Rent in Navlakha Indore
2026-07-14 15:50:10,760 [INFO] Skipping likely-commercial listing:   Office Space for Rent in Greater Brijeshwari Indore
2026-07-14 15:50:10,765 [INFO] Skipping likely-commercial listing:   Office Space for Rent in Scheme No 140 Indore
2026-07-14 15:50:10,767 [INFO] Skipping likely-commercial listing:   Office Space for Rent in METRO TOWER, Vijay Nagar Indore
2026-07-14 15:50:10,770 [INFO] Skipping likely-commercial listing:   Office Space for Rent in MR 10 Indore
2026-07-14 15:50:10,772 [INFO] Skipping likely-commercial listing:   Office Space for Rent in New Palasiya Indore
2026-07-14 15:50:10,775 [INFO] Skipping likely-commercial listing:   Office Space for Rent in Vijay Nagar Indore
2026-07-14 15:50:10,780 [INFO] Page 1: 13 listings parsed so far
2026-07-14 15:50:17,173 [INFO] HTTP Request: GET https://www.magicbricks.com/property-for-rent/residential-real-estate?cityName=Indore&page=2 "HTTP/1.1 200 OK"
2026-07-14 15:50:17,370 [INFO] Skipping likely-commercial listing:  Warehouse/ Godown for Rent in Pithampur Indore
2026-07-14 15:50:17,385 [INFO] Skipping likely-commercial listing:   Shop for Rent in Manavta Nagar Indore
2026-07-14 15:50:17,423 [INFO] Skipping likely-commercial listing:   Showroom for Rent in Mari Mata Square Indore
2026-07-14 15:50:17,436 [INFO] Skipping likely-commercial listing:   Office Space for Rent in Anand Bazaar Indore
2026-07-14 15:50:17,441 [INFO] Skipping likely-commercial listing:  Warehouse/ Godown for Rent in Rau Pithampur Road Indore
2026-07-14 15:50:17,444 [INFO] Skipping likely-commercial listing:   Showroom for Rent in Shanti Niwas, Palda Indore
2026-07-14 15:50:17,446 [INFO] Skipping likely-commercial listing:   Office Space for Rent in Yeshwant Niwas Road Indore
2026-07-14 15:50:17,454 [INFO] Page 2: +23 listings (running total: 36)
2026-07-14 15:50:21,166 [INFO] HTTP Request: GET https://www.magicbricks.com/property-for-rent/residential-real-estate?cityName=Indore&page=3 "HTTP/1.1 200 OK"
2026-07-14 15:50:21,343 [INFO] Skipping likely-commercial listing:   Showroom for Rent in Annapurna Road Prabhu Nagar Indore
2026-07-14 15:50:21,346 [INFO] Skipping likely-commercial listing:   Showroom for Rent in Annapurna Road Prabhu Nagar Indore
2026-07-14 15:50:21,349 [INFO] Skipping likely-commercial listing:   Office Space for Rent in Manorama Ganj Indore
2026-07-14 15:50:21,351 [INFO] Skipping likely-commercial listing:   Office Space for Rent in Dravid Nagar Indore
2026-07-14 15:50:21,353 [INFO] Skipping likely-commercial listing:   Office Space for Rent in NRK BUSINESS PARK, Scheme No. 54 Indore
2026-07-14 15:50:21,358 [INFO] Skipping likely-commercial listing:   Showroom for Rent in Saket Nagar Indore
2026-07-14 15:50:21,361 [INFO] Skipping likely-commercial listing:   Showroom for Rent in Dewas Naka Indore
2026-07-14 15:50:21,366 [INFO] Skipping likely-commercial listing:  Warehouse/ Godown for Rent in Arjun Baroda Indore
2026-07-14 15:50:21,374 [INFO] Skipping likely-commercial listing:   Showroom for Rent in New Gouri Nagar Indore
2026-07-14 15:50:21,379 [INFO] Skipping likely-commercial listing:  Warehouse/ Godown for Rent in Indore Bypass Road Indore
2026-07-14 15:50:21,384 [INFO] Skipping likely-commercial listing:  Warehouse/ Godown for Rent in Sukhliya Gram Indore
2026-07-14 15:50:21,392 [INFO] Skipping likely-commercial listing:   Shop for Rent in Dewas Naka Indore
2026-07-14 15:50:21,397 [INFO] Skipping likely-commercial listing:   Office Space for Rent in APOLLO PREMIER, Vijay Nagar Indore
2026-07-14 15:50:21,401 [INFO] Skipping likely-commercial listing:   Office Space for Rent in Sapna Sangeeta Road Indore
2026-07-14 15:50:21,416 [INFO] Page 3: +16 listings (running total: 52)
2026-07-14 15:50:25,706 [INFO] HTTP Request: GET https://www.magicbricks.com/property-for-rent/residential-real-estate?cityName=Indore&page=4 "HTTP/1.1 200 OK"
2026-07-14 15:50:25,940 [INFO] Skipping likely-commercial listing:  Warehouse/ Godown for Rent in Dewas Naka Indore
2026-07-14 15:50:25,954 [INFO] Skipping likely-commercial listing:   Office Space for Rent in Kanchan Bagh Indore
2026-07-14 15:50:25,957 [INFO] Skipping likely-commercial listing:  Warehouse/ Godown for Rent in Dakachya Indore
2026-07-14 15:50:25,959 [INFO] Skipping likely-commercial listing:   Office Space for Rent in Vijay Nagar Indore
2026-07-14 15:50:25,961 [INFO] Skipping likely-commercial listing:   Office Space for Rent in Silver Mall Complex, RNT Marg Indore
2026-07-14 15:50:25,974 [WARNING] Rejecting implausible monthly_rent=1050000.0 for cardid=85337817 (source text: 1050000) — outside the 1,000-1,000,000 sanity range.
2026-07-14 15:50:25,974 [INFO] Skipping likely-commercial listing:  Warehouse/ Godown for Rent in Mangliya Gaon Indore
2026-07-14 15:50:25,993 [INFO] Skipping likely-commercial listing:   Office Space for Rent in Vijay Nagar Indore
2026-07-14 15:50:26,012 [INFO] Skipping likely-commercial listing:   Office Space for Rent in Vijay Nagar Indore
2026-07-14 15:50:26,016 [INFO] Skipping likely-commercial listing:   Office Space for Rent in Vijay Nagar Indore
2026-07-14 15:50:26,016 [INFO] Page 4: +21 listings (running total: 73)
2026-07-14 15:50:32,100 [INFO] HTTP Request: GET https://www.magicbricks.com/property-for-rent/residential-real-estate?cityName=Indore&page=5 "HTTP/1.1 200 OK"
2026-07-14 15:50:32,295 [INFO] Skipping likely-commercial listing:   Office Space for Rent in Annapurna Road Prabhu Nagar Indore
2026-07-14 15:50:32,303 [INFO] Skipping likely-commercial listing:   Showroom for Rent in Scheme No 78 Indore
2026-07-14 15:50:32,306 [INFO] Skipping likely-commercial listing:   Shop for Rent in Royal Park, New Palasiya Indore
2026-07-14 15:50:32,308 [INFO] Skipping likely-commercial listing:   Office Space for Rent in shekhar tower, New Palasiya Indore
2026-07-14 15:50:32,324 [INFO] Skipping likely-commercial listing:   Office Space for Rent in Vijay Nagar Indore
2026-07-14 15:50:32,326 [INFO] Skipping likely-commercial listing:   Office Space for Rent in Fortune Ambience, South Tukoganj Indore
2026-07-14 15:50:32,350 [INFO] Skipping likely-commercial listing:   Shop for Rent in Silicon City Indore
2026-07-14 15:50:32,356 [INFO] Skipping likely-commercial listing:   Office Space for Rent in Onam Plaza, Old Palasia Indore
2026-07-14 15:50:32,369 [INFO] Page 5: +22 listings (running total: 95)
2026-07-14 15:50:36,019 [INFO] HTTP Request: GET https://www.magicbricks.com/property-for-rent/residential-real-estate?cityName=Indore&page=6 "HTTP/1.1 200 OK"
2026-07-14 15:50:36,223 [INFO] Skipping likely-commercial listing: 2 BHK Flat  for Rent in  Universal Orion Pride, Universal Orion Pride, Ujjain Road Pologround Industrial Estate, Indore
2026-07-14 15:50:36,226 [INFO] Skipping likely-commercial listing:   Showroom for Rent in Sanwer Road Industrial Area Indore
2026-07-14 15:50:36,231 [INFO] Skipping likely-commercial listing:  Warehouse/ Godown for Rent in Sanwer Road Industrial Area Indore
2026-07-14 15:50:36,235 [INFO] Skipping likely-commercial listing:   Office Space for Rent in Yeshwant Niwas Road Indore
2026-07-14 15:50:36,237 [INFO] Skipping likely-commercial listing:   Shop for Rent in Pardesipura Indore
2026-07-14 15:50:36,250 [INFO] Skipping likely-commercial listing:  Warehouse/ Godown for Rent in Dewas Naka Indore
2026-07-14 15:50:36,252 [INFO] Skipping likely-commercial listing:   Showroom for Rent in Pipaliyahana Indore
2026-07-14 15:50:36,263 [INFO] Page 6: +23 listings (running total: 118)
2026-07-14 15:50:36,264 [INFO] Starting detail-page enrichment (coordinates + amenities) for 118 listings...
2026-07-14 15:50:41,627 [INFO] HTTP Request: GET https://www.magicbricks.com/dainik-bhaskar-apollo-db-city-apollo-db-city-indore-pdpid-4d4235303232383732#cardid-72931581 "HTTP/1.1 301 Moved Permanently"
2026-07-14 15:50:42,868 [INFO] HTTP Request: GET https://www.magicbricks.com/dainik-bhaskar-apollo-db-city-nipania-indore-pdpid-4d4235303232383732#cardid-72931581 "HTTP/1.1 200 OK"
2026-07-14 15:50:43,417 [WARNING] Amenities section shows 'View All Amenities (39)' but only 12 were captured from the static HTML — the rest are likely behind a click-to-expand this scraper doesn't drive. Got: ['Club House', 'Cafeteria/Food Court', 'Bar/Lounge', 'Jogging and Strolling Track', 'Outdoor Tennis Courts', 'Cycling & Jogging Track', 'Private Terrace/Garden', 'Power Back Up', 'Swimming Pool', 'Lift', 'Security', 'Park']
2026-07-14 15:50:47,683 [INFO] HTTP Request: GET https://www.magicbricks.com/sakar-elite-apex-mahalaxmi-nagar-indore-pdpid-4d4235313036393335#cardid-85529213 "HTTP/1.1 200 OK"
2026-07-14 15:50:53,422 [INFO] HTTP Request: GET https://www.magicbricks.com/sarthak-singapore-lifestyle-tigariya-badshah-indore-pdpid-4d4235313837323536#cardid-83698609 "HTTP/1.1 200 OK"
2026-07-14 15:51:00,571 [INFO] HTTP Request: GET https://www.magicbricks.com/propertyDetails/2-BHK-1000-Sq-ft-Multistorey-Apartment-FOR-Rent-Manorama-Ganj-in-Indore&id=4d423833373838363839#cardid-83788689 "HTTP/1.1 200 OK"
2026-07-14 15:51:08,147 [INFO] HTTP Request: GET https://www.magicbricks.com/propertyDetails/3-BHK-1800-Sq-ft-Residential-House-FOR-Rent-Scheme-No.-54-in-Indore&id=4d423835343833353535#cardid-85483555 "HTTP/1.1 200 OK"
2026-07-14 15:51:12,963 [INFO] HTTP Request: GET https://www.magicbricks.com/tirumala-pride-mr-10-indore-pdpid-4d4235323531353137#cardid-84743271 "HTTP/1.1 200 OK"
2026-07-14 15:51:17,583 [INFO] HTTP Request: GET https://www.magicbricks.com/propertyDetails/2-BHK-450-Sq-ft-Residential-House-FOR-Rent-Scheme-No.-74-in-Indore&id=4d423834393234323933#cardid-84924293 "HTTP/1.1 200 OK"
2026-07-14 15:51:22,278 [INFO] HTTP Request: GET https://www.magicbricks.com/skye-luxuria-apollo-db-city-indore-pdpid-4d4235303131383138#cardid-85075671 "HTTP/1.1 301 Moved Permanently"
2026-07-14 15:51:23,111 [INFO] HTTP Request: GET https://www.magicbricks.com/skye-luxuria-nipania-indore-pdpid-4d4235303131383138#cardid-85075671 "HTTP/1.1 200 OK"
2026-07-14 15:51:23,696 [WARNING] Amenities section shows 'View All Amenities (22)' but only 12 were captured from the static HTML — the rest are likely behind a click-to-expand this scraper doesn't drive. Got: ['Club House', 'Jogging and Strolling Track', 'Cycling & Jogging Track', 'Power Back Up', 'Swimming Pool', 'Lift', 'Security', 'Park', 'Reserved Parking', 'Bank & ATM', 'Gymnasium', 'Indoor Games Room']
2026-07-14 15:51:29,139 [INFO] HTTP Request: GET https://www.magicbricks.com/propertyDetails/4-BHK-2500-Sq-ft-Villa-FOR-Rent-MR-11-in-Indore&id=4d423834393933313331#cardid-84993131 "HTTP/1.1 200 OK"
2026-07-14 15:51:34,545 [INFO] HTTP Request: GET https://www.magicbricks.com/propertyDetails/2-BHK-1125-Sq-ft-Multistorey-Apartment-FOR-Rent-Tejpurgarbari-in-Indore&id=4d423834393733333733#cardid-84973373 "HTTP/1.1 200 OK"
2026-07-14 15:51:34,706 [INFO] Detail-page enrichment: 10/118 processed, 10 coordinates and 7 amenity lists found so far
2026-07-14 15:51:39,788 [INFO] HTTP Request: GET https://www.magicbricks.com/sarthak-singapore-lifestyle-tigariya-badshah-indore-pdpid-4d4235313837323536#cardid-73683607 "HTTP/1.1 200 OK"
2026-07-14 15:51:45,942 [INFO] HTTP Request: GET https://www.magicbricks.com/propertyDetails/2-BHK-800-Sq-ft-Residential-House-FOR-Rent-Sudama-Nagar-in-Indore&id=4d423835313731303231#cardid-85171021 "HTTP/1.1 200 OK"
2026-07-14 15:51:50,610 [INFO] HTTP Request: GET https://www.magicbricks.com/propertyDetails/4-BHK-4800-Sq-ft-Villa-FOR-Rent-Shanti-Niketan-in-Indore&id=4d423634383737303831#cardid-64877081 "HTTP/1.1 200 OK"
2026-07-14 15:51:55,672 [INFO] HTTP Request: GET https://www.magicbricks.com/silver-springs-phase-2-indore-bypass-road-indore-pdpid-4d4235313038303137#cardid-81740079 "HTTP/1.1 200 OK"
2026-07-14 15:51:59,771 [INFO] HTTP Request: GET https://www.magicbricks.com/varun-divine-greens-nipania-indore-pdpid-4d4235303733363333#cardid-85526071 "HTTP/1.1 200 OK"
2026-07-14 15:52:00,217 [WARNING] Amenities section shows 'View All Amenities (16)' but only 12 were captured from the static HTML — the rest are likely behind a click-to-expand this scraper doesn't drive. Got: ['Jogging and Strolling Track', 'Outdoor Tennis Courts', 'Cycling & Jogging Track', 'Power Back Up', 'Lift', 'Security', 'Park', 'Reserved Parking', 'Visitor Parking', 'Intercom Facility', 'Maintenance Staff', 'Banquet Hall']
2026-07-14 15:52:06,427 [INFO] HTTP Request: GET https://www.magicbricks.com/s-chugh-palazzo-park-residences-nipania-indore-pdpid-4d4235303732313737#cardid-84836253 "HTTP/1.1 200 OK"
2026-07-14 15:52:07,008 [WARNING] Amenities section shows 'View All Amenities (19)' but only 12 were captured from the static HTML — the rest are likely behind a click-to-expand this scraper doesn't drive. Got: ['Cycling & Jogging Track', 'Power Back Up', 'Swimming Pool', 'Lift', 'Security', 'Park', 'Reserved Parking', 'Visitor Parking', 'Intercom Facility', 'Gymnasium', 'Flower Gardens', 'Rain Water Harvesting']
2026-07-14 15:52:11,232 [INFO] HTTP Request: GET https://www.magicbricks.com/propertyDetails/2-BHK-800-Sq-ft-Multistorey-Apartment-FOR-Rent-Gokul-Nagar-in-Indore&id=4d423834353732393633#cardid-84572963 "HTTP/1.1 200 OK"
2026-07-14 15:52:15,744 [INFO] HTTP Request: GET https://www.magicbricks.com/propertyDetails/4-BHK-3000-Sq-ft-Multistorey-Apartment-FOR-Rent-Race-Course-Road-in-Indore&id=4d423834313936353831#cardid-84196581 "HTTP/1.1 200 OK"
2026-07-14 15:52:20,081 [INFO] HTTP Request: GET https://www.magicbricks.com/skye-luxuria-nipania-indore-pdpid-4d4235303131383138#cardid-85521575 "HTTP/1.1 200 OK"
2026-07-14 15:52:20,591 [WARNING] Amenities section shows 'View All Amenities (22)' but only 12 were captured from the static HTML — the rest are likely behind a click-to-expand this scraper doesn't drive. Got: ['Club House', 'Jogging and Strolling Track', 'Cycling & Jogging Track', 'Power Back Up', 'Swimming Pool', 'Lift', 'Security', 'Park', 'Reserved Parking', 'Bank & ATM', 'Gymnasium', 'Indoor Games Room']
2026-07-14 15:52:25,058 [INFO] HTTP Request: GET https://www.magicbricks.com/sky-corporate-park-vijay-nagar-indore-pdpid-4d4235313131373633#cardid-85451631 "HTTP/1.1 200 OK"
2026-07-14 15:52:25,451 [WARNING] Amenities section shows 'View All Amenities (31)' but only 12 were captured from the static HTML — the rest are likely behind a click-to-expand this scraper doesn't drive. Got: ['Cafeteria/Food Court', 'Bar/Lounge', 'Jogging and Strolling Track', 'Outdoor Tennis Courts', 'Private Terrace/Garden', 'Power Back Up', 'Swimming Pool', 'Security', 'Park', 'Reserved Parking', 'Service/Goods Lift', 'Visitor Parking']
2026-07-14 15:52:25,452 [INFO] Detail-page enrichment: 20/118 processed, 20 coordinates and 17 amenity lists found so far
2026-07-14 15:52:30,171 [INFO] HTTP Request: GET https://www.magicbricks.com/propertyDetails/3-BHK-2000-Sq-ft-Residential-House-FOR-Rent-Geeta-Bhavan-in-Indore&id=4d423833313435323937#cardid-83145297 "HTTP/1.1 200 OK"
2026-07-14 15:52:33,673 [INFO] HTTP Request: GET https://www.magicbricks.com/sarthak-singapore-lifestyle-tigariya-badshah-indore-pdpid-4d4235313837323536#cardid-85283997 "HTTP/1.1 200 OK"
2026-07-14 15:52:37,964 [INFO] HTTP Request: GET https://www.magicbricks.com/propertyDetails/1-BHK-500-Sq-ft-Residential-House-FOR-Rent-Airport-Road-in-Indore&id=4d423732383934343331#cardid-72894431 "HTTP/1.1 200 OK"
2026-07-14 15:52:43,500 [INFO] HTTP Request: GET https://www.magicbricks.com/propertyDetails/1-Bigha-Agricultural-Land-FOR-Rent-Kanadiya-in-Indore&id=4d423835333237393335#cardid-85327935 "HTTP/1.1 200 OK"
2026-07-14 15:52:47,971 [INFO] HTTP Request: GET https://www.magicbricks.com/propertyDetails/2-BHK-600-Sq-ft-Residential-House-FOR-Rent-Rajwada-in-Indore&id=4d423833343631383539#cardid-83461859 "HTTP/1.1 200 OK"
2026-07-14 15:52:53,118 [INFO] HTTP Request: GET https://www.magicbricks.com/propertyDetails/3-BHK-1500-Sq-ft-Multistorey-Apartment-FOR-Rent-Mahalaxmi-Nagar-in-Indore&id=4d423835303531313939#cardid-85051199 "HTTP/1.1 200 OK"
2026-07-14 15:52:58,138 [INFO] HTTP Request: GET https://www.magicbricks.com/treasure-town-bijalpur-indore-pdpid-4d4235313231393439#cardid-70919561 "HTTP/1.1 200 OK"
2026-07-14 15:53:03,259 [INFO] HTTP Request: GET https://www.magicbricks.com/agarwal-casa-villas-talawali-chanda-indore-pdpid-4d4235303937363039#cardid-41748331 "HTTP/1.1 200 OK"
2026-07-14 15:53:11,336 [INFO] HTTP Request: GET https://www.magicbricks.com/propertyDetails/250-Sq-ft-Studio-Apartment-FOR-Rent-Scheme-No-103-in-Indore&id=4d423835333334393439#cardid-85334949 "HTTP/1.1 200 OK"
2026-07-14 15:53:16,040 [INFO] HTTP Request: GET https://www.magicbricks.com/bcm-planet-nipania-indore-pdpid-4d4235303938363037#cardid-83791925 "HTTP/1.1 200 OK"
2026-07-14 15:53:16,761 [INFO] Detail-page enrichment: 30/118 processed, 30 coordinates and 26 amenity lists found so far
2026-07-14 15:53:24,355 [INFO] HTTP Request: GET https://www.magicbricks.com/propertyDetails/3-BHK-2080-Sq-ft-Residential-House-FOR-Rent-Mahalaxmi-Nagar-in-Indore&id=4d423834393138333435#cardid-84918345 "HTTP/1.1 200 OK"
2026-07-14 15:53:30,403 [INFO] HTTP Request: GET https://www.magicbricks.com/sakar-nri-city-1-bicholi-mardana-indore-pdpid-4d4235323032393431#cardid-71225101 "HTTP/1.1 200 OK"
2026-07-14 15:53:36,454 [INFO] HTTP Request: GET https://www.magicbricks.com/propertyDetails/2-BHK-1500-Sq-ft-Residential-House-FOR-Rent-Vijay-Nagar-in-Indore&id=4d423834353031373935#cardid-84501795 "HTTP/1.1 200 OK"
2026-07-14 15:53:43,284 [INFO] HTTP Request: GET https://www.magicbricks.com/propertyDetails/1-BHK-800-Sq-ft-Residential-House-FOR-Rent-Sajan-Nagar-Road-in-Indore&id=4d423834363436373537#cardid-84646757 "HTTP/1.1 200 OK"
2026-07-14 15:53:48,311 [INFO] HTTP Request: GET https://www.magicbricks.com/man-royal-greens-niranjanpur-indore-pdpid-4d4235313836353532#cardid-84793303 "HTTP/1.1 200 OK"
2026-07-14 15:53:48,753 [WARNING] Amenities section shows 'View All Amenities (31)' but only 12 were captured from the static HTML — the rest are likely behind a click-to-expand this scraper doesn't drive. Got: ['Club House', 'Cafeteria/Food Court', 'Bar/Lounge', 'Jogging and Strolling Track', 'Outdoor Tennis Courts', 'Private Terrace/Garden', 'Power Back Up', 'Swimming Pool', 'Lift', 'Security', 'Park', 'Reserved Parking']
2026-07-14 15:53:54,879 [INFO] HTTP Request: GET https://www.magicbricks.com/silver-springs-indore-bypass-road-indore-pdpid-4d4235303030323633#cardid-16671466 "HTTP/1.1 200 OK"
2026-07-14 15:53:55,301 [WARNING] Amenities section shows 'View All Amenities (21)' but only 12 were captured from the static HTML — the rest are likely behind a click-to-expand this scraper doesn't drive. Got: ['Power Back Up', 'Swimming Pool', 'Lift', 'Security', 'Park', 'Reserved Parking', 'Visitor Parking', 'Bank & ATM', 'Guest Accommodation', 'Gymnasium', 'AEROBICS ROOM', 'Rain Water Harvesting']
2026-07-14 15:53:58,645 [INFO] HTTP Request: GET https://www.magicbricks.com/ansal-town-indore-talawali-chanda-indore-pdpid-4d4235303932393332#cardid-85213983 "HTTP/1.1 200 OK"
2026-07-14 15:53:59,031 [WARNING] Amenities section shows 'View All Amenities (14)' but only 12 were captured from the static HTML — the rest are likely behind a click-to-expand this scraper doesn't drive. Got: ['Club House', 'Jogging and Strolling Track', 'Swimming Pool', 'Lift', 'Security', 'Park', 'Reserved Parking', 'Visitor Parking', 'Intercom Facility', 'Maintenance Staff', 'Gymnasium', 'Meditation Area']
2026-07-14 15:54:05,914 [INFO] HTTP Request: GET https://www.magicbricks.com/propertyDetails/3-BHK-1500-Sq-ft-Residential-House-FOR-Rent-Hukma-Khedi-in-Indore&id=4d423737383136303437#cardid-77816047 "HTTP/1.1 200 OK"
2026-07-14 15:54:11,047 [INFO] HTTP Request: GET https://www.magicbricks.com/propertyDetails/4-BHK-2600-Sq-ft-Residential-House-FOR-Rent-Shalimar-Township-in-Indore&id=4d423835333433333635#cardid-85343365 "HTTP/1.1 200 OK"
2026-07-14 15:54:17,193 [INFO] HTTP Request: GET https://www.magicbricks.com/propertyDetails/1-BHK-650-Sq-ft-Multistorey-Apartment-FOR-Rent-Mahalaxmi-Nagar-in-Indore&id=4d423835333938373131#cardid-85398711 "HTTP/1.1 200 OK"
2026-07-14 15:54:17,361 [INFO] Detail-page enrichment: 40/118 processed, 40 coordinates and 35 amenity lists found so far
2026-07-14 15:54:24,315 [INFO] HTTP Request: GET https://www.magicbricks.com/propertyDetails/4-BHK-3120-Sq-ft-Villa-FOR-Rent-New-Rani-Bagh-in-Indore&id=4d423736383236373037#cardid-76826707 "HTTP/1.1 200 OK"
2026-07-14 15:54:29,339 [INFO] HTTP Request: GET https://www.magicbricks.com/propertyDetails/4-BHK-3000-Sq-ft-Villa-FOR-Rent-Nainod-in-Indore&id=4d423834313238383339#cardid-84128839 "HTTP/1.1 200 OK"
2026-07-14 15:54:34,605 [INFO] HTTP Request: GET https://www.magicbricks.com/propertyDetails/1-BHK-750-Sq-ft-Residential-House-FOR-Rent-in-Indore&id=4d423835303137323535#cardid-85017255 "HTTP/1.1 200 OK"
2026-07-14 15:54:38,639 [INFO] HTTP Request: GET https://www.magicbricks.com/indus-satellite-greens-ab-road-indore-pdpid-4d4235303231373939#cardid-85257959 "HTTP/1.1 301 Moved Permanently"
2026-07-14 15:54:39,400 [INFO] HTTP Request: GET https://www.magicbricks.com/indus-satellite-greens-devas-road-indore-pdpid-4d4235303231373939#cardid-85257959 "HTTP/1.1 200 OK"
2026-07-14 15:54:39,698 [WARNING] Amenities section shows 'View All Amenities (19)' but only 12 were captured from the static HTML — the rest are likely behind a click-to-expand this scraper doesn't drive. Got: ['Club House', 'Cycling & Jogging Track', 'Private Terrace/Garden', 'Power Back Up', 'Swimming Pool', 'Security', 'Park', 'Reserved Parking', 'Visitor Parking', 'Intercom Facility', 'Maintenance Staff', 'Gymnasium']
2026-07-14 15:54:44,018 [INFO] HTTP Request: GET https://www.magicbricks.com/propertyDetails/2-BHK-1000-Sq-ft-Residential-House-FOR-Rent-Arandia-in-Indore&id=4d423835313337323239#cardid-85137229 "HTTP/1.1 200 OK"
2026-07-14 15:54:48,335 [INFO] HTTP Request: GET https://www.magicbricks.com/buildwell-eminence-ujjain-indore-road-indore-pdpid-4d4235343239373837#cardid-85108345 "HTTP/1.1 200 OK"
2026-07-14 15:54:53,245 [INFO] HTTP Request: GET https://www.magicbricks.com/bholaram-bhawar-kuan-square-indore-pdpid-4d4235343035303439#cardid-85535335 "HTTP/1.1 200 OK"
2026-07-14 15:54:59,604 [INFO] HTTP Request: GET https://www.magicbricks.com/db-pride-talawali-chanda-indore-pdpid-4d4235303733363536#cardid-81761599 "HTTP/1.1 200 OK"
2026-07-14 15:55:00,099 [WARNING] Amenities section shows 'View All Amenities (33)' but only 12 were captured from the static HTML — the rest are likely behind a click-to-expand this scraper doesn't drive. Got: ['Club House', 'Cafeteria/Food Court', 'Bar/Lounge', 'Jogging and Strolling Track', 'Outdoor Tennis Courts', 'Private Terrace/Garden', 'Power Back Up', 'Swimming Pool', 'Lift', 'Security', 'Park', 'Reserved Parking']
2026-07-14 15:55:05,445 [INFO] HTTP Request: GET https://www.magicbricks.com/propertyDetails/1-BHK-500-Sq-ft-Multistorey-Apartment-FOR-Rent-Mahalaxmi-Nagar-in-Indore&id=4d423736363135363533#cardid-76615653 "HTTP/1.1 200 OK"
2026-07-14 15:55:11,700 [INFO] HTTP Request: GET https://www.magicbricks.com/propertyDetails/1-BHK-650-Sq-ft-Builder-Floor-Apartment-FOR-Rent-Khatiwala-Tank-in-Indore&id=4d423833343937313635#cardid-83497165 "HTTP/1.1 200 OK"
2026-07-14 15:55:11,843 [INFO] Detail-page enrichment: 50/118 processed, 49 coordinates and 44 amenity lists found so far
2026-07-14 15:55:17,604 [INFO] HTTP Request: GET https://www.magicbricks.com/propertyDetails/2-BHK-1000-Sq-ft-Residential-House-FOR-Rent-Vijay-Nagar-in-Indore&id=4d423831373332393835#cardid-81732985 "HTTP/1.1 200 OK"
2026-07-14 15:55:23,516 [INFO] HTTP Request: GET https://www.magicbricks.com/malwa-enclave-rahu-khedi-indore-pdpid-4d4235333930323335#cardid-85098631 "HTTP/1.1 200 OK"
2026-07-14 15:55:23,873 [WARNING] Amenities section shows 'View All Amenities (21)' but only 12 were captured from the static HTML — the rest are likely behind a click-to-expand this scraper doesn't drive. Got: ['Swimming Pool', 'Park', 'Visitor Parking', 'Maintenance Staff', 'Banquet Hall', 'Guest Accommodation', 'Gymnasium', 'Rain Water Harvesting', 'Water Storage', 'Vaastu Compliant', 'Internet/Wi-Fi Connectivity', 'High Ceiling']
2026-07-14 15:55:29,183 [INFO] HTTP Request: GET https://www.magicbricks.com/vijay-nagar-square-indore-scheme-no.-54-indore-pdpid-4d4235323437363837#cardid-84040719 "HTTP/1.1 200 OK"
2026-07-14 15:55:35,543 [INFO] HTTP Request: GET https://www.magicbricks.com/propertyDetails/3-BHK-1200-Sq-ft-Multistorey-Apartment-FOR-Rent-Shree-Nagar-Extension-in-Indore&id=4d423533343833313135#cardid-53483115 "HTTP/1.1 200 OK"
2026-07-14 15:55:40,739 [INFO] HTTP Request: GET https://www.magicbricks.com/propertyDetails/2-BHK-1250-Sq-ft-Multistorey-Apartment-FOR-Rent-Gopur-Colony-in-Indore&id=4d423833383337353031#cardid-83837501 "HTTP/1.1 200 OK"
2026-07-14 15:55:46,389 [INFO] HTTP Request: GET https://www.magicbricks.com/bcm-paradise-nipania-indore-pdpid-4d4235303239373138#cardid-83661635 "HTTP/1.1 200 OK"
2026-07-14 15:55:46,936 [WARNING] Amenities section shows 'View All Amenities (30)' but only 12 were captured from the static HTML — the rest are likely behind a click-to-expand this scraper doesn't drive. Got: ['Club House', 'Cafeteria/Food Court', 'Jogging and Strolling Track', 'Outdoor Tennis Courts', 'Power Back Up', 'Swimming Pool', 'Lift', 'Security', 'Park', 'Reserved Parking', 'Service/Goods Lift', 'Maintenance Staff']
2026-07-14 15:55:51,195 [INFO] HTTP Request: GET https://www.magicbricks.com/propertyDetails/3-BHK-2000-Sq-ft-Residential-House-FOR-Rent-Vijay-Nagar-in-Indore&id=4d423834333935363833#cardid-84395683 "HTTP/1.1 200 OK"
2026-07-14 15:55:55,696 [INFO] HTTP Request: GET https://www.magicbricks.com/propertyDetails/3-BHK-3500-Sq-ft-Residential-House-FOR-Rent-Mahalaxmi-Nagar-in-Indore&id=4d423835343538343233#cardid-85458423 "HTTP/1.1 200 OK"
2026-07-14 15:56:01,460 [INFO] HTTP Request: GET https://www.magicbricks.com/propertyDetails/2-BHK-1200-Sq-ft-Residential-House-FOR-Rent-Mahalaxmi-Nagar-in-Indore&id=4d423830393533363635#cardid-80953665 "HTTP/1.1 200 OK"
2026-07-14 15:56:05,007 [INFO] HTTP Request: GET https://www.magicbricks.com/propertyDetails/3-BHK-2200-Sq-ft-Residential-House-FOR-Rent-in-Indore&id=4d423832343133383731#cardid-82413871 "HTTP/1.1 200 OK"
2026-07-14 15:56:05,476 [INFO] Detail-page enrichment: 60/118 processed, 58 coordinates and 52 amenity lists found so far
2026-07-14 15:56:08,848 [INFO] HTTP Request: GET https://www.magicbricks.com/skye-luxuria-nipania-indore-pdpid-4d4235303131383138#cardid-64598901 "HTTP/1.1 200 OK"
2026-07-14 15:56:09,365 [WARNING] Amenities section shows 'View All Amenities (22)' but only 12 were captured from the static HTML — the rest are likely behind a click-to-expand this scraper doesn't drive. Got: ['Club House', 'Jogging and Strolling Track', 'Cycling & Jogging Track', 'Power Back Up', 'Swimming Pool', 'Lift', 'Security', 'Park', 'Reserved Parking', 'Bank & ATM', 'Gymnasium', 'Indoor Games Room']
2026-07-14 15:56:16,274 [INFO] HTTP Request: GET https://www.magicbricks.com/propertyDetails/1-BHK-850-Sq-ft-Multistorey-Apartment-FOR-Rent-Gopur-Square-in-Indore&id=4d423835343934353535#cardid-85494555 "HTTP/1.1 200 OK"
2026-07-14 15:56:24,160 [INFO] HTTP Request: GET https://www.magicbricks.com/omaxe-pratham-mayakhedi-indore-pdpid-4d4235343235353139#cardid-84764513 "HTTP/1.1 200 OK"
2026-07-14 15:56:30,096 [INFO] HTTP Request: GET https://www.magicbricks.com/shehnai-residency-lig-colony-indore-pdpid-4d4235323439393631#cardid-68095195 "HTTP/1.1 301 Moved Permanently"
2026-07-14 15:56:31,044 [INFO] HTTP Request: GET https://www.magicbricks.com/shehnai-residency-ab-road-indore-pdpid-4d4235323439393631#cardid-68095195 "HTTP/1.1 200 OK"
2026-07-14 15:56:38,732 [INFO] HTTP Request: GET https://www.magicbricks.com/tiara-residence-bicholi-hapsi-indore-pdpid-4d4235313133363631#cardid-85342043 "HTTP/1.1 200 OK"
2026-07-14 15:56:39,523 [WARNING] Amenities section shows 'View All Amenities (20)' but only 12 were captured from the static HTML — the rest are likely behind a click-to-expand this scraper doesn't drive. Got: ['Club House', 'Power Back Up', 'Swimming Pool', 'Lift', 'Security', 'Reserved Parking', 'Visitor Parking', 'Intercom Facility', 'Maintenance Staff', 'Gymnasium', 'Indoor Games Room', 'Rain Water Harvesting']
2026-07-14 15:56:43,413 [INFO] HTTP Request: GET https://www.magicbricks.com/grv-brij-residency-phase-2-mr-11-indore-pdpid-4d4235333234323133#cardid-82712729 "HTTP/1.1 200 OK"
2026-07-14 15:56:47,827 [INFO] HTTP Request: GET https://www.magicbricks.com/propertyDetails/1-BHK-400-Sq-ft-Multistorey-Apartment-FOR-Rent-Mahalaxmi-Nagar-in-Indore&id=4d423834353532373037#cardid-84552707 "HTTP/1.1 200 OK"
2026-07-14 15:56:53,651 [INFO] HTTP Request: GET https://www.magicbricks.com/db-pride-talawali-chanda-indore-pdpid-4d4235303733363536#cardid-85530491 "HTTP/1.1 200 OK"
2026-07-14 15:56:54,420 [WARNING] Amenities section shows 'View All Amenities (33)' but only 12 were captured from the static HTML — the rest are likely behind a click-to-expand this scraper doesn't drive. Got: ['Club House', 'Cafeteria/Food Court', 'Bar/Lounge', 'Jogging and Strolling Track', 'Outdoor Tennis Courts', 'Private Terrace/Garden', 'Power Back Up', 'Swimming Pool', 'Lift', 'Security', 'Park', 'Reserved Parking']
2026-07-14 15:56:59,803 [INFO] HTTP Request: GET https://www.magicbricks.com/propertyDetails/4-BHK-1600-Sq-ft-Villa-FOR-Rent-Nipania-in-Indore&id=4d423834393139333239#cardid-84919329 "HTTP/1.1 200 OK"
2026-07-14 15:57:06,148 [INFO] HTTP Request: GET https://www.magicbricks.com/propertyDetails/1-BHK-960-Sq-ft-Multistorey-Apartment-FOR-Rent-Mahalaxmi-Nagar-in-Indore&id=4d423835333037363035#cardid-85307605 "HTTP/1.1 200 OK"
2026-07-14 15:57:06,339 [INFO] Detail-page enrichment: 70/118 processed, 68 coordinates and 59 amenity lists found so far
2026-07-14 15:57:12,504 [INFO] HTTP Request: GET https://www.magicbricks.com/propertyDetails/1-BHK-500-Sq-ft-Builder-Floor-Apartment-FOR-Rent-Mahalaxmi-Nagar-in-Indore&id=4d423835353337313137#cardid-85537117 "HTTP/1.1 200 OK"
2026-07-14 15:57:17,824 [INFO] HTTP Request: GET https://www.magicbricks.com/aarone-countywalk-indore-bypass-road-indore-pdpid-4d4235303939363433#cardid-85444293 "HTTP/1.1 200 OK"
2026-07-14 15:57:18,217 [WARNING] Amenities section shows 'View All Amenities (24)' but only 0 were captured from the static HTML — the rest are likely behind a click-to-expand this scraper doesn't drive. Got: []
2026-07-14 15:57:24,184 [INFO] HTTP Request: GET https://www.magicbricks.com/treasure-fantasy-rau-road-indore-pdpid-4d4235303432353839#cardid-85475315 "HTTP/1.1 200 OK"
2026-07-14 15:57:24,860 [WARNING] Amenities section shows 'View All Amenities (9)' but only 0 were captured from the static HTML — the rest are likely behind a click-to-expand this scraper doesn't drive. Got: []
2026-07-14 15:57:29,093 [INFO] HTTP Request: GET https://www.magicbricks.com/propertyDetails/1-BHK-605-Sq-ft-Multistorey-Apartment-FOR-Rent-Vijay-Nagar-in-Indore&id=4d423834363231303335#cardid-84621035 "HTTP/1.1 200 OK"
2026-07-14 15:57:33,492 [INFO] HTTP Request: GET https://www.magicbricks.com/kalindi-mid-town-indore-bypass-road-indore-pdpid-4d4235303239383037#cardid-20746432 "HTTP/1.1 200 OK"
2026-07-14 15:57:38,834 [INFO] HTTP Request: GET https://www.magicbricks.com/sakar-elite-apex-mahalaxmi-nagar-indore-pdpid-4d4235313036393335#cardid-85340193 "HTTP/1.1 200 OK"
2026-07-14 15:57:46,996 [INFO] HTTP Request: GET https://www.magicbricks.com/propertyDetails/3-BHK-1600-Sq-ft-Residential-House-FOR-Rent-Nipania-in-Indore&id=4d423834343739363939#cardid-84479699 "HTTP/1.1 200 OK"
2026-07-14 15:57:52,430 [INFO] HTTP Request: GET https://www.magicbricks.com/propertyDetails/3-BHK-1300-Sq-ft-Multistorey-Apartment-FOR-Rent-Limbodi-in-Indore&id=4d423834383435303239#cardid-84845029 "HTTP/1.1 200 OK"
2026-07-14 15:57:56,230 [INFO] HTTP Request: GET https://www.magicbricks.com/shubh-labh-heights-mr-11-indore-pdpid-4d4235323437393833#cardid-85257555 "HTTP/1.1 200 OK"
2026-07-14 15:58:01,720 [INFO] HTTP Request: GET https://www.magicbricks.com/bcm-park-piplya-kumar-indore-pdpid-4d4235303938363735#cardid-72290361 "HTTP/1.1 200 OK"
2026-07-14 15:58:02,317 [INFO] Detail-page enrichment: 80/118 processed, 78 coordinates and 64 amenity lists found so far
2026-07-14 15:58:09,121 [INFO] HTTP Request: GET https://www.magicbricks.com/pinnacle-d-dreams-piplya-kumar-indore-pdpid-4d4235303231343334#cardid-85416815 "HTTP/1.1 200 OK"
2026-07-14 15:58:16,331 [INFO] HTTP Request: GET https://www.magicbricks.com/propertyDetails/2-BHK-1050-Sq-ft-Multistorey-Apartment-FOR-Rent-Silicon-City-in-Indore&id=4d423835333736383639#cardid-85376869 "HTTP/1.1 200 OK"
2026-07-14 15:58:21,508 [INFO] HTTP Request: GET https://www.magicbricks.com/propertyDetails/1-BHK-615-Sq-ft-Multistorey-Apartment-FOR-Rent-Silicon-City-in-Indore&id=4d423835343034303235#cardid-85404025 "HTTP/1.1 200 OK"
2026-07-14 15:58:27,580 [INFO] HTTP Request: GET https://www.magicbricks.com/propertyDetails/2-BHK-1110-Sq-ft-Multistorey-Apartment-FOR-Rent-Apollo-DB-City-in-Indore&id=4d423835313935393839#cardid-85195989 "HTTP/1.1 200 OK"
2026-07-14 15:58:31,161 [INFO] HTTP Request: GET https://www.magicbricks.com/treasure-fantasy-rau-road-indore-pdpid-4d4235303432353839#cardid-82565841 "HTTP/1.1 200 OK"
2026-07-14 15:58:31,863 [WARNING] Amenities section shows 'View All Amenities (9)' but only 0 were captured from the static HTML — the rest are likely behind a click-to-expand this scraper doesn't drive. Got: []
2026-07-14 15:58:37,192 [INFO] HTTP Request: GET https://www.magicbricks.com/propertyDetails/3-BHK-2500-Sq-ft-Multistorey-Apartment-FOR-Rent-Scheme-No-140-in-Indore&id=4d423830333833363731#cardid-80383671 "HTTP/1.1 200 OK"
2026-07-14 15:58:40,862 [INFO] HTTP Request: GET https://www.magicbricks.com/propertyDetails/2-BHK-900-Sq-ft-Multistorey-Apartment-FOR-Rent-Nipania-in-Indore&id=4d423830363236313839#cardid-80626189 "HTTP/1.1 200 OK"
2026-07-14 15:58:45,279 [INFO] HTTP Request: GET https://www.magicbricks.com/gk-aanandam-nipania-indore-pdpid-4d4235313236393939#cardid-85351111 "HTTP/1.1 200 OK"
2026-07-14 15:58:46,073 [WARNING] Amenities section shows 'View All Amenities (14)' but only 12 were captured from the static HTML — the rest are likely behind a click-to-expand this scraper doesn't drive. Got: ['Club House', 'Jogging and Strolling Track', 'Power Back Up', 'Swimming Pool', 'Lift', 'Security', 'Reserved Parking', 'Maintenance Staff', 'Gymnasium', 'Water Storage', 'Vaastu Compliant', 'Waste Disposal']
2026-07-14 15:58:51,717 [INFO] HTTP Request: GET https://www.magicbricks.com/propertyDetails/2-BHK-1050-Sq-ft-Multistorey-Apartment-FOR-Rent-Vijay-Nagar-in-Indore&id=4d423835333633363935#cardid-85363695 "HTTP/1.1 200 OK"
2026-07-14 15:58:57,872 [INFO] HTTP Request: GET https://www.magicbricks.com/propertyDetails/2-BHK-1000-Sq-ft-Multistorey-Apartment-FOR-Rent-Bicholi-Mardana-in-Indore&id=4d423738333635333837#cardid-78365387 "HTTP/1.1 200 OK"
2026-07-14 15:58:58,263 [INFO] Detail-page enrichment: 90/118 processed, 88 coordinates and 73 amenity lists found so far
2026-07-14 15:59:03,091 [INFO] HTTP Request: GET https://www.magicbricks.com/mirchandani-shalimar-swayam-mr-10-indore-pdpid-4d4235303431373437#cardid-84210481 "HTTP/1.1 200 OK"
2026-07-14 15:59:03,553 [WARNING] Amenities section shows 'View All Amenities (22)' but only 12 were captured from the static HTML — the rest are likely behind a click-to-expand this scraper doesn't drive. Got: ['Club House', 'Jogging and Strolling Track', 'Outdoor Tennis Courts', 'Cycling & Jogging Track', 'Power Back Up', 'Swimming Pool', 'Lift', 'Security', 'Reserved Parking', 'Gymnasium', 'Indoor Games Room', 'AEROBICS ROOM']
2026-07-14 15:59:07,822 [INFO] HTTP Request: GET https://www.magicbricks.com/smart-living-pushp-vihar-indore-pdpid-4d4235323530323937#cardid-85045945 "HTTP/1.1 200 OK"
2026-07-14 15:59:12,917 [INFO] HTTP Request: GET https://www.magicbricks.com/cosmos-city-bicholi-mardana-indore-pdpid-4d4235303431373031#cardid-85264069 "HTTP/1.1 200 OK"
2026-07-14 15:59:18,472 [INFO] HTTP Request: GET https://www.magicbricks.com/propertyDetails/2-BHK-600-Sq-ft-Residential-House-FOR-Rent-Vijay-Nagar-in-Indore&id=4d423835343934313737#cardid-85494177 "HTTP/1.1 200 OK"
2026-07-14 15:59:24,492 [INFO] HTTP Request: GET https://www.magicbricks.com/vastu-silicon-city-rau-pithampur-road-indore-pdpid-4d4235323636313537#cardid-85155127 "HTTP/1.1 200 OK"
2026-07-14 15:59:32,488 [INFO] HTTP Request: GET https://www.magicbricks.com/propertyDetails/2-BHK-1011-Sq-ft-Multistorey-Apartment-FOR-Rent-in-Indore&id=4d423835313935373733#cardid-85195773 "HTTP/1.1 200 OK"
2026-07-14 15:59:38,921 [INFO] HTTP Request: GET https://www.magicbricks.com/omaxe-shubhangan-premium-extension-phase-1-and-phase-2-omaxe-city-1-indore-pdpid-4d4235343233313433#cardid-84875795 "HTTP/1.1 301 Moved Permanently"
2026-07-14 15:59:39,712 [INFO] HTTP Request: GET https://www.magicbricks.com/omaxe-shubhangan-premium-extension-phase-1-and-phase-2-balya-kheda-indore-pdpid-4d4235343233313433#cardid-84875795 "HTTP/1.1 200 OK"
2026-07-14 15:59:44,170 [INFO] HTTP Request: GET https://www.magicbricks.com/grande-exotica-bicholi-mardana-indore-pdpid-4d4235303731393437#cardid-68486617 "HTTP/1.1 200 OK"
2026-07-14 15:59:44,646 [WARNING] Amenities section shows 'View All Amenities (11)' but only 0 were captured from the static HTML — the rest are likely behind a click-to-expand this scraper doesn't drive. Got: []
2026-07-14 15:59:49,593 [INFO] HTTP Request: GET https://www.magicbricks.com/shubh-labh-residency-khajrana-indore-pdpid-4d4235303939333935#cardid-75484727 "HTTP/1.1 200 OK"
2026-07-14 15:59:56,644 [INFO] HTTP Request: GET https://www.magicbricks.com/propertyDetails/2-BHK-555-Sq-ft-Multistorey-Apartment-FOR-Rent-New-Rani-Bagh-in-Indore&id=4d423534393036383739#cardid-54906879 "HTTP/1.1 200 OK"
2026-07-14 15:59:56,767 [INFO] Detail-page enrichment: 100/118 processed, 97 coordinates and 78 amenity lists found so far
2026-07-14 16:00:01,324 [INFO] HTTP Request: GET https://www.magicbricks.com/near-bombay-hospital-mahalaxmi-nagar-indore-pdpid-4d4235343130333833#cardid-85367607 "HTTP/1.1 200 OK"
2026-07-14 16:00:05,074 [INFO] HTTP Request: GET https://www.magicbricks.com/propertyDetails/1-BHK-650-Sq-ft-Residential-House-FOR-Rent-in-Indore&id=4d423830383536323431#cardid-80856241 "HTTP/1.1 200 OK"
2026-07-14 16:00:11,181 [INFO] HTTP Request: GET https://www.magicbricks.com/propertyDetails/1-BHK-450-Sq-ft-Residential-House-FOR-Rent-Ujjain-Indore-Road-in-Indore&id=4d423833353838343235#cardid-83588425 "HTTP/1.1 200 OK"
2026-07-14 16:00:15,592 [INFO] HTTP Request: GET https://www.magicbricks.com/propertyDetails/1-BHK-500-Sq-ft-Multistorey-Apartment-FOR-Rent-Patnipura-in-Indore&id=4d423833383239353337#cardid-83829537 "HTTP/1.1 200 OK"
2026-07-14 16:00:20,091 [INFO] HTTP Request: GET https://www.magicbricks.com/propertyDetails/1-BHK-450-Sq-ft-Builder-Floor-Apartment-FOR-Rent-Scheme-No-134-in-Indore&id=4d423739393032333433#cardid-79902343 "HTTP/1.1 200 OK"
2026-07-14 16:00:23,495 [INFO] HTTP Request: GET https://www.magicbricks.com/sarthak-singapore-lifestyle-tigariya-badshah-indore-pdpid-4d4235313837323536#cardid-85216233 "HTTP/1.1 200 OK"
2026-07-14 16:00:27,873 [INFO] HTTP Request: GET https://www.magicbricks.com/propertyDetails/2-BHK-650-Sq-ft-Multistorey-Apartment-FOR-Rent-in-Indore&id=4d423835303931323737#cardid-85091277 "HTTP/1.1 200 OK"
2026-07-14 16:00:31,066 [INFO] HTTP Request: GET https://www.magicbricks.com/near-bombay-hospital-mahalaxmi-nagar-indore-pdpid-4d4235343130333833#cardid-70007363 "HTTP/1.1 200 OK"
2026-07-14 16:00:36,313 [INFO] HTTP Request: GET https://www.magicbricks.com/propertyDetails/3-BHK-1000-Sq-ft-Residential-House-FOR-Rent-Nipania-in-Indore&id=4d423835343431343133#cardid-85441413 "HTTP/1.1 200 OK"
2026-07-14 16:00:39,764 [INFO] HTTP Request: GET https://www.magicbricks.com/lifestyle-ocean-park-nipania-indore-pdpid-4d4235303338383038#cardid-84387671 "HTTP/1.1 200 OK"
2026-07-14 16:00:40,322 [INFO] Detail-page enrichment: 110/118 processed, 106 coordinates and 85 amenity lists found so far
2026-07-14 16:00:44,256 [INFO] HTTP Request: GET https://www.magicbricks.com/propertyDetails/1-BHK-600-Sq-ft-Residential-House-FOR-Rent-Scheme-No-136-in-Indore&id=4d423630313037303431#cardid-60107041 "HTTP/1.1 200 OK"
2026-07-14 16:00:49,383 [INFO] HTTP Request: GET https://www.magicbricks.com/propertyDetails/2-BHK-750-Sq-ft-Multistorey-Apartment-FOR-Rent-Lokmanya-Nagar-in-Indore&id=4d423835333638303735#cardid-85368075 "HTTP/1.1 200 OK"
2026-07-14 16:00:56,474 [INFO] HTTP Request: GET https://www.magicbricks.com/om-heights-rajendra-nagar-indore-pdpid-4d4235323138323831#cardid-75081103 "HTTP/1.1 200 OK"
2026-07-14 16:01:02,096 [INFO] HTTP Request: GET https://www.magicbricks.com/sarthak-estate-galaxy-rau-indore-pdpid-4d4235303236323030#cardid-85122401 "HTTP/1.1 200 OK"
2026-07-14 16:01:02,971 [WARNING] Amenities section shows 'View All Amenities (14)' but only 12 were captured from the static HTML — the rest are likely behind a click-to-expand this scraper doesn't drive. Got: ['Power Back Up', 'Lift', 'Security', 'Park', 'Reserved Parking', 'Visitor Parking', 'Intercom Facility', 'Maintenance Staff', 'Gymnasium', 'Rain Water Harvesting', 'Vaastu Compliant', 'Grand Entrance lobby']
2026-07-14 16:01:07,717 [INFO] HTTP Request: GET https://www.magicbricks.com/propertyDetails/1-BHK-180-Sq-yrd-Residential-House-FOR-Rent-Chandra-Nagar-in-Indore&id=4d423236323033383437#cardid-26203847 "HTTP/1.1 200 OK"
2026-07-14 16:01:12,426 [INFO] HTTP Request: GET https://www.magicbricks.com/man-royal-view-vijay-nagar-indore-pdpid-4d4235323638313335#cardid-84973575 "HTTP/1.1 200 OK"
2026-07-14 16:01:18,379 [INFO] HTTP Request: GET https://www.magicbricks.com/propertyDetails/1-BHK-750-Sq-ft-Multistorey-Apartment-FOR-Rent-Tulsi-Nagar-in-Indore&id=4d423439373732393236#cardid-49772926 "HTTP/1.1 200 OK"
2026-07-14 16:01:25,900 [INFO] HTTP Request: GET https://www.magicbricks.com/propertyDetails/1-BHK-600-Sq-ft-Residential-House-FOR-Rent-Surya-Dev-Nagar-in-Indore&id=4d423730323732353735#cardid-70272575 "HTTP/1.1 200 OK"
2026-07-14 16:01:26,105 [INFO] Detail-page enrichment complete: 114/118 listings got real coordinates, 90/118 got an amenities list
2026-07-14 16:01:26,106 [INFO] Scraped 118 total listings
2026-07-14 16:01:26,113 [INFO] Wrote 118 listings to scraped_listings.jsonl
2026-07-14 16:02:21,626 [INFO] No city name in config — reverse-geocoding (9.9312, 76.2673)...
2026-07-14 16:02:22,429 [INFO] Resolved city: Kochi, state: Kerala
2026-07-14 16:02:22,431 [INFO] Saved resolved values back to C:\Users\riddh\OneDrive\Desktop\skymark-grid-project\config.json
2026-07-14 16:02:22,436 [INFO] Starting MagicBricks scrape run
2026-07-14 16:02:23,132 [INFO] Bootstrapping session via Playwright: https://www.magicbricks.com/property-for-rent/residential-real-estate?cityName=Kochi&page=1
2026-07-14 16:02:27,926 [INFO] Skipping likely-commercial listing:  Warehouse/ Godown for Rent in Thammanam Pullepady Road Kochi
2026-07-14 16:02:27,929 [INFO] Skipping likely-commercial listing:   Office Space for Rent in Cherai Kochi
2026-07-14 16:02:27,948 [INFO] Skipping likely-commercial listing:   Office Space for Rent in Kadavanthra Kochi
2026-07-14 16:02:27,962 [INFO] Skipping likely-commercial listing:   Office Space for Rent in Vyttila Kochi
2026-07-14 16:02:27,965 [INFO] Skipping likely-commercial listing:   Showroom for Rent in Kundanoor Kochi
2026-07-14 16:02:27,968 [INFO] Skipping likely-commercial listing:  Office in IT Park/ SEZ for Rent in Oxford business centre, Ravipuram Kochi
2026-07-14 16:02:27,971 [INFO] Skipping likely-commercial listing:   Office Space for Rent in Kadavanthra Kochi
2026-07-14 16:02:27,975 [INFO] Skipping likely-commercial listing:   Office Space for Rent in Thiruvankulam Kochi
2026-07-14 16:02:27,979 [INFO] Skipping likely-commercial listing:   Office Space for Rent in Edappally Kochi
2026-07-14 16:02:27,982 [INFO] Skipping likely-commercial listing:   Office Space for Rent in Fort Kochi Kochi
2026-07-14 16:02:28,001 [INFO] Skipping likely-commercial listing:   Office Space for Rent in Mahatma Gandhi Road Kochi
2026-07-14 16:02:28,018 [INFO] Skipping likely-commercial listing:   Shop for Rent in Padma Junction Kochi
2026-07-14 16:02:28,020 [INFO] Page 1: 18 listings parsed so far
2026-07-14 16:02:35,872 [INFO] HTTP Request: GET https://www.magicbricks.com/property-for-rent/residential-real-estate?cityName=Kochi&page=2 "HTTP/1.1 200 OK"
2026-07-14 16:02:36,123 [INFO] Skipping likely-commercial listing:  Warehouse/ Godown for Rent in Thoppumpady Kochi
2026-07-14 16:02:36,140 [INFO] Skipping likely-commercial listing:   Office Space for Rent in Thrikkakara Kochi
2026-07-14 16:02:36,145 [INFO] Skipping likely-commercial listing:   Office Space for Rent in Thevara Kochi
2026-07-14 16:02:36,147 [INFO] Skipping likely-commercial listing:  Warehouse/ Godown for Rent in Thammanam Pullepady Road Kochi
2026-07-14 16:02:36,156 [INFO] Skipping likely-commercial listing:   Office Space for Rent in 2nd floor, Krishna Hospital Kochi
2026-07-14 16:02:36,159 [INFO] Skipping likely-commercial listing:  Warehouse/ Godown for Rent in Puthiyakavu Kochi
2026-07-14 16:02:36,161 [INFO] Skipping likely-commercial listing:   Office Space for Rent in Vennala Kochi
2026-07-14 16:02:36,176 [INFO] Skipping likely-commercial listing:   Shop for Rent in Fort Kochi Kochi
2026-07-14 16:02:36,179 [INFO] Skipping likely-commercial listing:   Office Space for Rent in Padamugal Kochi
2026-07-14 16:02:36,179 [INFO] Page 2: +21 listings (running total: 39)
2026-07-14 16:02:42,261 [INFO] HTTP Request: GET https://www.magicbricks.com/property-for-rent/residential-real-estate?cityName=Kochi&page=3 "HTTP/1.1 200 OK"
2026-07-14 16:02:42,442 [INFO] Skipping likely-commercial listing:   Shop for Rent in Maradu Kochi
2026-07-14 16:02:42,449 [INFO] Skipping likely-commercial listing:  Warehouse/ Godown for Rent in Aluva Kochi
2026-07-14 16:02:42,459 [INFO] Skipping likely-commercial listing:   Office Space for Rent in Edappally Kochi
2026-07-14 16:02:42,466 [INFO] Skipping likely-commercial listing:   Office Space for Rent in Kadavanthra Kochi
2026-07-14 16:02:42,471 [INFO] Skipping likely-commercial listing:   Office Space for Rent in Angamaly Kochi
2026-07-14 16:02:42,476 [INFO] Skipping likely-commercial listing:   Office Space for Rent in Aluva Kochi
2026-07-14 16:02:42,482 [INFO] Skipping likely-commercial listing:   Office Space for Rent in Angamaly Kochi
2026-07-14 16:02:42,484 [INFO] Skipping likely-commercial listing:   Shop for Rent in Angamaly Kochi
2026-07-14 16:02:42,486 [INFO] Skipping likely-commercial listing:   Shop for Rent in Palluruthy Kochi
2026-07-14 16:02:42,501 [INFO] Skipping likely-commercial listing:   Office Space for Rent in Mahatma Gandhi Road Kochi
2026-07-14 16:02:42,511 [INFO] Skipping likely-commercial listing:   Office Space for Rent in Kundanoor Kochi
2026-07-14 16:02:42,515 [INFO] Skipping likely-commercial listing:   Office Space for Rent in Kaloor Kochi
2026-07-14 16:02:42,518 [INFO] Skipping likely-commercial listing:   Office Space for Rent in Thrippunithura Kochi
2026-07-14 16:02:42,518 [INFO] Page 3: +17 listings (running total: 56)
2026-07-14 16:02:46,933 [INFO] HTTP Request: GET https://www.magicbricks.com/property-for-rent/residential-real-estate?cityName=Kochi&page=4 "HTTP/1.1 200 OK"
2026-07-14 16:02:47,129 [INFO] Skipping likely-commercial listing:   Office Space for Rent in Vyttila Kochi
2026-07-14 16:02:47,148 [INFO] Skipping likely-commercial listing:   Office Space for Rent in Kaloor Kochi
2026-07-14 16:02:47,160 [INFO] Skipping likely-commercial listing:   Office Space for Rent in Moolamkuzhi,Near karunalayam Kochi
2026-07-14 16:02:47,163 [INFO] Skipping likely-commercial listing:   Office Space for Rent in Kadavanthra Kochi
2026-07-14 16:02:47,181 [INFO] Skipping likely-commercial listing:   Office Space for Rent in Vyttila Kochi
2026-07-14 16:02:47,191 [INFO] Skipping likely-commercial listing:   Office Space for Rent in Vyttila Kochi
2026-07-14 16:02:47,201 [INFO] Skipping likely-commercial listing:   Office Space for Rent in Kadavanthra Kochi
2026-07-14 16:02:47,204 [INFO] Skipping likely-commercial listing:   Office Space for Rent in Vallarpadom Kochi
2026-07-14 16:02:47,206 [INFO] Skipping likely-commercial listing:   Office Space for Rent in Palluruthy Kochi
2026-07-14 16:02:47,207 [INFO] Page 4: +21 listings (running total: 77)
2026-07-14 16:02:50,639 [INFO] HTTP Request: GET https://www.magicbricks.com/property-for-rent/residential-real-estate?cityName=Kochi&page=5 "HTTP/1.1 200 OK"
2026-07-14 16:02:50,811 [INFO] Skipping likely-commercial listing:   Office Space for Rent in Kandanad Kochi
2026-07-14 16:02:50,824 [INFO] Skipping likely-commercial listing:   Office Space for Rent in Palarivattom Kochi
2026-07-14 16:02:50,832 [INFO] Skipping likely-commercial listing:   Office Space for Rent in Vypin Kochi
2026-07-14 16:02:50,834 [INFO] Skipping likely-commercial listing:   Office Space for Rent in Kadavanthra Kochi
2026-07-14 16:02:50,839 [INFO] Skipping likely-commercial listing:   Office Space for Rent in Infopark Campus Kochi
2026-07-14 16:02:50,845 [WARNING] Rejecting implausible monthly_rent=7000000.0 for cardid=9289643 (source text: 7000000) — outside the 1,000-1,000,000 sanity range.
2026-07-14 16:02:50,847 [INFO] Skipping likely-commercial listing:   Office Space for Rent in apsars park broadway Kochi
2026-07-14 16:02:50,850 [INFO] Skipping likely-commercial listing:   Office Space for Rent in Banerji Road Kochi
2026-07-14 16:02:50,854 [INFO] Skipping likely-commercial listing:   Shop for Rent in Mattanchery Kochi
2026-07-14 16:02:50,864 [INFO] Skipping likely-commercial listing:   Office Space for Rent in Panampily Nagar Kochi
2026-07-14 16:02:50,873 [INFO] Skipping likely-commercial listing:  Warehouse/ Godown for Rent in Shanthi Cyber Dale Apartment, Edachira Kochi
2026-07-14 16:02:50,875 [INFO] Skipping likely-commercial listing:   Office Space for Rent in Kaloor Kochi
2026-07-14 16:02:50,881 [INFO] Skipping likely-commercial listing:   Office Space for Rent in Kaloor Kochi
2026-07-14 16:02:50,885 [INFO] Skipping likely-commercial listing:   Office Space for Rent in Palluruthy Kochi
2026-07-14 16:02:50,888 [INFO] Skipping likely-commercial listing:   Office Space for Rent in Kakkanad Kochi
2026-07-14 16:02:50,888 [INFO] Page 5: +16 listings (running total: 93)
2026-07-14 16:02:56,270 [INFO] HTTP Request: GET https://www.magicbricks.com/property-for-rent/residential-real-estate?cityName=Kochi&page=6 "HTTP/1.1 200 OK"
2026-07-14 16:02:56,458 [INFO] Skipping likely-commercial listing:  Warehouse/ Godown for Rent in Nettoor Kochi
2026-07-14 16:02:56,468 [WARNING] Rejecting implausible monthly_rent=1500000.0 for cardid=77617741 (source text: 1500000) — outside the 1,000-1,000,000 sanity range.
2026-07-14 16:02:56,481 [INFO] Skipping likely-commercial listing:   Office Space for Rent in Palarivattom Kochi
2026-07-14 16:02:56,490 [INFO] Skipping likely-commercial listing:   Office Space for Rent in Kakkanad Kochi
2026-07-14 16:02:56,505 [INFO] Skipping likely-commercial listing:   Office Space for Rent in Kalamasery Kochi
2026-07-14 16:02:56,507 [INFO] Skipping likely-commercial listing:  Warehouse/ Godown for Rent in panagad Kochi
2026-07-14 16:02:56,515 [INFO] Skipping likely-commercial listing:  Warehouse/ Godown for Rent in Perumbavoor Kochi
2026-07-14 16:02:56,528 [INFO] Page 6: +24 listings (running total: 117)
2026-07-14 16:02:56,528 [INFO] Starting detail-page enrichment (coordinates + amenities) for 117 listings...
2026-07-14 16:03:01,278 [INFO] HTTP Request: GET https://www.magicbricks.com/propertyDetails/1-BHK-552-Sq-ft-Multistorey-Apartment-FOR-Rent-Vyttila-in-Kochi&id=4d423833323630343039#cardid-83260409 "HTTP/1.1 200 OK"
2026-07-14 16:03:07,217 [INFO] HTTP Request: GET https://www.magicbricks.com/propertyDetails/1-BHK-900-Sq-ft-Residential-House-FOR-Rent-Kakkanad-in-Kochi&id=4d423835343338353137#cardid-85438517 "HTTP/1.1 200 OK"
2026-07-14 16:03:11,110 [INFO] HTTP Request: GET https://www.magicbricks.com/prestige-hillside-gateway-kakkanad-kochi-pdpid-4d4235313030363231#cardid-84901085 "HTTP/1.1 200 OK"
2026-07-14 16:03:11,517 [WARNING] Amenities section shows 'View All Amenities (20)' but only 12 were captured from the static HTML — the rest are likely behind a click-to-expand this scraper doesn't drive. Got: ['Club House', 'Power Back Up', 'Swimming Pool', 'Lift', 'Security', 'Park', 'Reserved Parking', 'Visitor Parking', 'Intercom Facility', 'Maintenance Staff', 'Gymnasium', 'Indoor Games Room']
2026-07-14 16:03:15,575 [INFO] HTTP Request: GET https://www.magicbricks.com/propertyDetails/3-BHK-1926-Sq-ft-Residential-House-FOR-Rent-Thrikkakara-in-Kochi&id=4d423834353433323937#cardid-84543297 "HTTP/1.1 200 OK"
2026-07-14 16:03:20,542 [INFO] HTTP Request: GET https://www.magicbricks.com/tata-tritvam-marine-drive-kochi-pdpid-4d4235313139373531#cardid-73602383 "HTTP/1.1 200 OK"
2026-07-14 16:03:21,023 [WARNING] Amenities section shows 'View All Amenities (13)' but only 0 were captured from the static HTML — the rest are likely behind a click-to-expand this scraper doesn't drive. Got: []
2026-07-14 16:03:27,222 [INFO] HTTP Request: GET https://www.magicbricks.com/puravankara-purva-eternity-kakkanad-kochi-pdpid-4d4235303337393339#cardid-85127919 "HTTP/1.1 200 OK"
2026-07-14 16:03:32,090 [INFO] HTTP Request: GET https://www.magicbricks.com/propertyDetails/2-BHK-1200-Sq-ft-Multistorey-Apartment-FOR-Rent-Vyttila-in-Kochi&id=4d423833393334393133#cardid-83934913 "HTTP/1.1 200 OK"
2026-07-14 16:03:36,614 [INFO] HTTP Request: GET https://www.magicbricks.com/sobha-marina-one-marine-drive-kochi-pdpid-4d4235313033333635#cardid-85011463 "HTTP/1.1 200 OK"
2026-07-14 16:03:37,177 [WARNING] Amenities section shows 'View All Amenities (40)' but only 12 were captured from the static HTML — the rest are likely behind a click-to-expand this scraper doesn't drive. Got: ['Club House', 'Cafeteria/Food Court', 'Jogging and Strolling Track', 'Outdoor Tennis Courts', 'Private Terrace/Garden', 'Barbeque Pit', 'Power Back Up', 'Swimming Pool', 'Lift', 'Security', 'Park', 'Reserved Parking']
2026-07-14 16:03:43,680 [INFO] HTTP Request: GET https://www.magicbricks.com/kent-palm-villas-kakkanad-kochi-pdpid-4d4235303937393639#cardid-80194823 "HTTP/1.1 200 OK"
2026-07-14 16:03:43,986 [WARNING] Amenities section shows 'View All Amenities (16)' but only 12 were captured from the static HTML — the rest are likely behind a click-to-expand this scraper doesn't drive. Got: ['Jogging and Strolling Track', 'Outdoor Tennis Courts', 'Power Back Up', 'Swimming Pool', 'Park', 'Reserved Parking', 'Service/Goods Lift', 'Visitor Parking', 'Maintenance Staff', 'Banquet Hall', 'Gymnasium', 'Rain Water Harvesting']
2026-07-14 16:03:48,577 [INFO] HTTP Request: GET https://www.magicbricks.com/propertyDetails/4-BHK-1800-Sq-ft-Residential-House-FOR-Rent-Thevakkal-in-Kochi&id=4d423835313537313331#cardid-85157131 "HTTP/1.1 200 OK"
2026-07-14 16:03:48,753 [INFO] Detail-page enrichment: 10/117 processed, 10 coordinates and 8 amenity lists found so far
2026-07-14 16:03:53,312 [INFO] HTTP Request: GET https://www.magicbricks.com/skyline-palmshade-edappally-kochi-pdpid-4d4235323631333733#cardid-85400957 "HTTP/1.1 200 OK"
2026-07-14 16:03:59,994 [INFO] HTTP Request: GET https://www.magicbricks.com/propertyDetails/3-BHK-1950-Sq-ft-Multistorey-Apartment-FOR-Rent-in-Kochi&id=4d423835333837333339#cardid-85387339 "HTTP/1.1 200 OK"
2026-07-14 16:04:05,923 [INFO] HTTP Request: GET https://www.magicbricks.com/propertyDetails/3-BHK-2500-Sq-ft-Residential-House-FOR-Rent-in-Kochi&id=4d423834333833303233#cardid-84383023 "HTTP/1.1 200 OK"
2026-07-14 16:04:12,381 [INFO] HTTP Request: GET https://www.magicbricks.com/propertyDetails/3-BHK-1200-Sq-ft-Builder-Floor-Apartment-FOR-Rent-Thammanam-Pullepady-Road-in-Kochi&id=4d423732353239353537#cardid-72529557 "HTTP/1.1 200 OK"
2026-07-14 16:04:17,706 [INFO] HTTP Request: GET https://www.magicbricks.com/propertyDetails/4-BHK-2000-Sq-ft-Residential-House-FOR-Rent-Kakkanad-in-Kochi&id=4d423731343831353237#cardid-71481527 "HTTP/1.1 200 OK"
2026-07-14 16:04:22,003 [INFO] HTTP Request: GET https://www.magicbricks.com/propertyDetails/3-BHK-1350-Sq-ft-Villa-FOR-Rent-Kakkanad-in-Kochi&id=4d423834373732383735#cardid-84772875 "HTTP/1.1 200 OK"
2026-07-14 16:04:28,719 [INFO] HTTP Request: GET https://www.magicbricks.com/propertyDetails/2-BHK-1300-Sq-ft-Residential-House-FOR-Rent-Maradu-in-Kochi&id=4d423834343133383637#cardid-84413867 "HTTP/1.1 200 OK"
2026-07-14 16:04:34,256 [INFO] HTTP Request: GET https://www.magicbricks.com/propertyDetails/16-Cent-Commercial-Land-FOR-Rent-in-Kochi&id=4d423834333837363539#cardid-84387659 "HTTP/1.1 200 OK"
2026-07-14 16:04:41,837 [INFO] HTTP Request: GET https://www.magicbricks.com/propertyDetails/3-BHK-1800-Sq-ft-Multistorey-Apartment-FOR-Rent-Vyttila-in-Kochi&id=4d423337383537313831#cardid-37857181 "HTTP/1.1 200 OK"
2026-07-14 16:04:50,466 [INFO] HTTP Request: GET https://www.magicbricks.com/propertyDetails/2-BHK-850-Sq-ft-Multistorey-Apartment-FOR-Rent-Vyttila-in-Kochi&id=4d423739343039373335#cardid-79409735 "HTTP/1.1 200 OK"
2026-07-14 16:04:50,624 [INFO] Detail-page enrichment: 20/117 processed, 18 coordinates and 14 amenity lists found so far
2026-07-14 16:04:54,331 [INFO] HTTP Request: GET https://www.magicbricks.com/propertyDetails/2-BHK-1000-Sq-ft-Builder-Floor-Apartment-FOR-Rent-South-Chittoor-Road-in-Kochi&id=4d423830323636313033#cardid-80266103 "HTTP/1.1 200 OK"
2026-07-14 16:05:00,785 [INFO] HTTP Request: GET https://www.magicbricks.com/propertyDetails/3-BHK-1900-Sq-ft-Residential-House-FOR-Rent-Edappally-in-Kochi&id=4d423833373635383533#cardid-83765853 "HTTP/1.1 200 OK"
2026-07-14 16:05:07,120 [INFO] HTTP Request: GET https://www.magicbricks.com/propertyDetails/5-Cent-Commercial-Land-FOR-Rent-Vyttila-in-Kochi&id=4d423833343338393831#cardid-83438981 "HTTP/1.1 200 OK"
2026-07-14 16:05:13,486 [INFO] HTTP Request: GET https://www.magicbricks.com/propertyDetails/1-BHK-750-Sq-ft-Residential-House-FOR-Rent-Vennala-in-Kochi&id=4d423732353330373237#cardid-72530727 "HTTP/1.1 200 OK"
2026-07-14 16:05:18,608 [INFO] HTTP Request: GET https://www.magicbricks.com/propertyDetails/2-BHK-1000-Sq-ft-Residential-House-FOR-Rent-in-Kochi&id=4d423434393337353939#cardid-44937599 "HTTP/1.1 200 OK"
2026-07-14 16:05:24,644 [INFO] HTTP Request: GET https://www.magicbricks.com/propertyDetails/2-BHK-900-Sq-ft-Residential-House-FOR-Rent-Kalamassery-in-Kochi&id=4d423731323138353831#cardid-71218581 "HTTP/1.1 200 OK"
2026-07-14 16:05:30,304 [INFO] HTTP Request: GET https://www.magicbricks.com/nucleus-rhyme-edappally-kochi-pdpid-4d4235313032343331#cardid-82834485 "HTTP/1.1 200 OK"
2026-07-14 16:05:36,588 [INFO] HTTP Request: GET https://www.magicbricks.com/grtl-gardenia-edappally-kochi-pdpid-4d4235323234343133#cardid-85516161 "HTTP/1.1 200 OK"
2026-07-14 16:05:41,341 [INFO] HTTP Request: GET https://www.magicbricks.com/propertyDetails/3-BHK-1630-Sq-ft-Villa-FOR-Rent-Thevakkal-in-Kochi&id=4d423835343931303931#cardid-85491091 "HTTP/1.1 200 OK"
2026-07-14 16:05:46,403 [INFO] HTTP Request: GET https://www.magicbricks.com/propertyDetails/11-Cent-Commercial-Land-FOR-Rent-Edappally-in-Kochi&id=4d423738343031363937#cardid-78401697 "HTTP/1.1 200 OK"
2026-07-14 16:05:46,552 [INFO] Detail-page enrichment: 30/117 processed, 27 coordinates and 20 amenity lists found so far
2026-07-14 16:05:50,553 [INFO] HTTP Request: GET https://www.magicbricks.com/abc-homes-thrikkakara-kochi-pdpid-4d4235323632393633#cardid-85525817 "HTTP/1.1 200 OK"
2026-07-14 16:05:56,186 [INFO] HTTP Request: GET https://www.magicbricks.com/propertyDetails/2-BHK-1800-Sq-ft-Residential-House-FOR-Rent-South-Chittoor-Road-in-Kochi&id=4d423830333134333739#cardid-80314379 "HTTP/1.1 200 OK"
2026-07-14 16:06:02,416 [INFO] HTTP Request: GET https://www.magicbricks.com/asten-campus-court-kakkanad-kochi-pdpid-4d4235303332393338#cardid-85455715 "HTTP/1.1 200 OK"
2026-07-14 16:06:08,763 [INFO] HTTP Request: GET https://www.magicbricks.com/propertyDetails/3-BHK-1700-Sq-ft-Residential-House-FOR-Rent-Vyttila-in-Kochi&id=4d423835343531373835#cardid-85451785 "HTTP/1.1 200 OK"
2026-07-14 16:06:12,861 [INFO] HTTP Request: GET https://www.magicbricks.com/propertyDetails/1-BHK-710-Sq-ft-Multistorey-Apartment-FOR-Rent-Thuthiyoor-in-Kochi&id=4d423835353134333337#cardid-85514337 "HTTP/1.1 200 OK"
2026-07-14 16:06:17,274 [INFO] HTTP Request: GET https://www.magicbricks.com/propertyDetails/3-BHK-1200-Sq-ft-Residential-House-FOR-Rent-Nazareth-in-Kochi&id=4d423730383136363139#cardid-70816619 "HTTP/1.1 200 OK"
2026-07-14 16:06:22,612 [INFO] HTTP Request: GET https://www.magicbricks.com/propertyDetails/250-Sq-ft-Studio-Apartment-FOR-Rent-Kakkanad-in-Kochi&id=4d423835343936303235#cardid-85496025 "HTTP/1.1 200 OK"
2026-07-14 16:06:29,246 [INFO] HTTP Request: GET https://www.magicbricks.com/propertyDetails/3-BHK-1400-Sq-ft-Multistorey-Apartment-FOR-Rent-Kundanoor-in-Kochi&id=4d423137313831323839#cardid-17181289 "HTTP/1.1 200 OK"
2026-07-14 16:06:33,658 [INFO] HTTP Request: GET https://www.magicbricks.com/propertyDetails/4-BHK-2000-Sq-ft-Residential-House-FOR-Rent-in-Kochi&id=4d423438393836303637#cardid-48986067 "HTTP/1.1 200 OK"
2026-07-14 16:06:37,771 [INFO] HTTP Request: GET https://www.magicbricks.com/propertyDetails/4-BHK-2450-Sq-ft-Villa-FOR-Rent-Thevakkal-in-Kochi&id=4d423835323337353839#cardid-85237589 "HTTP/1.1 200 OK"
2026-07-14 16:06:37,906 [INFO] Detail-page enrichment: 40/117 processed, 36 coordinates and 29 amenity lists found so far
2026-07-14 16:06:43,316 [INFO] HTTP Request: GET https://www.magicbricks.com/propertyDetails/3-BHK-1500-Sq-ft-Residential-House-FOR-Rent-in-Kochi&id=4d423834303136303131#cardid-84016011 "HTTP/1.1 200 OK"
2026-07-14 16:06:48,189 [INFO] HTTP Request: GET https://www.magicbricks.com/propertyDetails/1-BHK-500-Sq-ft-Residential-House-FOR-Rent-Vazhakkala-in-Kochi&id=4d423835333734363039#cardid-85374609 "HTTP/1.1 200 OK"
2026-07-14 16:06:52,198 [INFO] HTTP Request: GET https://www.magicbricks.com/propertyDetails/3-BHK-1350-Sq-ft-Residential-House-FOR-Rent-Fort-Cochin-in-Kochi&id=4d423236313932323533#cardid-26192253 "HTTP/1.1 200 OK"
2026-07-14 16:06:59,577 [INFO] HTTP Request: GET https://www.magicbricks.com/asset-moon-grace-mahatma-gandhi-road-kochi-pdpid-4d4235313435353733#cardid-84866977 "HTTP/1.1 200 OK"
2026-07-14 16:07:05,410 [INFO] HTTP Request: GET https://www.magicbricks.com/propertyDetails/3-BHK-1200-Sq-ft-Villa-FOR-Rent-Nedumbassery-in-Kochi&id=4d423834393438343133#cardid-84948413 "HTTP/1.1 200 OK"
2026-07-14 16:07:09,999 [INFO] HTTP Request: GET https://www.magicbricks.com/propertyDetails/1-BHK-500-Sq-ft-Service-Apartment-FOR-Rent-Kakkanad-in-Kochi&id=4d423835353030323831#cardid-85500281 "HTTP/1.1 200 OK"
2026-07-14 16:07:13,585 [INFO] HTTP Request: GET https://www.magicbricks.com/propertyDetails/1-BHK-700-Sq-ft-Residential-House-FOR-Rent-Chottanikkara-in-Kochi&id=4d423736303133363631#cardid-76013661 "HTTP/1.1 200 OK"
2026-07-14 16:07:21,177 [INFO] HTTP Request: GET https://www.magicbricks.com/propertyDetails/2-BHK-650-Sq-ft-Villa-FOR-Rent-Puthuvype-in-Kochi&id=4d423835333439313733#cardid-85349173 "HTTP/1.1 200 OK"
2026-07-14 16:07:25,374 [INFO] HTTP Request: GET https://www.magicbricks.com/propertyDetails/4-BHK-2750-Sq-ft-Villa-FOR-Rent-Koonammavu-in-Kochi&id=4d423834333037323137#cardid-84307217 "HTTP/1.1 200 OK"
2026-07-14 16:07:29,697 [INFO] HTTP Request: GET https://www.magicbricks.com/propertyDetails/2-BHK-1180-Sq-ft-Multistorey-Apartment-FOR-Rent-Aluva-in-Kochi&id=4d423731393333323039#cardid-71933209 "HTTP/1.1 200 OK"
2026-07-14 16:07:29,910 [INFO] Detail-page enrichment: 50/117 processed, 45 coordinates and 37 amenity lists found so far
2026-07-14 16:07:37,265 [INFO] HTTP Request: GET https://www.magicbricks.com/propertyDetails/3-BHK-1350-Sq-ft-Multistorey-Apartment-FOR-Rent-Kaloor-in-Kochi&id=4d423834363338393539#cardid-84638959 "HTTP/1.1 200 OK"
2026-07-14 16:07:43,896 [INFO] HTTP Request: GET https://www.magicbricks.com/propertyDetails/3-BHK-1500-Sq-ft-Residential-House-FOR-Rent-Elamakkara-in-Kochi&id=4d423835303432333037#cardid-85042307 "HTTP/1.1 200 OK"
2026-07-14 16:07:49,749 [INFO] HTTP Request: GET https://www.magicbricks.com/propertyDetails/3-BHK-1555-Sq-ft-Multistorey-Apartment-FOR-Rent-in-Kochi&id=4d423835303033303135#cardid-85003015 "HTTP/1.1 200 OK"
2026-07-14 16:07:55,466 [INFO] HTTP Request: GET https://www.magicbricks.com/propertyDetails/2-BHK-1500-Sq-ft-Residential-House-FOR-Rent-Edappally-in-Kochi&id=4d423438383835303933#cardid-48885093 "HTTP/1.1 200 OK"
2026-07-14 16:07:59,781 [INFO] HTTP Request: GET https://www.magicbricks.com/propertyDetails/3-BHK-1280-Sq-ft-Multistorey-Apartment-FOR-Rent-in-Kochi&id=4d423835343738353335#cardid-85478535 "HTTP/1.1 200 OK"
2026-07-14 16:08:05,087 [INFO] HTTP Request: GET https://www.magicbricks.com/propertyDetails/677-Sq-yrd-Commercial-Land-FOR-Rent-Nedumbassery-in-Kochi&id=4d423835343637373931#cardid-85467791 "HTTP/1.1 200 OK"
2026-07-14 16:08:11,050 [INFO] HTTP Request: GET https://www.magicbricks.com/propertyDetails/2-BHK-1200-Sq-ft-Builder-Floor-Apartment-FOR-Rent-Kalamasery-in-Kochi&id=4d423736313833393939#cardid-76183999 "HTTP/1.1 200 OK"
2026-07-14 16:08:19,126 [INFO] HTTP Request: GET https://www.magicbricks.com/propertyDetails/2-BHK-1200-Sq-ft-Residential-House-FOR-Rent-Kakkanad-in-Kochi&id=4d4239393938363337#cardid-9998637 "HTTP/1.1 200 OK"
2026-07-14 16:08:22,711 [INFO] HTTP Request: GET https://www.magicbricks.com/propertyDetails/3-BHK-1000-Sq-ft-Residential-House-FOR-Rent-Vazhakkala-in-Kochi&id=4d423834393035333733#cardid-84905373 "HTTP/1.1 200 OK"
2026-07-14 16:08:29,874 [INFO] HTTP Request: GET https://www.magicbricks.com/propertyDetails/2-BHK-900-Sq-ft-Residential-House-FOR-Rent-Padamugal-in-Kochi&id=4d423834383930383633#cardid-84890863 "HTTP/1.1 200 OK"
2026-07-14 16:08:30,013 [INFO] Detail-page enrichment: 60/117 processed, 53 coordinates and 42 amenity lists found so far
2026-07-14 16:08:35,936 [INFO] HTTP Request: GET https://www.magicbricks.com/propertyDetails/2-BHK-800-Sq-ft-Residential-House-FOR-Rent-Fort-Cochin-in-Kochi&id=4d423835333131373837#cardid-85311787 "HTTP/1.1 200 OK"
2026-07-14 16:08:41,764 [INFO] HTTP Request: GET https://www.magicbricks.com/kalpaka-vrindavan-ponekara-edappally-kochi-pdpid-4d4235313630373131#cardid-69357343 "HTTP/1.1 200 OK"
2026-07-14 16:08:47,134 [INFO] HTTP Request: GET https://www.magicbricks.com/petro-palace-apartment-puthiyakavu-kochi-pdpid-4d4235323530353835#cardid-72876805 "HTTP/1.1 200 OK"
2026-07-14 16:08:51,187 [INFO] HTTP Request: GET https://www.magicbricks.com/propertyDetails/3-BHK-1000-Sq-ft-Multistorey-Apartment-FOR-Rent-in-Kochi&id=4d423739303237343037#cardid-79027407 "HTTP/1.1 200 OK"
2026-07-14 16:08:56,842 [INFO] HTTP Request: GET https://www.magicbricks.com/propertyDetails/3-BHK-1200-Sq-ft-Residential-House-FOR-Rent-in-Kochi&id=4d423430383832373839#cardid-40882789 "HTTP/1.1 200 OK"
2026-07-14 16:09:00,594 [INFO] HTTP Request: GET https://www.magicbricks.com/propertyDetails/5-Cent-Commercial-Land-FOR-Rent-Ravipuram-in-Kochi&id=4d423735333036353339#cardid-75306539 "HTTP/1.1 200 OK"
2026-07-14 16:09:05,845 [INFO] HTTP Request: GET https://www.magicbricks.com/propertyDetails/3-BHK-3500-Sq-ft-Multistorey-Apartment-FOR-Rent-in-Kochi&id=4d423736313037303235#cardid-76107025 "HTTP/1.1 200 OK"
2026-07-14 16:09:15,236 [INFO] HTTP Request: GET https://www.magicbricks.com/propertyDetails/3-BHK-1700-Sq-ft-Villa-FOR-Rent-Kakkanad-in-Kochi&id=4d423739303138383433#cardid-79018843 "HTTP/1.1 200 OK"
2026-07-14 16:09:21,487 [INFO] HTTP Request: GET https://www.magicbricks.com/propertyDetails/2-BHK-800-Sq-ft-Residential-House-FOR-Rent-in-Kochi&id=4d423437313439313239#cardid-47149129 "HTTP/1.1 200 OK"
2026-07-14 16:09:26,398 [INFO] HTTP Request: GET https://www.magicbricks.com/propertyDetails/4-BHK-2800-Sq-ft-Residential-House-FOR-Rent-in-Kochi&id=4d423438303137353639#cardid-48017569 "HTTP/1.1 200 OK"
2026-07-14 16:09:26,678 [INFO] Detail-page enrichment: 70/117 processed, 59 coordinates and 43 amenity lists found so far
2026-07-14 16:09:33,485 [INFO] HTTP Request: GET https://www.magicbricks.com/shwas-aquacity-aluva-kochi-pdpid-4d4235303339383031#cardid-80538183 "HTTP/1.1 200 OK"
2026-07-14 16:09:40,404 [INFO] HTTP Request: GET https://www.magicbricks.com/propertyDetails/3-BHK-1600-Sq-ft-Multistorey-Apartment-FOR-Rent-Edappally-in-Kochi&id=4d423835343537303939#cardid-85457099 "HTTP/1.1 200 OK"
2026-07-14 16:09:44,322 [INFO] HTTP Request: GET https://www.magicbricks.com/tata-tritvam-marine-drive-kochi-pdpid-4d4235313139373531#cardid-85142161 "HTTP/1.1 200 OK"
2026-07-14 16:09:44,753 [WARNING] Amenities section shows 'View All Amenities (13)' but only 0 were captured from the static HTML — the rest are likely behind a click-to-expand this scraper doesn't drive. Got: []
2026-07-14 16:09:50,266 [INFO] HTTP Request: GET https://www.magicbricks.com/unitac-sanam-chottanikkara-kochi-pdpid-4d4235303837313334#cardid-55751637 "HTTP/1.1 200 OK"
2026-07-14 16:09:55,589 [INFO] HTTP Request: GET https://www.magicbricks.com/propertyDetails/2-BHK-1800-Sq-ft-Residential-House-FOR-Rent-Netoor-in-Kochi&id=4d423435363033343539#cardid-45603459 "HTTP/1.1 200 OK"
2026-07-14 16:10:00,192 [INFO] HTTP Request: GET https://www.magicbricks.com/propertyDetails/2-BHK-1000-Sq-ft-Builder-Floor-Apartment-FOR-Rent-in-Kochi&id=4d423739343131333739#cardid-79411379 "HTTP/1.1 200 OK"
2026-07-14 16:10:07,374 [INFO] HTTP Request: GET https://www.magicbricks.com/propertyDetails/4-BHK-2300-Sq-ft-Residential-House-FOR-Rent-Vyttila-in-Kochi&id=4d423834383037393339#cardid-84807939 "HTTP/1.1 200 OK"
2026-07-14 16:10:13,714 [INFO] HTTP Request: GET https://www.magicbricks.com/propertyDetails/3-BHK-950-Sq-ft-Multistorey-Apartment-FOR-Rent-Edachira-in-Kochi&id=4d423834373435343537#cardid-84745457 "HTTP/1.1 200 OK"
2026-07-14 16:10:20,260 [INFO] HTTP Request: GET https://www.magicbricks.com/propertyDetails/2-BHK-3200-Sq-ft-Builder-Floor-Apartment-FOR-Rent-Elamakkara-in-Kochi&id=4d423833353032373733#cardid-83502773 "HTTP/1.1 200 OK"
2026-07-14 16:10:23,893 [INFO] HTTP Request: GET https://www.magicbricks.com/propertyDetails/2-BHK-1000-Sq-ft-Residential-House-FOR-Rent-Chittethukara-in-Kochi&id=4d423835313130303235#cardid-85110025 "HTTP/1.1 200 OK"
2026-07-14 16:10:24,039 [INFO] Detail-page enrichment: 80/117 processed, 68 coordinates and 51 amenity lists found so far
2026-07-14 16:10:29,404 [INFO] HTTP Request: GET https://www.magicbricks.com/propertyDetails/3-BHK-1100-Sq-ft-Residential-House-FOR-Rent-Kakkanad-in-Kochi&id=4d423736333831373035#cardid-76381705 "HTTP/1.1 200 OK"
2026-07-14 16:10:34,410 [INFO] HTTP Request: GET https://www.magicbricks.com/nucleus-riva-edappally-kochi-pdpid-4d4235313031393833#cardid-76008067 "HTTP/1.1 200 OK"
2026-07-14 16:10:43,098 [INFO] HTTP Request: GET https://www.magicbricks.com/propertyDetails/2-BHK-1100-Sq-ft-Multistorey-Apartment-FOR-Rent-Angamali-in-Kochi&id=4d423534363230363039#cardid-54620609 "HTTP/1.1 200 OK"
2026-07-14 16:10:46,784 [INFO] HTTP Request: GET https://www.magicbricks.com/propertyDetails/3-BHK-1100-Sq-ft-Builder-Floor-Apartment-FOR-Rent-Palarivattom-in-Kochi&id=4d4239323839363433#cardid-9289643 "HTTP/1.1 200 OK"
2026-07-14 16:10:51,217 [INFO] HTTP Request: GET https://www.magicbricks.com/propertyDetails/3-BHK-2800-Sq-ft-Residential-House-FOR-Rent-in-Kochi&id=4d423834303434353435#cardid-84044545 "HTTP/1.1 200 OK"
2026-07-14 16:10:55,139 [INFO] HTTP Request: GET https://www.magicbricks.com/sfs-silicon-court-and-gate-seaport-airport-road-kochi-pdpid-4d4235303937383739#cardid-84807481 "HTTP/1.1 301 Moved Permanently"
2026-07-14 16:10:55,525 [INFO] HTTP Request: GET https://www.magicbricks.com/sfs-silicon-court-and-gate-kakkanad-kochi-pdpid-4d4235303937383739#cardid-84807481 "HTTP/1.1 200 OK"
2026-07-14 16:11:00,421 [INFO] HTTP Request: GET https://www.magicbricks.com/propertyDetails/2-BHK-800-Sq-ft-Builder-Floor-Apartment-FOR-Rent-Maradu-in-Kochi&id=4d423834323033323839#cardid-84203289 "HTTP/1.1 200 OK"
2026-07-14 16:11:06,361 [INFO] HTTP Request: GET https://www.magicbricks.com/propertyDetails/2-BHK-1000-Sq-ft-Residential-House-FOR-Rent-Thrippunithura-in-Kochi&id=4d423431323331313835#cardid-41231185 "HTTP/1.1 200 OK"
2026-07-14 16:11:10,153 [INFO] HTTP Request: GET https://www.magicbricks.com/propertyDetails/2-BHK-1300-Sq-ft-Residential-House-FOR-Rent-Maradu-in-Kochi&id=4d423833303639373531#cardid-83069751 "HTTP/1.1 200 OK"
2026-07-14 16:11:13,956 [INFO] HTTP Request: GET https://www.magicbricks.com/propertyDetails/40000-Sq-ft-Office-in-IT-Park-SEZ-FOR-Rent-in-Kochi&id=4d423835303032323331#cardid-85002231 "HTTP/1.1 200 OK"
2026-07-14 16:11:14,097 [INFO] Detail-page enrichment: 90/117 processed, 76 coordinates and 56 amenity lists found so far
2026-07-14 16:11:19,262 [INFO] HTTP Request: GET https://www.magicbricks.com/propertyDetails/1-BHK-500-Sq-ft-Multistorey-Apartment-FOR-Rent-Edachira-in-Kochi&id=4d423835303032313737#cardid-85002177 "HTTP/1.1 200 OK"
2026-07-14 16:11:23,856 [INFO] HTTP Request: GET https://www.magicbricks.com/propertyDetails/1-BHK-1200-Sq-ft-Builder-Floor-Apartment-FOR-Rent-Elamakkara-in-Kochi&id=4d423733333632313531#cardid-73362151 "HTTP/1.1 200 OK"
2026-07-14 16:11:29,186 [INFO] HTTP Request: GET https://www.magicbricks.com/propertyDetails/2-BHK-900-Sq-ft-Residential-House-FOR-Rent-Elamakkara-in-Kochi&id=4d423834323032303131#cardid-84202011 "HTTP/1.1 200 OK"
2026-07-14 16:11:35,399 [INFO] HTTP Request: GET https://www.magicbricks.com/propertyDetails/3-BHK-1800-Sq-ft-Residential-House-FOR-Rent-in-Kochi&id=4d423830373137373837#cardid-80717787 "HTTP/1.1 200 OK"
2026-07-14 16:11:39,629 [INFO] HTTP Request: GET https://www.magicbricks.com/puravankara-purva-grandbay-marine-drive-kochi-pdpid-4d4235313035333931#cardid-84495345 "HTTP/1.1 200 OK"
2026-07-14 16:11:45,459 [INFO] HTTP Request: GET https://www.magicbricks.com/propertyDetails/3-BHK-1600-Sq-ft-Multistorey-Apartment-FOR-Rent-Vyttila-in-Kochi&id=4d423832353937353237#cardid-82597527 "HTTP/1.1 200 OK"
2026-07-14 16:11:50,282 [INFO] HTTP Request: GET https://www.magicbricks.com/propertyDetails/3-BHK-2000-Sq-ft-Residential-House-FOR-Rent-Kakkanad-in-Kochi&id=4d423637393537303939#cardid-67957099 "HTTP/1.1 200 OK"
2026-07-14 16:11:55,905 [INFO] HTTP Request: GET https://www.magicbricks.com/propertyDetails/3-BHK-1545-Sq-ft-Multistorey-Apartment-FOR-Rent-Kadavanthra-in-Kochi&id=4d423635313539393039#cardid-65159909 "HTTP/1.1 200 OK"
2026-07-14 16:12:03,731 [INFO] HTTP Request: GET https://www.magicbricks.com/propertyDetails/2-Acre-Commercial-Land-FOR-Rent-Seaport-Airport-Road-in-Kochi&id=4d423737363137373431#cardid-77617741 "HTTP/1.1 200 OK"
2026-07-14 16:12:07,990 [INFO] HTTP Request: GET https://www.magicbricks.com/propertyDetails/3-BHK-1300-Sq-ft-Multistorey-Apartment-FOR-Rent-in-Kochi&id=4d423834383830313233#cardid-84880123 "HTTP/1.1 200 OK"
2026-07-14 16:12:08,469 [INFO] Detail-page enrichment: 100/117 processed, 84 coordinates and 61 amenity lists found so far
2026-07-14 16:12:13,290 [INFO] HTTP Request: GET https://www.magicbricks.com/propertyDetails/2-BHK-850-Sq-ft-Multistorey-Apartment-FOR-Rent-in-Kochi&id=4d423739323730303737#cardid-79270077 "HTTP/1.1 200 OK"
2026-07-14 16:12:17,512 [INFO] HTTP Request: GET https://www.magicbricks.com/propertyDetails/18-Cent-Commercial-Land-FOR-Rent-Maradu-in-Kochi&id=4d423834353134343539#cardid-84514459 "HTTP/1.1 200 OK"
2026-07-14 16:12:21,816 [INFO] HTTP Request: GET https://www.magicbricks.com/propertyDetails/2-BHK-850-Sq-ft-Multistorey-Apartment-FOR-Rent-Vyttila-in-Kochi&id=4d423835303039383533#cardid-85009853 "HTTP/1.1 200 OK"
2026-07-14 16:12:27,342 [INFO] HTTP Request: GET https://www.magicbricks.com/propertyDetails/2-BHK-1000-Sq-ft-Residential-House-FOR-Rent-in-Kochi&id=4d423834383631383339#cardid-84861839 "HTTP/1.1 200 OK"
2026-07-14 16:12:31,870 [INFO] HTTP Request: GET https://www.magicbricks.com/propertyDetails/2-BHK-1062-Sq-ft-Residential-House-FOR-Rent-Edappally-in-Kochi&id=4d423535373339373239#cardid-55739729 "HTTP/1.1 200 OK"
2026-07-14 16:12:35,752 [INFO] HTTP Request: GET https://www.magicbricks.com/propertyDetails/2-BHK-900-Sq-ft-Residential-House-FOR-Rent-Mattanchery-in-Kochi&id=4d423535393133393137#cardid-55913917 "HTTP/1.1 200 OK"
2026-07-14 16:12:43,091 [INFO] HTTP Request: GET https://www.magicbricks.com/mather-silver-lawns-edappally-kochi-pdpid-4d4235313734323835#cardid-70220401 "HTTP/1.1 200 OK"
2026-07-14 16:12:47,322 [INFO] HTTP Request: GET https://www.magicbricks.com/propertyDetails/2-BHK-1200-Sq-ft-Residential-House-FOR-Rent-Kizhakkambalam-in-Kochi&id=4d423833393033313431#cardid-83903141 "HTTP/1.1 200 OK"
2026-07-14 16:12:52,638 [INFO] HTTP Request: GET https://www.magicbricks.com/propertyDetails/2-BHK-800-Sq-ft-Residential-House-FOR-Rent-Kadavanthra-in-Kochi&id=4d423834373139353333#cardid-84719533 "HTTP/1.1 200 OK"
2026-07-14 16:12:57,653 [INFO] HTTP Request: GET https://www.magicbricks.com/propertyDetails/3-BHK-1200-Sq-ft-Residential-House-FOR-Rent-Kothamangalam-in-Kochi&id=4d423834383638393239#cardid-84868929 "HTTP/1.1 200 OK"
2026-07-14 16:12:57,842 [INFO] Detail-page enrichment: 110/117 processed, 92 coordinates and 64 amenity lists found so far
2026-07-14 16:13:06,982 [INFO] HTTP Request: GET https://www.magicbricks.com/propertyDetails/3-BHK-2000-Sq-ft-Multistorey-Apartment-FOR-Rent-Kadavanthra-in-Kochi&id=4d423834373530343733#cardid-84750473 "HTTP/1.1 200 OK"
2026-07-14 16:13:12,157 [INFO] HTTP Request: GET https://www.magicbricks.com/propertyDetails/2-BHK-1215-Sq-ft-Multistorey-Apartment-FOR-Rent-in-Kochi&id=4d423831393533313937#cardid-81953197 "HTTP/1.1 200 OK"
2026-07-14 16:13:17,745 [INFO] HTTP Request: GET https://www.magicbricks.com/yasoram-praseeda-apartments-gandhinagar-kochi-pdpid-4d4235313634393937#cardid-84518721 "HTTP/1.1 200 OK"
2026-07-14 16:13:21,615 [INFO] HTTP Request: GET https://www.magicbricks.com/propertyDetails/2-BHK-1100-Sq-ft-Residential-House-FOR-Rent-Edappally-in-Kochi&id=4d423834353234393339#cardid-84524939 "HTTP/1.1 200 OK"
2026-07-14 16:13:26,428 [INFO] HTTP Request: GET https://www.magicbricks.com/propertyDetails/3-BHK-1600-Sq-ft-Residential-House-FOR-Rent-Edappally-in-Kochi&id=4d423834373338363135#cardid-84738615 "HTTP/1.1 200 OK"
2026-07-14 16:13:31,390 [INFO] HTTP Request: GET https://www.magicbricks.com/propertyDetails/2-BHK-900-Sq-ft-Multistorey-Apartment-FOR-Rent-Kalamasery-in-Kochi&id=4d423834353235383133#cardid-84525813 "HTTP/1.1 200 OK"
2026-07-14 16:13:35,403 [INFO] HTTP Request: GET https://www.magicbricks.com/dlf-new-town-heights-thrikkakara-kochi-pdpid-4d4235303232373234#cardid-84524993 "HTTP/1.1 301 Moved Permanently"
2026-07-14 16:13:36,443 [INFO] HTTP Request: GET https://www.magicbricks.com/dlf-new-town-heights-kakkanad-kochi-pdpid-4d4235303232373234#cardid-84524993 "HTTP/1.1 200 OK"
2026-07-14 16:13:37,093 [WARNING] Amenities section shows 'View All Amenities (26)' but only 12 were captured from the static HTML — the rest are likely behind a click-to-expand this scraper doesn't drive. Got: ['Club House', 'Jogging and Strolling Track', 'Power Back Up', 'Swimming Pool', 'Lift', 'Security', 'Park', 'Reserved Parking', 'Intercom Facility', 'Bank & ATM', 'Banquet Hall', 'Gymnasium']
2026-07-14 16:13:37,093 [INFO] Detail-page enrichment complete: 98/117 listings got real coordinates, 68/117 got an amenities list
2026-07-14 16:13:37,095 [INFO] Scraped 117 total listings
2026-07-14 16:13:37,102 [INFO] Wrote 117 listings to scraped_listings.jsonl
